arm,workload,cache_state,entities,fields,source_sha256,source_bytes,nesting_scan_bytes,json_parser_deserializer_bytes,canonical_render_bytes,entity_records,formula_ast_nodes,reference_edges,formula_dependency_edges,serialized_spine_bytes,repetition,source_known_us,first_preview_us,semantic_or_scan_current_us
A0,payload_unicode_long_record,os_cache_warm,1000,1000,34e589a47ee4e9d238f4c8f4ffb4125bcaf1adff18075cc7e90852caa716d9dd,4753420,9504840,28514520,4753420,1000,0,0,0,0,0,,,83861
A1,payload_unicode_long_record,os_cache_warm,1000,1000,34e589a47ee4e9d238f4c8f4ffb4125bcaf1adff18075cc7e90852caa716d9dd,4753420,4752420,14257260,4753420,1000,0,0,0,0,0,77,223,43904
C-directory,payload_unicode_long_record,os_cache_warm,1000,1000,34e589a47ee4e9d238f4c8f4ffb4125bcaf1adff18075cc7e90852caa716d9dd,4753420,4752420,14257260,4753420,1000,0,0,0,247900,0,,,47872
C-structural,payload_unicode_long_record,os_cache_warm,1000,1000,34e589a47ee4e9d238f4c8f4ffb4125bcaf1adff18075cc7e90852caa716d9dd,4753420,4752420,14257260,4753420,1000,0,0,0,330009,0,,,48105
A1,payload_unicode_long_record,os_cache_warm,1000,1000,34e589a47ee4e9d238f4c8f4ffb4125bcaf1adff18075cc7e90852caa716d9dd,4753420,4752420,14257260,4753420,1000,0,0,0,0,1,54,187,43360
C-directory,payload_unicode_long_record,os_cache_warm,1000,1000,34e589a47ee4e9d238f4c8f4ffb4125bcaf1adff18075cc7e90852caa716d9dd,4753420,4752420,14257260,4753420,1000,0,0,0,247900,1,,,48147
C-structural,payload_unicode_long_record,os_cache_warm,1000,1000,34e589a47ee4e9d238f4c8f4ffb4125bcaf1adff18075cc7e90852caa716d9dd,4753420,4752420,14257260,4753420,1000,0,0,0,330009,1,,,48524
A0,payload_unicode_long_record,os_cache_warm,1000,1000,34e589a47ee4e9d238f4c8f4ffb4125bcaf1adff18075cc7e90852caa716d9dd,4753420,9504840,28514520,4753420,1000,0,0,0,0,1,,,83521
C-directory,payload_unicode_long_record,os_cache_warm,1000,1000,34e589a47ee4e9d238f4c8f4ffb4125bcaf1adff18075cc7e90852caa716d9dd,4753420,4752420,14257260,4753420,1000,0,0,0,247900,2,,,49098
C-structural,payload_unicode_long_record,os_cache_warm,1000,1000,34e589a47ee4e9d238f4c8f4ffb4125bcaf1adff18075cc7e90852caa716d9dd,4753420,4752420,14257260,4753420,1000,0,0,0,330009,2,,,48306
A0,payload_unicode_long_record,os_cache_warm,1000,1000,34e589a47ee4e9d238f4c8f4ffb4125bcaf1adff18075cc7e90852caa716d9dd,4753420,9504840,28514520,4753420,1000,0,0,0,0,2,,,83946
A1,payload_unicode_long_record,os_cache_warm,1000,1000,34e589a47ee4e9d238f4c8f4ffb4125bcaf1adff18075cc7e90852caa716d9dd,4753420,4752420,14257260,4753420,1000,0,0,0,0,2,71,220,43695
C-structural,payload_unicode_long_record,os_cache_warm,1000,1000,34e589a47ee4e9d238f4c8f4ffb4125bcaf1adff18075cc7e90852caa716d9dd,4753420,4752420,14257260,4753420,1000,0,0,0,330009,3,,,47745
A0,payload_unicode_long_record,os_cache_warm,1000,1000,34e589a47ee4e9d238f4c8f4ffb4125bcaf1adff18075cc7e90852caa716d9dd,4753420,9504840,28514520,4753420,1000,0,0,0,0,3,,,83088
A1,payload_unicode_long_record,os_cache_warm,1000,1000,34e589a47ee4e9d238f4c8f4ffb4125bcaf1adff18075cc7e90852caa716d9dd,4753420,4752420,14257260,4753420,1000,0,0,0,0,3,113,291,43761
C-directory,payload_unicode_long_record,os_cache_warm,1000,1000,34e589a47ee4e9d238f4c8f4ffb4125bcaf1adff18075cc7e90852caa716d9dd,4753420,4752420,14257260,4753420,1000,0,0,0,247900,3,,,48274
A0,payload_unicode_long_record,os_cache_warm,1000,1000,34e589a47ee4e9d238f4c8f4ffb4125bcaf1adff18075cc7e90852caa716d9dd,4753420,9504840,28514520,4753420,1000,0,0,0,0,4,,,85193
A1,payload_unicode_long_record,os_cache_warm,1000,1000,34e589a47ee4e9d238f4c8f4ffb4125bcaf1adff18075cc7e90852caa716d9dd,4753420,4752420,14257260,4753420,1000,0,0,0,0,4,81,245,43705
C-directory,payload_unicode_long_record,os_cache_warm,1000,1000,34e589a47ee4e9d238f4c8f4ffb4125bcaf1adff18075cc7e90852caa716d9dd,4753420,4752420,14257260,4753420,1000,0,0,0,247900,4,,,48579
C-structural,payload_unicode_long_record,os_cache_warm,1000,1000,34e589a47ee4e9d238f4c8f4ffb4125bcaf1adff18075cc7e90852caa716d9dd,4753420,4752420,14257260,4753420,1000,0,0,0,330009,4,,,47875
A1,payload_unicode_long_record,os_cache_warm,1000,1000,34e589a47ee4e9d238f4c8f4ffb4125bcaf1adff18075cc7e90852caa716d9dd,4753420,4752420,14257260,4753420,1000,0,0,0,0,5,102,315,43735
C-directory,payload_unicode_long_record,os_cache_warm,1000,1000,34e589a47ee4e9d238f4c8f4ffb4125bcaf1adff18075cc7e90852caa716d9dd,4753420,4752420,14257260,4753420,1000,0,0,0,247900,5,,,48589
C-structural,payload_unicode_long_record,os_cache_warm,1000,1000,34e589a47ee4e9d238f4c8f4ffb4125bcaf1adff18075cc7e90852caa716d9dd,4753420,4752420,14257260,4753420,1000,0,0,0,330009,5,,,48593
A0,payload_unicode_long_record,os_cache_warm,1000,1000,34e589a47ee4e9d238f4c8f4ffb4125bcaf1adff18075cc7e90852caa716d9dd,4753420,9504840,28514520,4753420,1000,0,0,0,0,5,,,83369
C-directory,payload_unicode_long_record,os_cache_warm,1000,1000,34e589a47ee4e9d238f4c8f4ffb4125bcaf1adff18075cc7e90852caa716d9dd,4753420,4752420,14257260,4753420,1000,0,0,0,247900,6,,,48195
C-structural,payload_unicode_long_record,os_cache_warm,1000,1000,34e589a47ee4e9d238f4c8f4ffb4125bcaf1adff18075cc7e90852caa716d9dd,4753420,4752420,14257260,4753420,1000,0,0,0,330009,6,,,49185
A0,payload_unicode_long_record,os_cache_warm,1000,1000,34e589a47ee4e9d238f4c8f4ffb4125bcaf1adff18075cc7e90852caa716d9dd,4753420,9504840,28514520,4753420,1000,0,0,0,0,6,,,84699
A1,payload_unicode_long_record,os_cache_warm,1000,1000,34e589a47ee4e9d238f4c8f4ffb4125bcaf1adff18075cc7e90852caa716d9dd,4753420,4752420,14257260,4753420,1000,0,0,0,0,6,85,260,43603
C-structural,payload_unicode_long_record,os_cache_warm,1000,1000,34e589a47ee4e9d238f4c8f4ffb4125bcaf1adff18075cc7e90852caa716d9dd,4753420,4752420,14257260,4753420,1000,0,0,0,330009,7,,,48378
A0,payload_unicode_long_record,os_cache_warm,1000,1000,34e589a47ee4e9d238f4c8f4ffb4125bcaf1adff18075cc7e90852caa716d9dd,4753420,9504840,28514520,4753420,1000,0,0,0,0,7,,,82823
A1,payload_unicode_long_record,os_cache_warm,1000,1000,34e589a47ee4e9d238f4c8f4ffb4125bcaf1adff18075cc7e90852caa716d9dd,4753420,4752420,14257260,4753420,1000,0,0,0,0,7,114,283,43605
C-directory,payload_unicode_long_record,os_cache_warm,1000,1000,34e589a47ee4e9d238f4c8f4ffb4125bcaf1adff18075cc7e90852caa716d9dd,4753420,4752420,14257260,4753420,1000,0,0,0,247900,7,,,47967
A0,payload_unicode_long_record,os_cache_warm,1000,1000,34e589a47ee4e9d238f4c8f4ffb4125bcaf1adff18075cc7e90852caa716d9dd,4753420,9504840,28514520,4753420,1000,0,0,0,0,8,,,82589
A1,payload_unicode_long_record,os_cache_warm,1000,1000,34e589a47ee4e9d238f4c8f4ffb4125bcaf1adff18075cc7e90852caa716d9dd,4753420,4752420,14257260,4753420,1000,0,0,0,0,8,82,226,43660
C-directory,payload_unicode_long_record,os_cache_warm,1000,1000,34e589a47ee4e9d238f4c8f4ffb4125bcaf1adff18075cc7e90852caa716d9dd,4753420,4752420,14257260,4753420,1000,0,0,0,247900,8,,,48114
C-structural,payload_unicode_long_record,os_cache_warm,1000,1000,34e589a47ee4e9d238f4c8f4ffb4125bcaf1adff18075cc7e90852caa716d9dd,4753420,4752420,14257260,4753420,1000,0,0,0,330009,8,,,48640
A1,payload_unicode_long_record,os_cache_warm,1000,1000,34e589a47ee4e9d238f4c8f4ffb4125bcaf1adff18075cc7e90852caa716d9dd,4753420,4752420,14257260,4753420,1000,0,0,0,0,9,127,304,43793
C-directory,payload_unicode_long_record,os_cache_warm,1000,1000,34e589a47ee4e9d238f4c8f4ffb4125bcaf1adff18075cc7e90852caa716d9dd,4753420,4752420,14257260,4753420,1000,0,0,0,247900,9,,,47819
C-structural,payload_unicode_long_record,os_cache_warm,1000,1000,34e589a47ee4e9d238f4c8f4ffb4125bcaf1adff18075cc7e90852caa716d9dd,4753420,4752420,14257260,4753420,1000,0,0,0,330009,9,,,48740
A0,payload_unicode_long_record,os_cache_warm,1000,1000,34e589a47ee4e9d238f4c8f4ffb4125bcaf1adff18075cc7e90852caa716d9dd,4753420,9504840,28514520,4753420,1000,0,0,0,0,9,,,84769
C-directory,payload_unicode_long_record,os_cache_warm,1000,1000,34e589a47ee4e9d238f4c8f4ffb4125bcaf1adff18075cc7e90852caa716d9dd,4753420,4752420,14257260,4753420,1000,0,0,0,247900,10,,,52065
C-structural,payload_unicode_long_record,os_cache_warm,1000,1000,34e589a47ee4e9d238f4c8f4ffb4125bcaf1adff18075cc7e90852caa716d9dd,4753420,4752420,14257260,4753420,1000,0,0,0,330009,10,,,50396
A0,payload_unicode_long_record,os_cache_warm,1000,1000,34e589a47ee4e9d238f4c8f4ffb4125bcaf1adff18075cc7e90852caa716d9dd,4753420,9504840,28514520,4753420,1000,0,0,0,0,10,,,86463
A1,payload_unicode_long_record,os_cache_warm,1000,1000,34e589a47ee4e9d238f4c8f4ffb4125bcaf1adff18075cc7e90852caa716d9dd,4753420,4752420,14257260,4753420,1000,0,0,0,0,10,101,265,43958
C-structural,payload_unicode_long_record,os_cache_warm,1000,1000,34e589a47ee4e9d238f4c8f4ffb4125bcaf1adff18075cc7e90852caa716d9dd,4753420,4752420,14257260,4753420,1000,0,0,0,330009,11,,,48863
A0,payload_unicode_long_record,os_cache_warm,1000,1000,34e589a47ee4e9d238f4c8f4ffb4125bcaf1adff18075cc7e90852caa716d9dd,4753420,9504840,28514520,4753420,1000,0,0,0,0,11,,,84083
A1,payload_unicode_long_record,os_cache_warm,1000,1000,34e589a47ee4e9d238f4c8f4ffb4125bcaf1adff18075cc7e90852caa716d9dd,4753420,4752420,14257260,4753420,1000,0,0,0,0,11,93,247,43918
C-directory,payload_unicode_long_record,os_cache_warm,1000,1000,34e589a47ee4e9d238f4c8f4ffb4125bcaf1adff18075cc7e90852caa716d9dd,4753420,4752420,14257260,4753420,1000,0,0,0,247900,11,,,48913
A0,payload_unicode_long_record,os_cache_warm,1000,1000,34e589a47ee4e9d238f4c8f4ffb4125bcaf1adff18075cc7e90852caa716d9dd,4753420,9504840,28514520,4753420,1000,0,0,0,0,12,,,83580
A1,payload_unicode_long_record,os_cache_warm,1000,1000,34e589a47ee4e9d238f4c8f4ffb4125bcaf1adff18075cc7e90852caa716d9dd,4753420,4752420,14257260,4753420,1000,0,0,0,0,12,125,328,43256
C-directory,payload_unicode_long_record,os_cache_warm,1000,1000,34e589a47ee4e9d238f4c8f4ffb4125bcaf1adff18075cc7e90852caa716d9dd,4753420,4752420,14257260,4753420,1000,0,0,0,247900,12,,,48205
C-structural,payload_unicode_long_record,os_cache_warm,1000,1000,34e589a47ee4e9d238f4c8f4ffb4125bcaf1adff18075cc7e90852caa716d9dd,4753420,4752420,14257260,4753420,1000,0,0,0,330009,12,,,48236
A1,payload_unicode_long_record,os_cache_warm,1000,1000,34e589a47ee4e9d238f4c8f4ffb4125bcaf1adff18075cc7e90852caa716d9dd,4753420,4752420,14257260,4753420,1000,0,0,0,0,13,78,240,43667
C-directory,payload_unicode_long_record,os_cache_warm,1000,1000,34e589a47ee4e9d238f4c8f4ffb4125bcaf1adff18075cc7e90852caa716d9dd,4753420,4752420,14257260,4753420,1000,0,0,0,247900,13,,,47608
C-structural,payload_unicode_long_record,os_cache_warm,1000,1000,34e589a47ee4e9d238f4c8f4ffb4125bcaf1adff18075cc7e90852caa716d9dd,4753420,4752420,14257260,4753420,1000,0,0,0,330009,13,,,47842
A0,payload_unicode_long_record,os_cache_warm,1000,1000,34e589a47ee4e9d238f4c8f4ffb4125bcaf1adff18075cc7e90852caa716d9dd,4753420,9504840,28514520,4753420,1000,0,0,0,0,13,,,84619
C-directory,payload_unicode_long_record,os_cache_warm,1000,1000,34e589a47ee4e9d238f4c8f4ffb4125bcaf1adff18075cc7e90852caa716d9dd,4753420,4752420,14257260,4753420,1000,0,0,0,247900,14,,,48437
C-structural,payload_unicode_long_record,os_cache_warm,1000,1000,34e589a47ee4e9d238f4c8f4ffb4125bcaf1adff18075cc7e90852caa716d9dd,4753420,4752420,14257260,4753420,1000,0,0,0,330009,14,,,48408
A0,payload_unicode_long_record,os_cache_warm,1000,1000,34e589a47ee4e9d238f4c8f4ffb4125bcaf1adff18075cc7e90852caa716d9dd,4753420,9504840,28514520,4753420,1000,0,0,0,0,14,,,83863
A1,payload_unicode_long_record,os_cache_warm,1000,1000,34e589a47ee4e9d238f4c8f4ffb4125bcaf1adff18075cc7e90852caa716d9dd,4753420,4752420,14257260,4753420,1000,0,0,0,0,14,118,290,43694
C-structural,payload_unicode_long_record,os_cache_warm,1000,1000,34e589a47ee4e9d238f4c8f4ffb4125bcaf1adff18075cc7e90852caa716d9dd,4753420,4752420,14257260,4753420,1000,0,0,0,330009,15,,,48076
A0,payload_unicode_long_record,os_cache_warm,1000,1000,34e589a47ee4e9d238f4c8f4ffb4125bcaf1adff18075cc7e90852caa716d9dd,4753420,9504840,28514520,4753420,1000,0,0,0,0,15,,,84642
A1,payload_unicode_long_record,os_cache_warm,1000,1000,34e589a47ee4e9d238f4c8f4ffb4125bcaf1adff18075cc7e90852caa716d9dd,4753420,4752420,14257260,4753420,1000,0,0,0,0,15,124,290,44073
C-directory,payload_unicode_long_record,os_cache_warm,1000,1000,34e589a47ee4e9d238f4c8f4ffb4125bcaf1adff18075cc7e90852caa716d9dd,4753420,4752420,14257260,4753420,1000,0,0,0,247900,15,,,48820
A0,payload_unicode_long_record,os_cache_warm,1000,1000,34e589a47ee4e9d238f4c8f4ffb4125bcaf1adff18075cc7e90852caa716d9dd,4753420,9504840,28514520,4753420,1000,0,0,0,0,16,,,84591
A1,payload_unicode_long_record,os_cache_warm,1000,1000,34e589a47ee4e9d238f4c8f4ffb4125bcaf1adff18075cc7e90852caa716d9dd,4753420,4752420,14257260,4753420,1000,0,0,0,0,16,74,222,43707
C-directory,payload_unicode_long_record,os_cache_warm,1000,1000,34e589a47ee4e9d238f4c8f4ffb4125bcaf1adff18075cc7e90852caa716d9dd,4753420,4752420,14257260,4753420,1000,0,0,0,247900,16,,,49101
C-structural,payload_unicode_long_record,os_cache_warm,1000,1000,34e589a47ee4e9d238f4c8f4ffb4125bcaf1adff18075cc7e90852caa716d9dd,4753420,4752420,14257260,4753420,1000,0,0,0,330009,16,,,48460
A1,payload_unicode_long_record,os_cache_warm,1000,1000,34e589a47ee4e9d238f4c8f4ffb4125bcaf1adff18075cc7e90852caa716d9dd,4753420,4752420,14257260,4753420,1000,0,0,0,0,17,60,191,44064
C-directory,payload_unicode_long_record,os_cache_warm,1000,1000,34e589a47ee4e9d238f4c8f4ffb4125bcaf1adff18075cc7e90852caa716d9dd,4753420,4752420,14257260,4753420,1000,0,0,0,247900,17,,,47976
C-structural,payload_unicode_long_record,os_cache_warm,1000,1000,34e589a47ee4e9d238f4c8f4ffb4125bcaf1adff18075cc7e90852caa716d9dd,4753420,4752420,14257260,4753420,1000,0,0,0,330009,17,,,48135
A0,payload_unicode_long_record,os_cache_warm,1000,1000,34e589a47ee4e9d238f4c8f4ffb4125bcaf1adff18075cc7e90852caa716d9dd,4753420,9504840,28514520,4753420,1000,0,0,0,0,17,,,83889
C-directory,payload_unicode_long_record,os_cache_warm,1000,1000,34e589a47ee4e9d238f4c8f4ffb4125bcaf1adff18075cc7e90852caa716d9dd,4753420,4752420,14257260,4753420,1000,0,0,0,247900,18,,,50321
C-structural,payload_unicode_long_record,os_cache_warm,1000,1000,34e589a47ee4e9d238f4c8f4ffb4125bcaf1adff18075cc7e90852caa716d9dd,4753420,4752420,14257260,4753420,1000,0,0,0,330009,18,,,48237
A0,payload_unicode_long_record,os_cache_warm,1000,1000,34e589a47ee4e9d238f4c8f4ffb4125bcaf1adff18075cc7e90852caa716d9dd,4753420,9504840,28514520,4753420,1000,0,0,0,0,18,,,83322
A1,payload_unicode_long_record,os_cache_warm,1000,1000,34e589a47ee4e9d238f4c8f4ffb4125bcaf1adff18075cc7e90852caa716d9dd,4753420,4752420,14257260,4753420,1000,0,0,0,0,18,58,192,43792
C-structural,payload_unicode_long_record,os_cache_warm,1000,1000,34e589a47ee4e9d238f4c8f4ffb4125bcaf1adff18075cc7e90852caa716d9dd,4753420,4752420,14257260,4753420,1000,0,0,0,330009,19,,,49260
A0,payload_unicode_long_record,os_cache_warm,1000,1000,34e589a47ee4e9d238f4c8f4ffb4125bcaf1adff18075cc7e90852caa716d9dd,4753420,9504840,28514520,4753420,1000,0,0,0,0,19,,,83972
A1,payload_unicode_long_record,os_cache_warm,1000,1000,34e589a47ee4e9d238f4c8f4ffb4125bcaf1adff18075cc7e90852caa716d9dd,4753420,4752420,14257260,4753420,1000,0,0,0,0,19,65,200,43989
C-directory,payload_unicode_long_record,os_cache_warm,1000,1000,34e589a47ee4e9d238f4c8f4ffb4125bcaf1adff18075cc7e90852caa716d9dd,4753420,4752420,14257260,4753420,1000,0,0,0,247900,19,,,49815
A0,reference_heavy,os_cache_warm,1000,16000,d4a12c929db082b70e9618437d4efbc9e664443a544f1df1ff4886c5d9bd855a,1333778,2665556,7996668,1333778,1000,0,16000,0,0,0,,,50377
A1,reference_heavy,os_cache_warm,1000,16000,d4a12c929db082b70e9618437d4efbc9e664443a544f1df1ff4886c5d9bd855a,1333778,1332778,3998334,1333778,1000,0,16000,0,0,0,111,305,23850
C-directory,reference_heavy,os_cache_warm,1000,16000,d4a12c929db082b70e9618437d4efbc9e664443a544f1df1ff4886c5d9bd855a,1333778,1332778,3998334,1333778,1000,0,16000,0,255148,0,,,34612
C-structural,reference_heavy,os_cache_warm,1000,16000,d4a12c929db082b70e9618437d4efbc9e664443a544f1df1ff4886c5d9bd855a,1333778,1332778,3998334,1333778,1000,0,16000,0,3759256,0,,,33995
A1,reference_heavy,os_cache_warm,1000,16000,d4a12c929db082b70e9618437d4efbc9e664443a544f1df1ff4886c5d9bd855a,1333778,1332778,3998334,1333778,1000,0,16000,0,0,1,102,298,24479
C-directory,reference_heavy,os_cache_warm,1000,16000,d4a12c929db082b70e9618437d4efbc9e664443a544f1df1ff4886c5d9bd855a,1333778,1332778,3998334,1333778,1000,0,16000,0,255148,1,,,34351
C-structural,reference_heavy,os_cache_warm,1000,16000,d4a12c929db082b70e9618437d4efbc9e664443a544f1df1ff4886c5d9bd855a,1333778,1332778,3998334,1333778,1000,0,16000,0,3759256,1,,,34016
A0,reference_heavy,os_cache_warm,1000,16000,d4a12c929db082b70e9618437d4efbc9e664443a544f1df1ff4886c5d9bd855a,1333778,2665556,7996668,1333778,1000,0,16000,0,0,1,,,48338
C-directory,reference_heavy,os_cache_warm,1000,16000,d4a12c929db082b70e9618437d4efbc9e664443a544f1df1ff4886c5d9bd855a,1333778,1332778,3998334,1333778,1000,0,16000,0,255148,2,,,34145
C-structural,reference_heavy,os_cache_warm,1000,16000,d4a12c929db082b70e9618437d4efbc9e664443a544f1df1ff4886c5d9bd855a,1333778,1332778,3998334,1333778,1000,0,16000,0,3759256,2,,,34785
A0,reference_heavy,os_cache_warm,1000,16000,d4a12c929db082b70e9618437d4efbc9e664443a544f1df1ff4886c5d9bd855a,1333778,2665556,7996668,1333778,1000,0,16000,0,0,2,,,48472
A1,reference_heavy,os_cache_warm,1000,16000,d4a12c929db082b70e9618437d4efbc9e664443a544f1df1ff4886c5d9bd855a,1333778,1332778,3998334,1333778,1000,0,16000,0,0,2,63,221,24575
C-structural,reference_heavy,os_cache_warm,1000,16000,d4a12c929db082b70e9618437d4efbc9e664443a544f1df1ff4886c5d9bd855a,1333778,1332778,3998334,1333778,1000,0,16000,0,3759256,3,,,34556
A0,reference_heavy,os_cache_warm,1000,16000,d4a12c929db082b70e9618437d4efbc9e664443a544f1df1ff4886c5d9bd855a,1333778,2665556,7996668,1333778,1000,0,16000,0,0,3,,,48903
A1,reference_heavy,os_cache_warm,1000,16000,d4a12c929db082b70e9618437d4efbc9e664443a544f1df1ff4886c5d9bd855a,1333778,1332778,3998334,1333778,1000,0,16000,0,0,3,67,230,24523
C-directory,reference_heavy,os_cache_warm,1000,16000,d4a12c929db082b70e9618437d4efbc9e664443a544f1df1ff4886c5d9bd855a,1333778,1332778,3998334,1333778,1000,0,16000,0,255148,3,,,34845
A0,reference_heavy,os_cache_warm,1000,16000,d4a12c929db082b70e9618437d4efbc9e664443a544f1df1ff4886c5d9bd855a,1333778,2665556,7996668,1333778,1000,0,16000,0,0,4,,,49197
A1,reference_heavy,os_cache_warm,1000,16000,d4a12c929db082b70e9618437d4efbc9e664443a544f1df1ff4886c5d9bd855a,1333778,1332778,3998334,1333778,1000,0,16000,0,0,4,125,341,24683
C-directory,reference_heavy,os_cache_warm,1000,16000,d4a12c929db082b70e9618437d4efbc9e664443a544f1df1ff4886c5d9bd855a,1333778,1332778,3998334,1333778,1000,0,16000,0,255148,4,,,35105
C-structural,reference_heavy,os_cache_warm,1000,16000,d4a12c929db082b70e9618437d4efbc9e664443a544f1df1ff4886c5d9bd855a,1333778,1332778,3998334,1333778,1000,0,16000,0,3759256,4,,,35568
A1,reference_heavy,os_cache_warm,1000,16000,d4a12c929db082b70e9618437d4efbc9e664443a544f1df1ff4886c5d9bd855a,1333778,1332778,3998334,1333778,1000,0,16000,0,0,5,92,374,24160
C-directory,reference_heavy,os_cache_warm,1000,16000,d4a12c929db082b70e9618437d4efbc9e664443a544f1df1ff4886c5d9bd855a,1333778,1332778,3998334,1333778,1000,0,16000,0,255148,5,,,34806
C-structural,reference_heavy,os_cache_warm,1000,16000,d4a12c929db082b70e9618437d4efbc9e664443a544f1df1ff4886c5d9bd855a,1333778,1332778,3998334,1333778,1000,0,16000,0,3759256,5,,,36745
A0,reference_heavy,os_cache_warm,1000,16000,d4a12c929db082b70e9618437d4efbc9e664443a544f1df1ff4886c5d9bd855a,1333778,2665556,7996668,1333778,1000,0,16000,0,0,5,,,48791
C-directory,reference_heavy,os_cache_warm,1000,16000,d4a12c929db082b70e9618437d4efbc9e664443a544f1df1ff4886c5d9bd855a,1333778,1332778,3998334,1333778,1000,0,16000,0,255148,6,,,34869
C-structural,reference_heavy,os_cache_warm,1000,16000,d4a12c929db082b70e9618437d4efbc9e664443a544f1df1ff4886c5d9bd855a,1333778,1332778,3998334,1333778,1000,0,16000,0,3759256,6,,,34530
A0,reference_heavy,os_cache_warm,1000,16000,d4a12c929db082b70e9618437d4efbc9e664443a544f1df1ff4886c5d9bd855a,1333778,2665556,7996668,1333778,1000,0,16000,0,0,6,,,48437
A1,reference_heavy,os_cache_warm,1000,16000,d4a12c929db082b70e9618437d4efbc9e664443a544f1df1ff4886c5d9bd855a,1333778,1332778,3998334,1333778,1000,0,16000,0,0,6,58,204,24763
C-structural,reference_heavy,os_cache_warm,1000,16000,d4a12c929db082b70e9618437d4efbc9e664443a544f1df1ff4886c5d9bd855a,1333778,1332778,3998334,1333778,1000,0,16000,0,3759256,7,,,34246
A0,reference_heavy,os_cache_warm,1000,16000,d4a12c929db082b70e9618437d4efbc9e664443a544f1df1ff4886c5d9bd855a,1333778,2665556,7996668,1333778,1000,0,16000,0,0,7,,,50648
A1,reference_heavy,os_cache_warm,1000,16000,d4a12c929db082b70e9618437d4efbc9e664443a544f1df1ff4886c5d9bd855a,1333778,1332778,3998334,1333778,1000,0,16000,0,0,7,122,317,24219
C-directory,reference_heavy,os_cache_warm,1000,16000,d4a12c929db082b70e9618437d4efbc9e664443a544f1df1ff4886c5d9bd855a,1333778,1332778,3998334,1333778,1000,0,16000,0,255148,7,,,34688
A0,reference_heavy,os_cache_warm,1000,16000,d4a12c929db082b70e9618437d4efbc9e664443a544f1df1ff4886c5d9bd855a,1333778,2665556,7996668,1333778,1000,0,16000,0,0,8,,,49214
A1,reference_heavy,os_cache_warm,1000,16000,d4a12c929db082b70e9618437d4efbc9e664443a544f1df1ff4886c5d9bd855a,1333778,1332778,3998334,1333778,1000,0,16000,0,0,8,119,312,24741
C-directory,reference_heavy,os_cache_warm,1000,16000,d4a12c929db082b70e9618437d4efbc9e664443a544f1df1ff4886c5d9bd855a,1333778,1332778,3998334,1333778,1000,0,16000,0,255148,8,,,34380
C-structural,reference_heavy,os_cache_warm,1000,16000,d4a12c929db082b70e9618437d4efbc9e664443a544f1df1ff4886c5d9bd855a,1333778,1332778,3998334,1333778,1000,0,16000,0,3759256,8,,,35339
A1,reference_heavy,os_cache_warm,1000,16000,d4a12c929db082b70e9618437d4efbc9e664443a544f1df1ff4886c5d9bd855a,1333778,1332778,3998334,1333778,1000,0,16000,0,0,9,49,192,24942
C-directory,reference_heavy,os_cache_warm,1000,16000,d4a12c929db082b70e9618437d4efbc9e664443a544f1df1ff4886c5d9bd855a,1333778,1332778,3998334,1333778,1000,0,16000,0,255148,9,,,34708
C-structural,reference_heavy,os_cache_warm,1000,16000,d4a12c929db082b70e9618437d4efbc9e664443a544f1df1ff4886c5d9bd855a,1333778,1332778,3998334,1333778,1000,0,16000,0,3759256,9,,,35429
A0,reference_heavy,os_cache_warm,1000,16000,d4a12c929db082b70e9618437d4efbc9e664443a544f1df1ff4886c5d9bd855a,1333778,2665556,7996668,1333778,1000,0,16000,0,0,9,,,49746
C-directory,reference_heavy,os_cache_warm,1000,16000,d4a12c929db082b70e9618437d4efbc9e664443a544f1df1ff4886c5d9bd855a,1333778,1332778,3998334,1333778,1000,0,16000,0,255148,10,,,34369
C-structural,reference_heavy,os_cache_warm,1000,16000,d4a12c929db082b70e9618437d4efbc9e664443a544f1df1ff4886c5d9bd855a,1333778,1332778,3998334,1333778,1000,0,16000,0,3759256,10,,,34836
A0,reference_heavy,os_cache_warm,1000,16000,d4a12c929db082b70e9618437d4efbc9e664443a544f1df1ff4886c5d9bd855a,1333778,2665556,7996668,1333778,1000,0,16000,0,0,10,,,48104
A1,reference_heavy,os_cache_warm,1000,16000,d4a12c929db082b70e9618437d4efbc9e664443a544f1df1ff4886c5d9bd855a,1333778,1332778,3998334,1333778,1000,0,16000,0,0,10,75,228,24376
C-structural,reference_heavy,os_cache_warm,1000,16000,d4a12c929db082b70e9618437d4efbc9e664443a544f1df1ff4886c5d9bd855a,1333778,1332778,3998334,1333778,1000,0,16000,0,3759256,11,,,34929
A0,reference_heavy,os_cache_warm,1000,16000,d4a12c929db082b70e9618437d4efbc9e664443a544f1df1ff4886c5d9bd855a,1333778,2665556,7996668,1333778,1000,0,16000,0,0,11,,,49558
A1,reference_heavy,os_cache_warm,1000,16000,d4a12c929db082b70e9618437d4efbc9e664443a544f1df1ff4886c5d9bd855a,1333778,1332778,3998334,1333778,1000,0,16000,0,0,11,68,219,24837
C-directory,reference_heavy,os_cache_warm,1000,16000,d4a12c929db082b70e9618437d4efbc9e664443a544f1df1ff4886c5d9bd855a,1333778,1332778,3998334,1333778,1000,0,16000,0,255148,11,,,35517
A0,reference_heavy,os_cache_warm,1000,16000,d4a12c929db082b70e9618437d4efbc9e664443a544f1df1ff4886c5d9bd855a,1333778,2665556,7996668,1333778,1000,0,16000,0,0,12,,,49915
A1,reference_heavy,os_cache_warm,1000,16000,d4a12c929db082b70e9618437d4efbc9e664443a544f1df1ff4886c5d9bd855a,1333778,1332778,3998334,1333778,1000,0,16000,0,0,12,76,241,24170
C-directory,reference_heavy,os_cache_warm,1000,16000,d4a12c929db082b70e9618437d4efbc9e664443a544f1df1ff4886c5d9bd855a,1333778,1332778,3998334,1333778,1000,0,16000,0,255148,12,,,34768
C-structural,reference_heavy,os_cache_warm,1000,16000,d4a12c929db082b70e9618437d4efbc9e664443a544f1df1ff4886c5d9bd855a,1333778,1332778,3998334,1333778,1000,0,16000,0,3759256,12,,,34289
A1,reference_heavy,os_cache_warm,1000,16000,d4a12c929db082b70e9618437d4efbc9e664443a544f1df1ff4886c5d9bd855a,1333778,1332778,3998334,1333778,1000,0,16000,0,0,13,47,196,23437
C-directory,reference_heavy,os_cache_warm,1000,16000,d4a12c929db082b70e9618437d4efbc9e664443a544f1df1ff4886c5d9bd855a,1333778,1332778,3998334,1333778,1000,0,16000,0,255148,13,,,35047
C-structural,reference_heavy,os_cache_warm,1000,16000,d4a12c929db082b70e9618437d4efbc9e664443a544f1df1ff4886c5d9bd855a,1333778,1332778,3998334,1333778,1000,0,16000,0,3759256,13,,,34451
A0,reference_heavy,os_cache_warm,1000,16000,d4a12c929db082b70e9618437d4efbc9e664443a544f1df1ff4886c5d9bd855a,1333778,2665556,7996668,1333778,1000,0,16000,0,0,13,,,48197
C-directory,reference_heavy,os_cache_warm,1000,16000,d4a12c929db082b70e9618437d4efbc9e664443a544f1df1ff4886c5d9bd855a,1333778,1332778,3998334,1333778,1000,0,16000,0,255148,14,,,34073
C-structural,reference_heavy,os_cache_warm,1000,16000,d4a12c929db082b70e9618437d4efbc9e664443a544f1df1ff4886c5d9bd855a,1333778,1332778,3998334,1333778,1000,0,16000,0,3759256,14,,,34325
A0,reference_heavy,os_cache_warm,1000,16000,d4a12c929db082b70e9618437d4efbc9e664443a544f1df1ff4886c5d9bd855a,1333778,2665556,7996668,1333778,1000,0,16000,0,0,14,,,48478
A1,reference_heavy,os_cache_warm,1000,16000,d4a12c929db082b70e9618437d4efbc9e664443a544f1df1ff4886c5d9bd855a,1333778,1332778,3998334,1333778,1000,0,16000,0,0,14,113,294,24405
C-structural,reference_heavy,os_cache_warm,1000,16000,d4a12c929db082b70e9618437d4efbc9e664443a544f1df1ff4886c5d9bd855a,1333778,1332778,3998334,1333778,1000,0,16000,0,3759256,15,,,34152
A0,reference_heavy,os_cache_warm,1000,16000,d4a12c929db082b70e9618437d4efbc9e664443a544f1df1ff4886c5d9bd855a,1333778,2665556,7996668,1333778,1000,0,16000,0,0,15,,,48630
A1,reference_heavy,os_cache_warm,1000,16000,d4a12c929db082b70e9618437d4efbc9e664443a544f1df1ff4886c5d9bd855a,1333778,1332778,3998334,1333778,1000,0,16000,0,0,15,58,220,23963
C-directory,reference_heavy,os_cache_warm,1000,16000,d4a12c929db082b70e9618437d4efbc9e664443a544f1df1ff4886c5d9bd855a,1333778,1332778,3998334,1333778,1000,0,16000,0,255148,15,,,34401
A0,reference_heavy,os_cache_warm,1000,16000,d4a12c929db082b70e9618437d4efbc9e664443a544f1df1ff4886c5d9bd855a,1333778,2665556,7996668,1333778,1000,0,16000,0,0,16,,,47759
A1,reference_heavy,os_cache_warm,1000,16000,d4a12c929db082b70e9618437d4efbc9e664443a544f1df1ff4886c5d9bd855a,1333778,1332778,3998334,1333778,1000,0,16000,0,0,16,46,185,24064
C-directory,reference_heavy,os_cache_warm,1000,16000,d4a12c929db082b70e9618437d4efbc9e664443a544f1df1ff4886c5d9bd855a,1333778,1332778,3998334,1333778,1000,0,16000,0,255148,16,,,34240
C-structural,reference_heavy,os_cache_warm,1000,16000,d4a12c929db082b70e9618437d4efbc9e664443a544f1df1ff4886c5d9bd855a,1333778,1332778,3998334,1333778,1000,0,16000,0,3759256,16,,,34048
A1,reference_heavy,os_cache_warm,1000,16000,d4a12c929db082b70e9618437d4efbc9e664443a544f1df1ff4886c5d9bd855a,1333778,1332778,3998334,1333778,1000,0,16000,0,0,17,65,214,23580
C-directory,reference_heavy,os_cache_warm,1000,16000,d4a12c929db082b70e9618437d4efbc9e664443a544f1df1ff4886c5d9bd855a,1333778,1332778,3998334,1333778,1000,0,16000,0,255148,17,,,34495
C-structural,reference_heavy,os_cache_warm,1000,16000,d4a12c929db082b70e9618437d4efbc9e664443a544f1df1ff4886c5d9bd855a,1333778,1332778,3998334,1333778,1000,0,16000,0,3759256,17,,,34890
A0,reference_heavy,os_cache_warm,1000,16000,d4a12c929db082b70e9618437d4efbc9e664443a544f1df1ff4886c5d9bd855a,1333778,2665556,7996668,1333778,1000,0,16000,0,0,17,,,48279
C-directory,reference_heavy,os_cache_warm,1000,16000,d4a12c929db082b70e9618437d4efbc9e664443a544f1df1ff4886c5d9bd855a,1333778,1332778,3998334,1333778,1000,0,16000,0,255148,18,,,34381
C-structural,reference_heavy,os_cache_warm,1000,16000,d4a12c929db082b70e9618437d4efbc9e664443a544f1df1ff4886c5d9bd855a,1333778,1332778,3998334,1333778,1000,0,16000,0,3759256,18,,,34448
A0,reference_heavy,os_cache_warm,1000,16000,d4a12c929db082b70e9618437d4efbc9e664443a544f1df1ff4886c5d9bd855a,1333778,2665556,7996668,1333778,1000,0,16000,0,0,18,,,49701
A1,reference_heavy,os_cache_warm,1000,16000,d4a12c929db082b70e9618437d4efbc9e664443a544f1df1ff4886c5d9bd855a,1333778,1332778,3998334,1333778,1000,0,16000,0,0,18,95,252,23848
C-structural,reference_heavy,os_cache_warm,1000,16000,d4a12c929db082b70e9618437d4efbc9e664443a544f1df1ff4886c5d9bd855a,1333778,1332778,3998334,1333778,1000,0,16000,0,3759256,19,,,34154
A0,reference_heavy,os_cache_warm,1000,16000,d4a12c929db082b70e9618437d4efbc9e664443a544f1df1ff4886c5d9bd855a,1333778,2665556,7996668,1333778,1000,0,16000,0,0,19,,,49319
A1,reference_heavy,os_cache_warm,1000,16000,d4a12c929db082b70e9618437d4efbc9e664443a544f1df1ff4886c5d9bd855a,1333778,1332778,3998334,1333778,1000,0,16000,0,0,19,114,286,24030
C-directory,reference_heavy,os_cache_warm,1000,16000,d4a12c929db082b70e9618437d4efbc9e664443a544f1df1ff4886c5d9bd855a,1333778,1332778,3998334,1333778,1000,0,16000,0,255148,19,,,34012
A0,formula_edge_heavy,os_cache_warm,1000,2000,0de22a4e9e82fa4f415fe9c87d3829eaba044e0e5ccbc52574cb9c87f4e2c766,2032573,4063146,12189438,2032573,1000,31000,0,16000,0,0,,,85091
A1,formula_edge_heavy,os_cache_warm,1000,2000,0de22a4e9e82fa4f415fe9c87d3829eaba044e0e5ccbc52574cb9c87f4e2c766,2032573,2031573,6094719,2032573,1000,31000,0,16000,0,0,66,199,41231
C-directory,formula_edge_heavy,os_cache_warm,1000,2000,0de22a4e9e82fa4f415fe9c87d3829eaba044e0e5ccbc52574cb9c87f4e2c766,2032573,2031573,6094719,2032573,1000,31000,0,16000,247493,0,,,48821
C-structural,formula_edge_heavy,os_cache_warm,1000,2000,0de22a4e9e82fa4f415fe9c87d3829eaba044e0e5ccbc52574cb9c87f4e2c766,2032573,2031573,6094719,2032573,1000,31000,0,16000,2398600,0,,,55738
A1,formula_edge_heavy,os_cache_warm,1000,2000,0de22a4e9e82fa4f415fe9c87d3829eaba044e0e5ccbc52574cb9c87f4e2c766,2032573,2031573,6094719,2032573,1000,31000,0,16000,0,1,66,215,41669
C-directory,formula_edge_heavy,os_cache_warm,1000,2000,0de22a4e9e82fa4f415fe9c87d3829eaba044e0e5ccbc52574cb9c87f4e2c766,2032573,2031573,6094719,2032573,1000,31000,0,16000,247493,1,,,48586
C-structural,formula_edge_heavy,os_cache_warm,1000,2000,0de22a4e9e82fa4f415fe9c87d3829eaba044e0e5ccbc52574cb9c87f4e2c766,2032573,2031573,6094719,2032573,1000,31000,0,16000,2398600,1,,,55911
A0,formula_edge_heavy,os_cache_warm,1000,2000,0de22a4e9e82fa4f415fe9c87d3829eaba044e0e5ccbc52574cb9c87f4e2c766,2032573,4063146,12189438,2032573,1000,31000,0,16000,0,1,,,82756
C-directory,formula_edge_heavy,os_cache_warm,1000,2000,0de22a4e9e82fa4f415fe9c87d3829eaba044e0e5ccbc52574cb9c87f4e2c766,2032573,2031573,6094719,2032573,1000,31000,0,16000,247493,2,,,48967
C-structural,formula_edge_heavy,os_cache_warm,1000,2000,0de22a4e9e82fa4f415fe9c87d3829eaba044e0e5ccbc52574cb9c87f4e2c766,2032573,2031573,6094719,2032573,1000,31000,0,16000,2398600,2,,,55160
A0,formula_edge_heavy,os_cache_warm,1000,2000,0de22a4e9e82fa4f415fe9c87d3829eaba044e0e5ccbc52574cb9c87f4e2c766,2032573,4063146,12189438,2032573,1000,31000,0,16000,0,2,,,82737
A1,formula_edge_heavy,os_cache_warm,1000,2000,0de22a4e9e82fa4f415fe9c87d3829eaba044e0e5ccbc52574cb9c87f4e2c766,2032573,2031573,6094719,2032573,1000,31000,0,16000,0,2,99,262,40892
C-structural,formula_edge_heavy,os_cache_warm,1000,2000,0de22a4e9e82fa4f415fe9c87d3829eaba044e0e5ccbc52574cb9c87f4e2c766,2032573,2031573,6094719,2032573,1000,31000,0,16000,2398600,3,,,56574
A0,formula_edge_heavy,os_cache_warm,1000,2000,0de22a4e9e82fa4f415fe9c87d3829eaba044e0e5ccbc52574cb9c87f4e2c766,2032573,4063146,12189438,2032573,1000,31000,0,16000,0,3,,,81662
A1,formula_edge_heavy,os_cache_warm,1000,2000,0de22a4e9e82fa4f415fe9c87d3829eaba044e0e5ccbc52574cb9c87f4e2c766,2032573,2031573,6094719,2032573,1000,31000,0,16000,0,3,94,236,41462
C-directory,formula_edge_heavy,os_cache_warm,1000,2000,0de22a4e9e82fa4f415fe9c87d3829eaba044e0e5ccbc52574cb9c87f4e2c766,2032573,2031573,6094719,2032573,1000,31000,0,16000,247493,3,,,48401
A0,formula_edge_heavy,os_cache_warm,1000,2000,0de22a4e9e82fa4f415fe9c87d3829eaba044e0e5ccbc52574cb9c87f4e2c766,2032573,4063146,12189438,2032573,1000,31000,0,16000,0,4,,,81736
A1,formula_edge_heavy,os_cache_warm,1000,2000,0de22a4e9e82fa4f415fe9c87d3829eaba044e0e5ccbc52574cb9c87f4e2c766,2032573,2031573,6094719,2032573,1000,31000,0,16000,0,4,80,242,41881
C-directory,formula_edge_heavy,os_cache_warm,1000,2000,0de22a4e9e82fa4f415fe9c87d3829eaba044e0e5ccbc52574cb9c87f4e2c766,2032573,2031573,6094719,2032573,1000,31000,0,16000,247493,4,,,49170
C-structural,formula_edge_heavy,os_cache_warm,1000,2000,0de22a4e9e82fa4f415fe9c87d3829eaba044e0e5ccbc52574cb9c87f4e2c766,2032573,2031573,6094719,2032573,1000,31000,0,16000,2398600,4,,,56998
A1,formula_edge_heavy,os_cache_warm,1000,2000,0de22a4e9e82fa4f415fe9c87d3829eaba044e0e5ccbc52574cb9c87f4e2c766,2032573,2031573,6094719,2032573,1000,31000,0,16000,0,5,126,312,42054
C-directory,formula_edge_heavy,os_cache_warm,1000,2000,0de22a4e9e82fa4f415fe9c87d3829eaba044e0e5ccbc52574cb9c87f4e2c766,2032573,2031573,6094719,2032573,1000,31000,0,16000,247493,5,,,49245
C-structural,formula_edge_heavy,os_cache_warm,1000,2000,0de22a4e9e82fa4f415fe9c87d3829eaba044e0e5ccbc52574cb9c87f4e2c766,2032573,2031573,6094719,2032573,1000,31000,0,16000,2398600,5,,,56661
A0,formula_edge_heavy,os_cache_warm,1000,2000,0de22a4e9e82fa4f415fe9c87d3829eaba044e0e5ccbc52574cb9c87f4e2c766,2032573,4063146,12189438,2032573,1000,31000,0,16000,0,5,,,82699
C-directory,formula_edge_heavy,os_cache_warm,1000,2000,0de22a4e9e82fa4f415fe9c87d3829eaba044e0e5ccbc52574cb9c87f4e2c766,2032573,2031573,6094719,2032573,1000,31000,0,16000,247493,6,,,49587
C-structural,formula_edge_heavy,os_cache_warm,1000,2000,0de22a4e9e82fa4f415fe9c87d3829eaba044e0e5ccbc52574cb9c87f4e2c766,2032573,2031573,6094719,2032573,1000,31000,0,16000,2398600,6,,,56154
A0,formula_edge_heavy,os_cache_warm,1000,2000,0de22a4e9e82fa4f415fe9c87d3829eaba044e0e5ccbc52574cb9c87f4e2c766,2032573,4063146,12189438,2032573,1000,31000,0,16000,0,6,,,84307
A1,formula_edge_heavy,os_cache_warm,1000,2000,0de22a4e9e82fa4f415fe9c87d3829eaba044e0e5ccbc52574cb9c87f4e2c766,2032573,2031573,6094719,2032573,1000,31000,0,16000,0,6,130,314,41310
C-structural,formula_edge_heavy,os_cache_warm,1000,2000,0de22a4e9e82fa4f415fe9c87d3829eaba044e0e5ccbc52574cb9c87f4e2c766,2032573,2031573,6094719,2032573,1000,31000,0,16000,2398600,7,,,56839
A0,formula_edge_heavy,os_cache_warm,1000,2000,0de22a4e9e82fa4f415fe9c87d3829eaba044e0e5ccbc52574cb9c87f4e2c766,2032573,4063146,12189438,2032573,1000,31000,0,16000,0,7,,,84740
A1,formula_edge_heavy,os_cache_warm,1000,2000,0de22a4e9e82fa4f415fe9c87d3829eaba044e0e5ccbc52574cb9c87f4e2c766,2032573,2031573,6094719,2032573,1000,31000,0,16000,0,7,127,320,41592
C-directory,formula_edge_heavy,os_cache_warm,1000,2000,0de22a4e9e82fa4f415fe9c87d3829eaba044e0e5ccbc52574cb9c87f4e2c766,2032573,2031573,6094719,2032573,1000,31000,0,16000,247493,7,,,49321
A0,formula_edge_heavy,os_cache_warm,1000,2000,0de22a4e9e82fa4f415fe9c87d3829eaba044e0e5ccbc52574cb9c87f4e2c766,2032573,4063146,12189438,2032573,1000,31000,0,16000,0,8,,,82685
A1,formula_edge_heavy,os_cache_warm,1000,2000,0de22a4e9e82fa4f415fe9c87d3829eaba044e0e5ccbc52574cb9c87f4e2c766,2032573,2031573,6094719,2032573,1000,31000,0,16000,0,8,81,231,40983
C-directory,formula_edge_heavy,os_cache_warm,1000,2000,0de22a4e9e82fa4f415fe9c87d3829eaba044e0e5ccbc52574cb9c87f4e2c766,2032573,2031573,6094719,2032573,1000,31000,0,16000,247493,8,,,49594
C-structural,formula_edge_heavy,os_cache_warm,1000,2000,0de22a4e9e82fa4f415fe9c87d3829eaba044e0e5ccbc52574cb9c87f4e2c766,2032573,2031573,6094719,2032573,1000,31000,0,16000,2398600,8,,,56999
A1,formula_edge_heavy,os_cache_warm,1000,2000,0de22a4e9e82fa4f415fe9c87d3829eaba044e0e5ccbc52574cb9c87f4e2c766,2032573,2031573,6094719,2032573,1000,31000,0,16000,0,9,63,203,41822
C-directory,formula_edge_heavy,os_cache_warm,1000,2000,0de22a4e9e82fa4f415fe9c87d3829eaba044e0e5ccbc52574cb9c87f4e2c766,2032573,2031573,6094719,2032573,1000,31000,0,16000,247493,9,,,48562
C-structural,formula_edge_heavy,os_cache_warm,1000,2000,0de22a4e9e82fa4f415fe9c87d3829eaba044e0e5ccbc52574cb9c87f4e2c766,2032573,2031573,6094719,2032573,1000,31000,0,16000,2398600,9,,,55564
A0,formula_edge_heavy,os_cache_warm,1000,2000,0de22a4e9e82fa4f415fe9c87d3829eaba044e0e5ccbc52574cb9c87f4e2c766,2032573,4063146,12189438,2032573,1000,31000,0,16000,0,9,,,82905
C-directory,formula_edge_heavy,os_cache_warm,1000,2000,0de22a4e9e82fa4f415fe9c87d3829eaba044e0e5ccbc52574cb9c87f4e2c766,2032573,2031573,6094719,2032573,1000,31000,0,16000,247493,10,,,48915
C-structural,formula_edge_heavy,os_cache_warm,1000,2000,0de22a4e9e82fa4f415fe9c87d3829eaba044e0e5ccbc52574cb9c87f4e2c766,2032573,2031573,6094719,2032573,1000,31000,0,16000,2398600,10,,,56672
A0,formula_edge_heavy,os_cache_warm,1000,2000,0de22a4e9e82fa4f415fe9c87d3829eaba044e0e5ccbc52574cb9c87f4e2c766,2032573,4063146,12189438,2032573,1000,31000,0,16000,0,10,,,83083
A1,formula_edge_heavy,os_cache_warm,1000,2000,0de22a4e9e82fa4f415fe9c87d3829eaba044e0e5ccbc52574cb9c87f4e2c766,2032573,2031573,6094719,2032573,1000,31000,0,16000,0,10,119,287,42661
C-structural,formula_edge_heavy,os_cache_warm,1000,2000,0de22a4e9e82fa4f415fe9c87d3829eaba044e0e5ccbc52574cb9c87f4e2c766,2032573,2031573,6094719,2032573,1000,31000,0,16000,2398600,11,,,57594
A0,formula_edge_heavy,os_cache_warm,1000,2000,0de22a4e9e82fa4f415fe9c87d3829eaba044e0e5ccbc52574cb9c87f4e2c766,2032573,4063146,12189438,2032573,1000,31000,0,16000,0,11,,,82884
A1,formula_edge_heavy,os_cache_warm,1000,2000,0de22a4e9e82fa4f415fe9c87d3829eaba044e0e5ccbc52574cb9c87f4e2c766,2032573,2031573,6094719,2032573,1000,31000,0,16000,0,11,98,246,41364
C-directory,formula_edge_heavy,os_cache_warm,1000,2000,0de22a4e9e82fa4f415fe9c87d3829eaba044e0e5ccbc52574cb9c87f4e2c766,2032573,2031573,6094719,2032573,1000,31000,0,16000,247493,11,,,48526
A0,formula_edge_heavy,os_cache_warm,1000,2000,0de22a4e9e82fa4f415fe9c87d3829eaba044e0e5ccbc52574cb9c87f4e2c766,2032573,4063146,12189438,2032573,1000,31000,0,16000,0,12,,,82352
A1,formula_edge_heavy,os_cache_warm,1000,2000,0de22a4e9e82fa4f415fe9c87d3829eaba044e0e5ccbc52574cb9c87f4e2c766,2032573,2031573,6094719,2032573,1000,31000,0,16000,0,12,80,230,41339
C-directory,formula_edge_heavy,os_cache_warm,1000,2000,0de22a4e9e82fa4f415fe9c87d3829eaba044e0e5ccbc52574cb9c87f4e2c766,2032573,2031573,6094719,2032573,1000,31000,0,16000,247493,12,,,48617
C-structural,formula_edge_heavy,os_cache_warm,1000,2000,0de22a4e9e82fa4f415fe9c87d3829eaba044e0e5ccbc52574cb9c87f4e2c766,2032573,2031573,6094719,2032573,1000,31000,0,16000,2398600,12,,,55543
A1,formula_edge_heavy,os_cache_warm,1000,2000,0de22a4e9e82fa4f415fe9c87d3829eaba044e0e5ccbc52574cb9c87f4e2c766,2032573,2031573,6094719,2032573,1000,31000,0,16000,0,13,107,273,41047
C-directory,formula_edge_heavy,os_cache_warm,1000,2000,0de22a4e9e82fa4f415fe9c87d3829eaba044e0e5ccbc52574cb9c87f4e2c766,2032573,2031573,6094719,2032573,1000,31000,0,16000,247493,13,,,48649
C-structural,formula_edge_heavy,os_cache_warm,1000,2000,0de22a4e9e82fa4f415fe9c87d3829eaba044e0e5ccbc52574cb9c87f4e2c766,2032573,2031573,6094719,2032573,1000,31000,0,16000,2398600,13,,,56661
A0,formula_edge_heavy,os_cache_warm,1000,2000,0de22a4e9e82fa4f415fe9c87d3829eaba044e0e5ccbc52574cb9c87f4e2c766,2032573,4063146,12189438,2032573,1000,31000,0,16000,0,13,,,81882
C-directory,formula_edge_heavy,os_cache_warm,1000,2000,0de22a4e9e82fa4f415fe9c87d3829eaba044e0e5ccbc52574cb9c87f4e2c766,2032573,2031573,6094719,2032573,1000,31000,0,16000,247493,14,,,48964
C-structural,formula_edge_heavy,os_cache_warm,1000,2000,0de22a4e9e82fa4f415fe9c87d3829eaba044e0e5ccbc52574cb9c87f4e2c766,2032573,2031573,6094719,2032573,1000,31000,0,16000,2398600,14,,,55459
A0,formula_edge_heavy,os_cache_warm,1000,2000,0de22a4e9e82fa4f415fe9c87d3829eaba044e0e5ccbc52574cb9c87f4e2c766,2032573,4063146,12189438,2032573,1000,31000,0,16000,0,14,,,82642
A1,formula_edge_heavy,os_cache_warm,1000,2000,0de22a4e9e82fa4f415fe9c87d3829eaba044e0e5ccbc52574cb9c87f4e2c766,2032573,2031573,6094719,2032573,1000,31000,0,16000,0,14,75,202,43319
C-structural,formula_edge_heavy,os_cache_warm,1000,2000,0de22a4e9e82fa4f415fe9c87d3829eaba044e0e5ccbc52574cb9c87f4e2c766,2032573,2031573,6094719,2032573,1000,31000,0,16000,2398600,15,,,57308
A0,formula_edge_heavy,os_cache_warm,1000,2000,0de22a4e9e82fa4f415fe9c87d3829eaba044e0e5ccbc52574cb9c87f4e2c766,2032573,4063146,12189438,2032573,1000,31000,0,16000,0,15,,,84217
A1,formula_edge_heavy,os_cache_warm,1000,2000,0de22a4e9e82fa4f415fe9c87d3829eaba044e0e5ccbc52574cb9c87f4e2c766,2032573,2031573,6094719,2032573,1000,31000,0,16000,0,15,123,295,41119
C-directory,formula_edge_heavy,os_cache_warm,1000,2000,0de22a4e9e82fa4f415fe9c87d3829eaba044e0e5ccbc52574cb9c87f4e2c766,2032573,2031573,6094719,2032573,1000,31000,0,16000,247493,15,,,48979
A0,formula_edge_heavy,os_cache_warm,1000,2000,0de22a4e9e82fa4f415fe9c87d3829eaba044e0e5ccbc52574cb9c87f4e2c766,2032573,4063146,12189438,2032573,1000,31000,0,16000,0,16,,,81681
A1,formula_edge_heavy,os_cache_warm,1000,2000,0de22a4e9e82fa4f415fe9c87d3829eaba044e0e5ccbc52574cb9c87f4e2c766,2032573,2031573,6094719,2032573,1000,31000,0,16000,0,16,129,298,40997
C-directory,formula_edge_heavy,os_cache_warm,1000,2000,0de22a4e9e82fa4f415fe9c87d3829eaba044e0e5ccbc52574cb9c87f4e2c766,2032573,2031573,6094719,2032573,1000,31000,0,16000,247493,16,,,48973
C-structural,formula_edge_heavy,os_cache_warm,1000,2000,0de22a4e9e82fa4f415fe9c87d3829eaba044e0e5ccbc52574cb9c87f4e2c766,2032573,2031573,6094719,2032573,1000,31000,0,16000,2398600,16,,,55398
A1,formula_edge_heavy,os_cache_warm,1000,2000,0de22a4e9e82fa4f415fe9c87d3829eaba044e0e5ccbc52574cb9c87f4e2c766,2032573,2031573,6094719,2032573,1000,31000,0,16000,0,17,92,256,41174
C-directory,formula_edge_heavy,os_cache_warm,1000,2000,0de22a4e9e82fa4f415fe9c87d3829eaba044e0e5ccbc52574cb9c87f4e2c766,2032573,2031573,6094719,2032573,1000,31000,0,16000,247493,17,,,72710
C-structural,formula_edge_heavy,os_cache_warm,1000,2000,0de22a4e9e82fa4f415fe9c87d3829eaba044e0e5ccbc52574cb9c87f4e2c766,2032573,2031573,6094719,2032573,1000,31000,0,16000,2398600,17,,,57496
A0,formula_edge_heavy,os_cache_warm,1000,2000,0de22a4e9e82fa4f415fe9c87d3829eaba044e0e5ccbc52574cb9c87f4e2c766,2032573,4063146,12189438,2032573,1000,31000,0,16000,0,17,,,81726
C-directory,formula_edge_heavy,os_cache_warm,1000,2000,0de22a4e9e82fa4f415fe9c87d3829eaba044e0e5ccbc52574cb9c87f4e2c766,2032573,2031573,6094719,2032573,1000,31000,0,16000,247493,18,,,48318
C-structural,formula_edge_heavy,os_cache_warm,1000,2000,0de22a4e9e82fa4f415fe9c87d3829eaba044e0e5ccbc52574cb9c87f4e2c766,2032573,2031573,6094719,2032573,1000,31000,0,16000,2398600,18,,,55599
A0,formula_edge_heavy,os_cache_warm,1000,2000,0de22a4e9e82fa4f415fe9c87d3829eaba044e0e5ccbc52574cb9c87f4e2c766,2032573,4063146,12189438,2032573,1000,31000,0,16000,0,18,,,80884
A1,formula_edge_heavy,os_cache_warm,1000,2000,0de22a4e9e82fa4f415fe9c87d3829eaba044e0e5ccbc52574cb9c87f4e2c766,2032573,2031573,6094719,2032573,1000,31000,0,16000,0,18,127,293,41024
C-structural,formula_edge_heavy,os_cache_warm,1000,2000,0de22a4e9e82fa4f415fe9c87d3829eaba044e0e5ccbc52574cb9c87f4e2c766,2032573,2031573,6094719,2032573,1000,31000,0,16000,2398600,19,,,56565
A0,formula_edge_heavy,os_cache_warm,1000,2000,0de22a4e9e82fa4f415fe9c87d3829eaba044e0e5ccbc52574cb9c87f4e2c766,2032573,4063146,12189438,2032573,1000,31000,0,16000,0,19,,,83688
A1,formula_edge_heavy,os_cache_warm,1000,2000,0de22a4e9e82fa4f415fe9c87d3829eaba044e0e5ccbc52574cb9c87f4e2c766,2032573,2031573,6094719,2032573,1000,31000,0,16000,0,19,115,278,41308
C-directory,formula_edge_heavy,os_cache_warm,1000,2000,0de22a4e9e82fa4f415fe9c87d3829eaba044e0e5ccbc52574cb9c87f4e2c766,2032573,2031573,6094719,2032573,1000,31000,0,16000,247493,19,,,48843
A0,formula_ast_heavy,os_cache_warm,1000,2000,4ec3a8690f4f3a00bccc296b2b97b9183e735a388698a6cccf92c23e2c6b1b2a,8080573,16159146,48477438,8080573,1000,255000,0,0,0,0,,,430682
A1,formula_ast_heavy,os_cache_warm,1000,2000,4ec3a8690f4f3a00bccc296b2b97b9183e735a388698a6cccf92c23e2c6b1b2a,8080573,8079573,24238719,8080573,1000,255000,0,0,0,0,116,416,213140
C-directory,formula_ast_heavy,os_cache_warm,1000,2000,4ec3a8690f4f3a00bccc296b2b97b9183e735a388698a6cccf92c23e2c6b1b2a,8080573,8079573,24238719,8080573,1000,255000,0,0,248129,0,,,268491
C-structural,formula_ast_heavy,os_cache_warm,1000,2000,4ec3a8690f4f3a00bccc296b2b97b9183e735a388698a6cccf92c23e2c6b1b2a,8080573,8079573,24238719,8080573,1000,255000,0,0,498237,0,,,234633
A1,formula_ast_heavy,os_cache_warm,1000,2000,4ec3a8690f4f3a00bccc296b2b97b9183e735a388698a6cccf92c23e2c6b1b2a,8080573,8079573,24238719,8080573,1000,255000,0,0,0,1,78,399,213089
C-directory,formula_ast_heavy,os_cache_warm,1000,2000,4ec3a8690f4f3a00bccc296b2b97b9183e735a388698a6cccf92c23e2c6b1b2a,8080573,8079573,24238719,8080573,1000,255000,0,0,248129,1,,,229854
C-structural,formula_ast_heavy,os_cache_warm,1000,2000,4ec3a8690f4f3a00bccc296b2b97b9183e735a388698a6cccf92c23e2c6b1b2a,8080573,8079573,24238719,8080573,1000,255000,0,0,498237,1,,,230556
A0,formula_ast_heavy,os_cache_warm,1000,2000,4ec3a8690f4f3a00bccc296b2b97b9183e735a388698a6cccf92c23e2c6b1b2a,8080573,16159146,48477438,8080573,1000,255000,0,0,0,1,,,421123
C-directory,formula_ast_heavy,os_cache_warm,1000,2000,4ec3a8690f4f3a00bccc296b2b97b9183e735a388698a6cccf92c23e2c6b1b2a,8080573,8079573,24238719,8080573,1000,255000,0,0,248129,2,,,231366
C-structural,formula_ast_heavy,os_cache_warm,1000,2000,4ec3a8690f4f3a00bccc296b2b97b9183e735a388698a6cccf92c23e2c6b1b2a,8080573,8079573,24238719,8080573,1000,255000,0,0,498237,2,,,229683
A0,formula_ast_heavy,os_cache_warm,1000,2000,4ec3a8690f4f3a00bccc296b2b97b9183e735a388698a6cccf92c23e2c6b1b2a,8080573,16159146,48477438,8080573,1000,255000,0,0,0,2,,,411994
A1,formula_ast_heavy,os_cache_warm,1000,2000,4ec3a8690f4f3a00bccc296b2b97b9183e735a388698a6cccf92c23e2c6b1b2a,8080573,8079573,24238719,8080573,1000,255000,0,0,0,2,105,457,210115
C-structural,formula_ast_heavy,os_cache_warm,1000,2000,4ec3a8690f4f3a00bccc296b2b97b9183e735a388698a6cccf92c23e2c6b1b2a,8080573,8079573,24238719,8080573,1000,255000,0,0,498237,3,,,231159
A0,formula_ast_heavy,os_cache_warm,1000,2000,4ec3a8690f4f3a00bccc296b2b97b9183e735a388698a6cccf92c23e2c6b1b2a,8080573,16159146,48477438,8080573,1000,255000,0,0,0,3,,,413168
A1,formula_ast_heavy,os_cache_warm,1000,2000,4ec3a8690f4f3a00bccc296b2b97b9183e735a388698a6cccf92c23e2c6b1b2a,8080573,8079573,24238719,8080573,1000,255000,0,0,0,3,106,423,211137
C-directory,formula_ast_heavy,os_cache_warm,1000,2000,4ec3a8690f4f3a00bccc296b2b97b9183e735a388698a6cccf92c23e2c6b1b2a,8080573,8079573,24238719,8080573,1000,255000,0,0,248129,3,,,231005
A0,formula_ast_heavy,os_cache_warm,1000,2000,4ec3a8690f4f3a00bccc296b2b97b9183e735a388698a6cccf92c23e2c6b1b2a,8080573,16159146,48477438,8080573,1000,255000,0,0,0,4,,,413907
A1,formula_ast_heavy,os_cache_warm,1000,2000,4ec3a8690f4f3a00bccc296b2b97b9183e735a388698a6cccf92c23e2c6b1b2a,8080573,8079573,24238719,8080573,1000,255000,0,0,0,4,118,437,210775
C-directory,formula_ast_heavy,os_cache_warm,1000,2000,4ec3a8690f4f3a00bccc296b2b97b9183e735a388698a6cccf92c23e2c6b1b2a,8080573,8079573,24238719,8080573,1000,255000,0,0,248129,4,,,233028
C-structural,formula_ast_heavy,os_cache_warm,1000,2000,4ec3a8690f4f3a00bccc296b2b97b9183e735a388698a6cccf92c23e2c6b1b2a,8080573,8079573,24238719,8080573,1000,255000,0,0,498237,4,,,229660
A1,formula_ast_heavy,os_cache_warm,1000,2000,4ec3a8690f4f3a00bccc296b2b97b9183e735a388698a6cccf92c23e2c6b1b2a,8080573,8079573,24238719,8080573,1000,255000,0,0,0,5,123,455,211563
C-directory,formula_ast_heavy,os_cache_warm,1000,2000,4ec3a8690f4f3a00bccc296b2b97b9183e735a388698a6cccf92c23e2c6b1b2a,8080573,8079573,24238719,8080573,1000,255000,0,0,248129,5,,,230351
C-structural,formula_ast_heavy,os_cache_warm,1000,2000,4ec3a8690f4f3a00bccc296b2b97b9183e735a388698a6cccf92c23e2c6b1b2a,8080573,8079573,24238719,8080573,1000,255000,0,0,498237,5,,,231320
A0,formula_ast_heavy,os_cache_warm,1000,2000,4ec3a8690f4f3a00bccc296b2b97b9183e735a388698a6cccf92c23e2c6b1b2a,8080573,16159146,48477438,8080573,1000,255000,0,0,0,5,,,415194
C-directory,formula_ast_heavy,os_cache_warm,1000,2000,4ec3a8690f4f3a00bccc296b2b97b9183e735a388698a6cccf92c23e2c6b1b2a,8080573,8079573,24238719,8080573,1000,255000,0,0,248129,6,,,228971
C-structural,formula_ast_heavy,os_cache_warm,1000,2000,4ec3a8690f4f3a00bccc296b2b97b9183e735a388698a6cccf92c23e2c6b1b2a,8080573,8079573,24238719,8080573,1000,255000,0,0,498237,6,,,230292
A0,formula_ast_heavy,os_cache_warm,1000,2000,4ec3a8690f4f3a00bccc296b2b97b9183e735a388698a6cccf92c23e2c6b1b2a,8080573,16159146,48477438,8080573,1000,255000,0,0,0,6,,,434693
A1,formula_ast_heavy,os_cache_warm,1000,2000,4ec3a8690f4f3a00bccc296b2b97b9183e735a388698a6cccf92c23e2c6b1b2a,8080573,8079573,24238719,8080573,1000,255000,0,0,0,6,102,458,210412
C-structural,formula_ast_heavy,os_cache_warm,1000,2000,4ec3a8690f4f3a00bccc296b2b97b9183e735a388698a6cccf92c23e2c6b1b2a,8080573,8079573,24238719,8080573,1000,255000,0,0,498237,7,,,233256
A0,formula_ast_heavy,os_cache_warm,1000,2000,4ec3a8690f4f3a00bccc296b2b97b9183e735a388698a6cccf92c23e2c6b1b2a,8080573,16159146,48477438,8080573,1000,255000,0,0,0,7,,,415060
A1,formula_ast_heavy,os_cache_warm,1000,2000,4ec3a8690f4f3a00bccc296b2b97b9183e735a388698a6cccf92c23e2c6b1b2a,8080573,8079573,24238719,8080573,1000,255000,0,0,0,7,106,427,211215
C-directory,formula_ast_heavy,os_cache_warm,1000,2000,4ec3a8690f4f3a00bccc296b2b97b9183e735a388698a6cccf92c23e2c6b1b2a,8080573,8079573,24238719,8080573,1000,255000,0,0,248129,7,,,229411
A0,formula_ast_heavy,os_cache_warm,1000,2000,4ec3a8690f4f3a00bccc296b2b97b9183e735a388698a6cccf92c23e2c6b1b2a,8080573,16159146,48477438,8080573,1000,255000,0,0,0,8,,,414760
A1,formula_ast_heavy,os_cache_warm,1000,2000,4ec3a8690f4f3a00bccc296b2b97b9183e735a388698a6cccf92c23e2c6b1b2a,8080573,8079573,24238719,8080573,1000,255000,0,0,0,8,111,440,211916
C-directory,formula_ast_heavy,os_cache_warm,1000,2000,4ec3a8690f4f3a00bccc296b2b97b9183e735a388698a6cccf92c23e2c6b1b2a,8080573,8079573,24238719,8080573,1000,255000,0,0,248129,8,,,229559
C-structural,formula_ast_heavy,os_cache_warm,1000,2000,4ec3a8690f4f3a00bccc296b2b97b9183e735a388698a6cccf92c23e2c6b1b2a,8080573,8079573,24238719,8080573,1000,255000,0,0,498237,8,,,229681
A1,formula_ast_heavy,os_cache_warm,1000,2000,4ec3a8690f4f3a00bccc296b2b97b9183e735a388698a6cccf92c23e2c6b1b2a,8080573,8079573,24238719,8080573,1000,255000,0,0,0,9,72,363,214747
C-directory,formula_ast_heavy,os_cache_warm,1000,2000,4ec3a8690f4f3a00bccc296b2b97b9183e735a388698a6cccf92c23e2c6b1b2a,8080573,8079573,24238719,8080573,1000,255000,0,0,248129,9,,,229654
C-structural,formula_ast_heavy,os_cache_warm,1000,2000,4ec3a8690f4f3a00bccc296b2b97b9183e735a388698a6cccf92c23e2c6b1b2a,8080573,8079573,24238719,8080573,1000,255000,0,0,498237,9,,,230585
A0,formula_ast_heavy,os_cache_warm,1000,2000,4ec3a8690f4f3a00bccc296b2b97b9183e735a388698a6cccf92c23e2c6b1b2a,8080573,16159146,48477438,8080573,1000,255000,0,0,0,9,,,411988
C-directory,formula_ast_heavy,os_cache_warm,1000,2000,4ec3a8690f4f3a00bccc296b2b97b9183e735a388698a6cccf92c23e2c6b1b2a,8080573,8079573,24238719,8080573,1000,255000,0,0,248129,10,,,232953
C-structural,formula_ast_heavy,os_cache_warm,1000,2000,4ec3a8690f4f3a00bccc296b2b97b9183e735a388698a6cccf92c23e2c6b1b2a,8080573,8079573,24238719,8080573,1000,255000,0,0,498237,10,,,229022
A0,formula_ast_heavy,os_cache_warm,1000,2000,4ec3a8690f4f3a00bccc296b2b97b9183e735a388698a6cccf92c23e2c6b1b2a,8080573,16159146,48477438,8080573,1000,255000,0,0,0,10,,,417801
A1,formula_ast_heavy,os_cache_warm,1000,2000,4ec3a8690f4f3a00bccc296b2b97b9183e735a388698a6cccf92c23e2c6b1b2a,8080573,8079573,24238719,8080573,1000,255000,0,0,0,10,156,549,214989
C-structural,formula_ast_heavy,os_cache_warm,1000,2000,4ec3a8690f4f3a00bccc296b2b97b9183e735a388698a6cccf92c23e2c6b1b2a,8080573,8079573,24238719,8080573,1000,255000,0,0,498237,11,,,231571
A0,formula_ast_heavy,os_cache_warm,1000,2000,4ec3a8690f4f3a00bccc296b2b97b9183e735a388698a6cccf92c23e2c6b1b2a,8080573,16159146,48477438,8080573,1000,255000,0,0,0,11,,,420540
A1,formula_ast_heavy,os_cache_warm,1000,2000,4ec3a8690f4f3a00bccc296b2b97b9183e735a388698a6cccf92c23e2c6b1b2a,8080573,8079573,24238719,8080573,1000,255000,0,0,0,11,151,564,296833
C-directory,formula_ast_heavy,os_cache_warm,1000,2000,4ec3a8690f4f3a00bccc296b2b97b9183e735a388698a6cccf92c23e2c6b1b2a,8080573,8079573,24238719,8080573,1000,255000,0,0,248129,11,,,238307
A0,formula_ast_heavy,os_cache_warm,1000,2000,4ec3a8690f4f3a00bccc296b2b97b9183e735a388698a6cccf92c23e2c6b1b2a,8080573,16159146,48477438,8080573,1000,255000,0,0,0,12,,,424445
A1,formula_ast_heavy,os_cache_warm,1000,2000,4ec3a8690f4f3a00bccc296b2b97b9183e735a388698a6cccf92c23e2c6b1b2a,8080573,8079573,24238719,8080573,1000,255000,0,0,0,12,127,477,372317
C-directory,formula_ast_heavy,os_cache_warm,1000,2000,4ec3a8690f4f3a00bccc296b2b97b9183e735a388698a6cccf92c23e2c6b1b2a,8080573,8079573,24238719,8080573,1000,255000,0,0,248129,12,,,274401
C-structural,formula_ast_heavy,os_cache_warm,1000,2000,4ec3a8690f4f3a00bccc296b2b97b9183e735a388698a6cccf92c23e2c6b1b2a,8080573,8079573,24238719,8080573,1000,255000,0,0,498237,12,,,236398
A1,formula_ast_heavy,os_cache_warm,1000,2000,4ec3a8690f4f3a00bccc296b2b97b9183e735a388698a6cccf92c23e2c6b1b2a,8080573,8079573,24238719,8080573,1000,255000,0,0,0,13,78,389,215004
C-directory,formula_ast_heavy,os_cache_warm,1000,2000,4ec3a8690f4f3a00bccc296b2b97b9183e735a388698a6cccf92c23e2c6b1b2a,8080573,8079573,24238719,8080573,1000,255000,0,0,248129,13,,,240024
C-structural,formula_ast_heavy,os_cache_warm,1000,2000,4ec3a8690f4f3a00bccc296b2b97b9183e735a388698a6cccf92c23e2c6b1b2a,8080573,8079573,24238719,8080573,1000,255000,0,0,498237,13,,,235439
A0,formula_ast_heavy,os_cache_warm,1000,2000,4ec3a8690f4f3a00bccc296b2b97b9183e735a388698a6cccf92c23e2c6b1b2a,8080573,16159146,48477438,8080573,1000,255000,0,0,0,13,,,422504
C-directory,formula_ast_heavy,os_cache_warm,1000,2000,4ec3a8690f4f3a00bccc296b2b97b9183e735a388698a6cccf92c23e2c6b1b2a,8080573,8079573,24238719,8080573,1000,255000,0,0,248129,14,,,238409
C-structural,formula_ast_heavy,os_cache_warm,1000,2000,4ec3a8690f4f3a00bccc296b2b97b9183e735a388698a6cccf92c23e2c6b1b2a,8080573,8079573,24238719,8080573,1000,255000,0,0,498237,14,,,233989
A0,formula_ast_heavy,os_cache_warm,1000,2000,4ec3a8690f4f3a00bccc296b2b97b9183e735a388698a6cccf92c23e2c6b1b2a,8080573,16159146,48477438,8080573,1000,255000,0,0,0,14,,,437297
A1,formula_ast_heavy,os_cache_warm,1000,2000,4ec3a8690f4f3a00bccc296b2b97b9183e735a388698a6cccf92c23e2c6b1b2a,8080573,8079573,24238719,8080573,1000,255000,0,0,0,14,125,445,215070
C-structural,formula_ast_heavy,os_cache_warm,1000,2000,4ec3a8690f4f3a00bccc296b2b97b9183e735a388698a6cccf92c23e2c6b1b2a,8080573,8079573,24238719,8080573,1000,255000,0,0,498237,15,,,236311
A0,formula_ast_heavy,os_cache_warm,1000,2000,4ec3a8690f4f3a00bccc296b2b97b9183e735a388698a6cccf92c23e2c6b1b2a,8080573,16159146,48477438,8080573,1000,255000,0,0,0,15,,,421215
A1,formula_ast_heavy,os_cache_warm,1000,2000,4ec3a8690f4f3a00bccc296b2b97b9183e735a388698a6cccf92c23e2c6b1b2a,8080573,8079573,24238719,8080573,1000,255000,0,0,0,15,134,463,214673
C-directory,formula_ast_heavy,os_cache_warm,1000,2000,4ec3a8690f4f3a00bccc296b2b97b9183e735a388698a6cccf92c23e2c6b1b2a,8080573,8079573,24238719,8080573,1000,255000,0,0,248129,15,,,236300
A0,formula_ast_heavy,os_cache_warm,1000,2000,4ec3a8690f4f3a00bccc296b2b97b9183e735a388698a6cccf92c23e2c6b1b2a,8080573,16159146,48477438,8080573,1000,255000,0,0,0,16,,,419936
A1,formula_ast_heavy,os_cache_warm,1000,2000,4ec3a8690f4f3a00bccc296b2b97b9183e735a388698a6cccf92c23e2c6b1b2a,8080573,8079573,24238719,8080573,1000,255000,0,0,0,16,158,504,213950
C-directory,formula_ast_heavy,os_cache_warm,1000,2000,4ec3a8690f4f3a00bccc296b2b97b9183e735a388698a6cccf92c23e2c6b1b2a,8080573,8079573,24238719,8080573,1000,255000,0,0,248129,16,,,301034
C-structural,formula_ast_heavy,os_cache_warm,1000,2000,4ec3a8690f4f3a00bccc296b2b97b9183e735a388698a6cccf92c23e2c6b1b2a,8080573,8079573,24238719,8080573,1000,255000,0,0,498237,16,,,264678
A1,formula_ast_heavy,os_cache_warm,1000,2000,4ec3a8690f4f3a00bccc296b2b97b9183e735a388698a6cccf92c23e2c6b1b2a,8080573,8079573,24238719,8080573,1000,255000,0,0,0,17,86,423,214452
C-directory,formula_ast_heavy,os_cache_warm,1000,2000,4ec3a8690f4f3a00bccc296b2b97b9183e735a388698a6cccf92c23e2c6b1b2a,8080573,8079573,24238719,8080573,1000,255000,0,0,248129,17,,,250868
C-structural,formula_ast_heavy,os_cache_warm,1000,2000,4ec3a8690f4f3a00bccc296b2b97b9183e735a388698a6cccf92c23e2c6b1b2a,8080573,8079573,24238719,8080573,1000,255000,0,0,498237,17,,,262462
A0,formula_ast_heavy,os_cache_warm,1000,2000,4ec3a8690f4f3a00bccc296b2b97b9183e735a388698a6cccf92c23e2c6b1b2a,8080573,16159146,48477438,8080573,1000,255000,0,0,0,17,,,485622
C-directory,formula_ast_heavy,os_cache_warm,1000,2000,4ec3a8690f4f3a00bccc296b2b97b9183e735a388698a6cccf92c23e2c6b1b2a,8080573,8079573,24238719,8080573,1000,255000,0,0,248129,18,,,242604
C-structural,formula_ast_heavy,os_cache_warm,1000,2000,4ec3a8690f4f3a00bccc296b2b97b9183e735a388698a6cccf92c23e2c6b1b2a,8080573,8079573,24238719,8080573,1000,255000,0,0,498237,18,,,259867
A0,formula_ast_heavy,os_cache_warm,1000,2000,4ec3a8690f4f3a00bccc296b2b97b9183e735a388698a6cccf92c23e2c6b1b2a,8080573,16159146,48477438,8080573,1000,255000,0,0,0,18,,,529392
A1,formula_ast_heavy,os_cache_warm,1000,2000,4ec3a8690f4f3a00bccc296b2b97b9183e735a388698a6cccf92c23e2c6b1b2a,8080573,8079573,24238719,8080573,1000,255000,0,0,0,18,122,477,241870
C-structural,formula_ast_heavy,os_cache_warm,1000,2000,4ec3a8690f4f3a00bccc296b2b97b9183e735a388698a6cccf92c23e2c6b1b2a,8080573,8079573,24238719,8080573,1000,255000,0,0,498237,19,,,294651
A0,formula_ast_heavy,os_cache_warm,1000,2000,4ec3a8690f4f3a00bccc296b2b97b9183e735a388698a6cccf92c23e2c6b1b2a,8080573,16159146,48477438,8080573,1000,255000,0,0,0,19,,,425021
A1,formula_ast_heavy,os_cache_warm,1000,2000,4ec3a8690f4f3a00bccc296b2b97b9183e735a388698a6cccf92c23e2c6b1b2a,8080573,8079573,24238719,8080573,1000,255000,0,0,0,19,145,466,211375
C-directory,formula_ast_heavy,os_cache_warm,1000,2000,4ec3a8690f4f3a00bccc296b2b97b9183e735a388698a6cccf92c23e2c6b1b2a,8080573,8079573,24238719,8080573,1000,255000,0,0,248129,19,,,231624
A0,deep_dependency_chain,os_cache_warm,1000,1000,e7f306d6a087b66ee49003efecf058ed5cc1780acc3144e728cd2a399a784c4c,217323,432646,1297938,217323,1000,999,0,999,0,0,,,10395
A1,deep_dependency_chain,os_cache_warm,1000,1000,e7f306d6a087b66ee49003efecf058ed5cc1780acc3144e728cd2a399a784c4c,217323,216323,648969,217323,1000,999,0,999,0,0,69,183,5635
C-directory,deep_dependency_chain,os_cache_warm,1000,1000,e7f306d6a087b66ee49003efecf058ed5cc1780acc3144e728cd2a399a784c4c,217323,216323,648969,217323,1000,999,0,999,239466,0,,,6400
C-structural,deep_dependency_chain,os_cache_warm,1000,1000,e7f306d6a087b66ee49003efecf058ed5cc1780acc3144e728cd2a399a784c4c,217323,216323,648969,217323,1000,999,0,999,582310,0,,,6847
A1,deep_dependency_chain,os_cache_warm,1000,1000,e7f306d6a087b66ee49003efecf058ed5cc1780acc3144e728cd2a399a784c4c,217323,216323,648969,217323,1000,999,0,999,0,1,45,132,5401
C-directory,deep_dependency_chain,os_cache_warm,1000,1000,e7f306d6a087b66ee49003efecf058ed5cc1780acc3144e728cd2a399a784c4c,217323,216323,648969,217323,1000,999,0,999,239466,1,,,6507
C-structural,deep_dependency_chain,os_cache_warm,1000,1000,e7f306d6a087b66ee49003efecf058ed5cc1780acc3144e728cd2a399a784c4c,217323,216323,648969,217323,1000,999,0,999,582310,1,,,7482
A0,deep_dependency_chain,os_cache_warm,1000,1000,e7f306d6a087b66ee49003efecf058ed5cc1780acc3144e728cd2a399a784c4c,217323,432646,1297938,217323,1000,999,0,999,0,1,,,10359
C-directory,deep_dependency_chain,os_cache_warm,1000,1000,e7f306d6a087b66ee49003efecf058ed5cc1780acc3144e728cd2a399a784c4c,217323,216323,648969,217323,1000,999,0,999,239466,2,,,6413
C-structural,deep_dependency_chain,os_cache_warm,1000,1000,e7f306d6a087b66ee49003efecf058ed5cc1780acc3144e728cd2a399a784c4c,217323,216323,648969,217323,1000,999,0,999,582310,2,,,7052
A0,deep_dependency_chain,os_cache_warm,1000,1000,e7f306d6a087b66ee49003efecf058ed5cc1780acc3144e728cd2a399a784c4c,217323,432646,1297938,217323,1000,999,0,999,0,2,,,10222
A1,deep_dependency_chain,os_cache_warm,1000,1000,e7f306d6a087b66ee49003efecf058ed5cc1780acc3144e728cd2a399a784c4c,217323,216323,648969,217323,1000,999,0,999,0,2,105,237,5443
C-structural,deep_dependency_chain,os_cache_warm,1000,1000,e7f306d6a087b66ee49003efecf058ed5cc1780acc3144e728cd2a399a784c4c,217323,216323,648969,217323,1000,999,0,999,582310,3,,,7621
A0,deep_dependency_chain,os_cache_warm,1000,1000,e7f306d6a087b66ee49003efecf058ed5cc1780acc3144e728cd2a399a784c4c,217323,432646,1297938,217323,1000,999,0,999,0,3,,,10041
A1,deep_dependency_chain,os_cache_warm,1000,1000,e7f306d6a087b66ee49003efecf058ed5cc1780acc3144e728cd2a399a784c4c,217323,216323,648969,217323,1000,999,0,999,0,3,41,120,5393
C-directory,deep_dependency_chain,os_cache_warm,1000,1000,e7f306d6a087b66ee49003efecf058ed5cc1780acc3144e728cd2a399a784c4c,217323,216323,648969,217323,1000,999,0,999,239466,3,,,6385
A0,deep_dependency_chain,os_cache_warm,1000,1000,e7f306d6a087b66ee49003efecf058ed5cc1780acc3144e728cd2a399a784c4c,217323,432646,1297938,217323,1000,999,0,999,0,4,,,10992
A1,deep_dependency_chain,os_cache_warm,1000,1000,e7f306d6a087b66ee49003efecf058ed5cc1780acc3144e728cd2a399a784c4c,217323,216323,648969,217323,1000,999,0,999,0,4,72,180,5613
C-directory,deep_dependency_chain,os_cache_warm,1000,1000,e7f306d6a087b66ee49003efecf058ed5cc1780acc3144e728cd2a399a784c4c,217323,216323,648969,217323,1000,999,0,999,239466,4,,,6072
C-structural,deep_dependency_chain,os_cache_warm,1000,1000,e7f306d6a087b66ee49003efecf058ed5cc1780acc3144e728cd2a399a784c4c,217323,216323,648969,217323,1000,999,0,999,582310,4,,,7561
A1,deep_dependency_chain,os_cache_warm,1000,1000,e7f306d6a087b66ee49003efecf058ed5cc1780acc3144e728cd2a399a784c4c,217323,216323,648969,217323,1000,999,0,999,0,5,83,191,5726
C-directory,deep_dependency_chain,os_cache_warm,1000,1000,e7f306d6a087b66ee49003efecf058ed5cc1780acc3144e728cd2a399a784c4c,217323,216323,648969,217323,1000,999,0,999,239466,5,,,6230
C-structural,deep_dependency_chain,os_cache_warm,1000,1000,e7f306d6a087b66ee49003efecf058ed5cc1780acc3144e728cd2a399a784c4c,217323,216323,648969,217323,1000,999,0,999,582310,5,,,6996
A0,deep_dependency_chain,os_cache_warm,1000,1000,e7f306d6a087b66ee49003efecf058ed5cc1780acc3144e728cd2a399a784c4c,217323,432646,1297938,217323,1000,999,0,999,0,5,,,10067
C-directory,deep_dependency_chain,os_cache_warm,1000,1000,e7f306d6a087b66ee49003efecf058ed5cc1780acc3144e728cd2a399a784c4c,217323,216323,648969,217323,1000,999,0,999,239466,6,,,6448
C-structural,deep_dependency_chain,os_cache_warm,1000,1000,e7f306d6a087b66ee49003efecf058ed5cc1780acc3144e728cd2a399a784c4c,217323,216323,648969,217323,1000,999,0,999,582310,6,,,7499
A0,deep_dependency_chain,os_cache_warm,1000,1000,e7f306d6a087b66ee49003efecf058ed5cc1780acc3144e728cd2a399a784c4c,217323,432646,1297938,217323,1000,999,0,999,0,6,,,10506
A1,deep_dependency_chain,os_cache_warm,1000,1000,e7f306d6a087b66ee49003efecf058ed5cc1780acc3144e728cd2a399a784c4c,217323,216323,648969,217323,1000,999,0,999,0,6,48,146,5534
C-structural,deep_dependency_chain,os_cache_warm,1000,1000,e7f306d6a087b66ee49003efecf058ed5cc1780acc3144e728cd2a399a784c4c,217323,216323,648969,217323,1000,999,0,999,582310,7,,,7897
A0,deep_dependency_chain,os_cache_warm,1000,1000,e7f306d6a087b66ee49003efecf058ed5cc1780acc3144e728cd2a399a784c4c,217323,432646,1297938,217323,1000,999,0,999,0,7,,,9974
A1,deep_dependency_chain,os_cache_warm,1000,1000,e7f306d6a087b66ee49003efecf058ed5cc1780acc3144e728cd2a399a784c4c,217323,216323,648969,217323,1000,999,0,999,0,7,69,167,6828
C-directory,deep_dependency_chain,os_cache_warm,1000,1000,e7f306d6a087b66ee49003efecf058ed5cc1780acc3144e728cd2a399a784c4c,217323,216323,648969,217323,1000,999,0,999,239466,7,,,6295
A0,deep_dependency_chain,os_cache_warm,1000,1000,e7f306d6a087b66ee49003efecf058ed5cc1780acc3144e728cd2a399a784c4c,217323,432646,1297938,217323,1000,999,0,999,0,8,,,10251
A1,deep_dependency_chain,os_cache_warm,1000,1000,e7f306d6a087b66ee49003efecf058ed5cc1780acc3144e728cd2a399a784c4c,217323,216323,648969,217323,1000,999,0,999,0,8,48,137,5119
C-directory,deep_dependency_chain,os_cache_warm,1000,1000,e7f306d6a087b66ee49003efecf058ed5cc1780acc3144e728cd2a399a784c4c,217323,216323,648969,217323,1000,999,0,999,239466,8,,,6261
C-structural,deep_dependency_chain,os_cache_warm,1000,1000,e7f306d6a087b66ee49003efecf058ed5cc1780acc3144e728cd2a399a784c4c,217323,216323,648969,217323,1000,999,0,999,582310,8,,,7356
A1,deep_dependency_chain,os_cache_warm,1000,1000,e7f306d6a087b66ee49003efecf058ed5cc1780acc3144e728cd2a399a784c4c,217323,216323,648969,217323,1000,999,0,999,0,9,42,127,5384
C-directory,deep_dependency_chain,os_cache_warm,1000,1000,e7f306d6a087b66ee49003efecf058ed5cc1780acc3144e728cd2a399a784c4c,217323,216323,648969,217323,1000,999,0,999,239466,9,,,5959
C-structural,deep_dependency_chain,os_cache_warm,1000,1000,e7f306d6a087b66ee49003efecf058ed5cc1780acc3144e728cd2a399a784c4c,217323,216323,648969,217323,1000,999,0,999,582310,9,,,7166
A0,deep_dependency_chain,os_cache_warm,1000,1000,e7f306d6a087b66ee49003efecf058ed5cc1780acc3144e728cd2a399a784c4c,217323,432646,1297938,217323,1000,999,0,999,0,9,,,10293
C-directory,deep_dependency_chain,os_cache_warm,1000,1000,e7f306d6a087b66ee49003efecf058ed5cc1780acc3144e728cd2a399a784c4c,217323,216323,648969,217323,1000,999,0,999,239466,10,,,7159
C-structural,deep_dependency_chain,os_cache_warm,1000,1000,e7f306d6a087b66ee49003efecf058ed5cc1780acc3144e728cd2a399a784c4c,217323,216323,648969,217323,1000,999,0,999,582310,10,,,7148
A0,deep_dependency_chain,os_cache_warm,1000,1000,e7f306d6a087b66ee49003efecf058ed5cc1780acc3144e728cd2a399a784c4c,217323,432646,1297938,217323,1000,999,0,999,0,10,,,10039
A1,deep_dependency_chain,os_cache_warm,1000,1000,e7f306d6a087b66ee49003efecf058ed5cc1780acc3144e728cd2a399a784c4c,217323,216323,648969,217323,1000,999,0,999,0,10,123,295,5368
C-structural,deep_dependency_chain,os_cache_warm,1000,1000,e7f306d6a087b66ee49003efecf058ed5cc1780acc3144e728cd2a399a784c4c,217323,216323,648969,217323,1000,999,0,999,582310,11,,,7060
A0,deep_dependency_chain,os_cache_warm,1000,1000,e7f306d6a087b66ee49003efecf058ed5cc1780acc3144e728cd2a399a784c4c,217323,432646,1297938,217323,1000,999,0,999,0,11,,,9944
A1,deep_dependency_chain,os_cache_warm,1000,1000,e7f306d6a087b66ee49003efecf058ed5cc1780acc3144e728cd2a399a784c4c,217323,216323,648969,217323,1000,999,0,999,0,11,54,141,5523
C-directory,deep_dependency_chain,os_cache_warm,1000,1000,e7f306d6a087b66ee49003efecf058ed5cc1780acc3144e728cd2a399a784c4c,217323,216323,648969,217323,1000,999,0,999,239466,11,,,6453
A0,deep_dependency_chain,os_cache_warm,1000,1000,e7f306d6a087b66ee49003efecf058ed5cc1780acc3144e728cd2a399a784c4c,217323,432646,1297938,217323,1000,999,0,999,0,12,,,9929
A1,deep_dependency_chain,os_cache_warm,1000,1000,e7f306d6a087b66ee49003efecf058ed5cc1780acc3144e728cd2a399a784c4c,217323,216323,648969,217323,1000,999,0,999,0,12,122,266,6003
C-directory,deep_dependency_chain,os_cache_warm,1000,1000,e7f306d6a087b66ee49003efecf058ed5cc1780acc3144e728cd2a399a784c4c,217323,216323,648969,217323,1000,999,0,999,239466,12,,,6297
C-structural,deep_dependency_chain,os_cache_warm,1000,1000,e7f306d6a087b66ee49003efecf058ed5cc1780acc3144e728cd2a399a784c4c,217323,216323,648969,217323,1000,999,0,999,582310,12,,,7398
A1,deep_dependency_chain,os_cache_warm,1000,1000,e7f306d6a087b66ee49003efecf058ed5cc1780acc3144e728cd2a399a784c4c,217323,216323,648969,217323,1000,999,0,999,0,13,54,159,6260
C-directory,deep_dependency_chain,os_cache_warm,1000,1000,e7f306d6a087b66ee49003efecf058ed5cc1780acc3144e728cd2a399a784c4c,217323,216323,648969,217323,1000,999,0,999,239466,13,,,6807
C-structural,deep_dependency_chain,os_cache_warm,1000,1000,e7f306d6a087b66ee49003efecf058ed5cc1780acc3144e728cd2a399a784c4c,217323,216323,648969,217323,1000,999,0,999,582310,13,,,9985
A0,deep_dependency_chain,os_cache_warm,1000,1000,e7f306d6a087b66ee49003efecf058ed5cc1780acc3144e728cd2a399a784c4c,217323,432646,1297938,217323,1000,999,0,999,0,13,,,11592
C-directory,deep_dependency_chain,os_cache_warm,1000,1000,e7f306d6a087b66ee49003efecf058ed5cc1780acc3144e728cd2a399a784c4c,217323,216323,648969,217323,1000,999,0,999,239466,14,,,12173
C-structural,deep_dependency_chain,os_cache_warm,1000,1000,e7f306d6a087b66ee49003efecf058ed5cc1780acc3144e728cd2a399a784c4c,217323,216323,648969,217323,1000,999,0,999,582310,14,,,10075
A0,deep_dependency_chain,os_cache_warm,1000,1000,e7f306d6a087b66ee49003efecf058ed5cc1780acc3144e728cd2a399a784c4c,217323,432646,1297938,217323,1000,999,0,999,0,14,,,11280
A1,deep_dependency_chain,os_cache_warm,1000,1000,e7f306d6a087b66ee49003efecf058ed5cc1780acc3144e728cd2a399a784c4c,217323,216323,648969,217323,1000,999,0,999,0,14,115,242,5912
C-structural,deep_dependency_chain,os_cache_warm,1000,1000,e7f306d6a087b66ee49003efecf058ed5cc1780acc3144e728cd2a399a784c4c,217323,216323,648969,217323,1000,999,0,999,582310,15,,,7131
A0,deep_dependency_chain,os_cache_warm,1000,1000,e7f306d6a087b66ee49003efecf058ed5cc1780acc3144e728cd2a399a784c4c,217323,432646,1297938,217323,1000,999,0,999,0,15,,,10138
A1,deep_dependency_chain,os_cache_warm,1000,1000,e7f306d6a087b66ee49003efecf058ed5cc1780acc3144e728cd2a399a784c4c,217323,216323,648969,217323,1000,999,0,999,0,15,40,125,5317
C-directory,deep_dependency_chain,os_cache_warm,1000,1000,e7f306d6a087b66ee49003efecf058ed5cc1780acc3144e728cd2a399a784c4c,217323,216323,648969,217323,1000,999,0,999,239466,15,,,5979
A0,deep_dependency_chain,os_cache_warm,1000,1000,e7f306d6a087b66ee49003efecf058ed5cc1780acc3144e728cd2a399a784c4c,217323,432646,1297938,217323,1000,999,0,999,0,16,,,9458
A1,deep_dependency_chain,os_cache_warm,1000,1000,e7f306d6a087b66ee49003efecf058ed5cc1780acc3144e728cd2a399a784c4c,217323,216323,648969,217323,1000,999,0,999,0,16,51,138,5696
C-directory,deep_dependency_chain,os_cache_warm,1000,1000,e7f306d6a087b66ee49003efecf058ed5cc1780acc3144e728cd2a399a784c4c,217323,216323,648969,217323,1000,999,0,999,239466,16,,,6547
C-structural,deep_dependency_chain,os_cache_warm,1000,1000,e7f306d6a087b66ee49003efecf058ed5cc1780acc3144e728cd2a399a784c4c,217323,216323,648969,217323,1000,999,0,999,582310,16,,,7019
A1,deep_dependency_chain,os_cache_warm,1000,1000,e7f306d6a087b66ee49003efecf058ed5cc1780acc3144e728cd2a399a784c4c,217323,216323,648969,217323,1000,999,0,999,0,17,88,201,5676
C-directory,deep_dependency_chain,os_cache_warm,1000,1000,e7f306d6a087b66ee49003efecf058ed5cc1780acc3144e728cd2a399a784c4c,217323,216323,648969,217323,1000,999,0,999,239466,17,,,6796
C-structural,deep_dependency_chain,os_cache_warm,1000,1000,e7f306d6a087b66ee49003efecf058ed5cc1780acc3144e728cd2a399a784c4c,217323,216323,648969,217323,1000,999,0,999,582310,17,,,7175
A0,deep_dependency_chain,os_cache_warm,1000,1000,e7f306d6a087b66ee49003efecf058ed5cc1780acc3144e728cd2a399a784c4c,217323,432646,1297938,217323,1000,999,0,999,0,17,,,10287
C-directory,deep_dependency_chain,os_cache_warm,1000,1000,e7f306d6a087b66ee49003efecf058ed5cc1780acc3144e728cd2a399a784c4c,217323,216323,648969,217323,1000,999,0,999,239466,18,,,6267
C-structural,deep_dependency_chain,os_cache_warm,1000,1000,e7f306d6a087b66ee49003efecf058ed5cc1780acc3144e728cd2a399a784c4c,217323,216323,648969,217323,1000,999,0,999,582310,18,,,6843
A0,deep_dependency_chain,os_cache_warm,1000,1000,e7f306d6a087b66ee49003efecf058ed5cc1780acc3144e728cd2a399a784c4c,217323,432646,1297938,217323,1000,999,0,999,0,18,,,10157
A1,deep_dependency_chain,os_cache_warm,1000,1000,e7f306d6a087b66ee49003efecf058ed5cc1780acc3144e728cd2a399a784c4c,217323,216323,648969,217323,1000,999,0,999,0,18,81,201,5466
C-structural,deep_dependency_chain,os_cache_warm,1000,1000,e7f306d6a087b66ee49003efecf058ed5cc1780acc3144e728cd2a399a784c4c,217323,216323,648969,217323,1000,999,0,999,582310,19,,,7207
A0,deep_dependency_chain,os_cache_warm,1000,1000,e7f306d6a087b66ee49003efecf058ed5cc1780acc3144e728cd2a399a784c4c,217323,432646,1297938,217323,1000,999,0,999,0,19,,,10088
A1,deep_dependency_chain,os_cache_warm,1000,1000,e7f306d6a087b66ee49003efecf058ed5cc1780acc3144e728cd2a399a784c4c,217323,216323,648969,217323,1000,999,0,999,0,19,42,129,5286
C-directory,deep_dependency_chain,os_cache_warm,1000,1000,e7f306d6a087b66ee49003efecf058ed5cc1780acc3144e728cd2a399a784c4c,217323,216323,648969,217323,1000,999,0,999,239466,19,,,6004
A0,wide_fan_out,os_cache_warm,1000,2000,7cb38d978031bd4760a27a0b367d108e9f9b2aa73ecf145a37a6ccec600e1784,262555,523110,1569330,262555,1000,1000,0,1000,0,0,,,11979
A1,wide_fan_out,os_cache_warm,1000,2000,7cb38d978031bd4760a27a0b367d108e9f9b2aa73ecf145a37a6ccec600e1784,262555,261555,784665,262555,1000,1000,0,1000,0,0,64,169,6318
C-directory,wide_fan_out,os_cache_warm,1000,2000,7cb38d978031bd4760a27a0b367d108e9f9b2aa73ecf145a37a6ccec600e1784,262555,261555,784665,262555,1000,1000,0,1000,245679,0,,,7698
C-structural,wide_fan_out,os_cache_warm,1000,2000,7cb38d978031bd4760a27a0b367d108e9f9b2aa73ecf145a37a6ccec600e1784,262555,261555,784665,262555,1000,1000,0,1000,608864,0,,,8193
A1,wide_fan_out,os_cache_warm,1000,2000,7cb38d978031bd4760a27a0b367d108e9f9b2aa73ecf145a37a6ccec600e1784,262555,261555,784665,262555,1000,1000,0,1000,0,1,57,162,6304
C-directory,wide_fan_out,os_cache_warm,1000,2000,7cb38d978031bd4760a27a0b367d108e9f9b2aa73ecf145a37a6ccec600e1784,262555,261555,784665,262555,1000,1000,0,1000,245679,1,,,7672
C-structural,wide_fan_out,os_cache_warm,1000,2000,7cb38d978031bd4760a27a0b367d108e9f9b2aa73ecf145a37a6ccec600e1784,262555,261555,784665,262555,1000,1000,0,1000,608864,1,,,8521
A0,wide_fan_out,os_cache_warm,1000,2000,7cb38d978031bd4760a27a0b367d108e9f9b2aa73ecf145a37a6ccec600e1784,262555,523110,1569330,262555,1000,1000,0,1000,0,1,,,12098
C-directory,wide_fan_out,os_cache_warm,1000,2000,7cb38d978031bd4760a27a0b367d108e9f9b2aa73ecf145a37a6ccec600e1784,262555,261555,784665,262555,1000,1000,0,1000,245679,2,,,8014
C-structural,wide_fan_out,os_cache_warm,1000,2000,7cb38d978031bd4760a27a0b367d108e9f9b2aa73ecf145a37a6ccec600e1784,262555,261555,784665,262555,1000,1000,0,1000,608864,2,,,8488
A0,wide_fan_out,os_cache_warm,1000,2000,7cb38d978031bd4760a27a0b367d108e9f9b2aa73ecf145a37a6ccec600e1784,262555,523110,1569330,262555,1000,1000,0,1000,0,2,,,12015
A1,wide_fan_out,os_cache_warm,1000,2000,7cb38d978031bd4760a27a0b367d108e9f9b2aa73ecf145a37a6ccec600e1784,262555,261555,784665,262555,1000,1000,0,1000,0,2,47,131,6169
C-structural,wide_fan_out,os_cache_warm,1000,2000,7cb38d978031bd4760a27a0b367d108e9f9b2aa73ecf145a37a6ccec600e1784,262555,261555,784665,262555,1000,1000,0,1000,608864,3,,,8367
A0,wide_fan_out,os_cache_warm,1000,2000,7cb38d978031bd4760a27a0b367d108e9f9b2aa73ecf145a37a6ccec600e1784,262555,523110,1569330,262555,1000,1000,0,1000,0,3,,,13252
A1,wide_fan_out,os_cache_warm,1000,2000,7cb38d978031bd4760a27a0b367d108e9f9b2aa73ecf145a37a6ccec600e1784,262555,261555,784665,262555,1000,1000,0,1000,0,3,99,223,6984
C-directory,wide_fan_out,os_cache_warm,1000,2000,7cb38d978031bd4760a27a0b367d108e9f9b2aa73ecf145a37a6ccec600e1784,262555,261555,784665,262555,1000,1000,0,1000,245679,3,,,7970
A0,wide_fan_out,os_cache_warm,1000,2000,7cb38d978031bd4760a27a0b367d108e9f9b2aa73ecf145a37a6ccec600e1784,262555,523110,1569330,262555,1000,1000,0,1000,0,4,,,12981
A1,wide_fan_out,os_cache_warm,1000,2000,7cb38d978031bd4760a27a0b367d108e9f9b2aa73ecf145a37a6ccec600e1784,262555,261555,784665,262555,1000,1000,0,1000,0,4,98,249,6670
C-directory,wide_fan_out,os_cache_warm,1000,2000,7cb38d978031bd4760a27a0b367d108e9f9b2aa73ecf145a37a6ccec600e1784,262555,261555,784665,262555,1000,1000,0,1000,245679,4,,,7957
C-structural,wide_fan_out,os_cache_warm,1000,2000,7cb38d978031bd4760a27a0b367d108e9f9b2aa73ecf145a37a6ccec600e1784,262555,261555,784665,262555,1000,1000,0,1000,608864,4,,,8683
A1,wide_fan_out,os_cache_warm,1000,2000,7cb38d978031bd4760a27a0b367d108e9f9b2aa73ecf145a37a6ccec600e1784,262555,261555,784665,262555,1000,1000,0,1000,0,5,47,143,6713
C-directory,wide_fan_out,os_cache_warm,1000,2000,7cb38d978031bd4760a27a0b367d108e9f9b2aa73ecf145a37a6ccec600e1784,262555,261555,784665,262555,1000,1000,0,1000,245679,5,,,7800
C-structural,wide_fan_out,os_cache_warm,1000,2000,7cb38d978031bd4760a27a0b367d108e9f9b2aa73ecf145a37a6ccec600e1784,262555,261555,784665,262555,1000,1000,0,1000,608864,5,,,8408
A0,wide_fan_out,os_cache_warm,1000,2000,7cb38d978031bd4760a27a0b367d108e9f9b2aa73ecf145a37a6ccec600e1784,262555,523110,1569330,262555,1000,1000,0,1000,0,5,,,12522
C-directory,wide_fan_out,os_cache_warm,1000,2000,7cb38d978031bd4760a27a0b367d108e9f9b2aa73ecf145a37a6ccec600e1784,262555,261555,784665,262555,1000,1000,0,1000,245679,6,,,8246
C-structural,wide_fan_out,os_cache_warm,1000,2000,7cb38d978031bd4760a27a0b367d108e9f9b2aa73ecf145a37a6ccec600e1784,262555,261555,784665,262555,1000,1000,0,1000,608864,6,,,8692
A0,wide_fan_out,os_cache_warm,1000,2000,7cb38d978031bd4760a27a0b367d108e9f9b2aa73ecf145a37a6ccec600e1784,262555,523110,1569330,262555,1000,1000,0,1000,0,6,,,14012
A1,wide_fan_out,os_cache_warm,1000,2000,7cb38d978031bd4760a27a0b367d108e9f9b2aa73ecf145a37a6ccec600e1784,262555,261555,784665,262555,1000,1000,0,1000,0,6,52,148,7026
C-structural,wide_fan_out,os_cache_warm,1000,2000,7cb38d978031bd4760a27a0b367d108e9f9b2aa73ecf145a37a6ccec600e1784,262555,261555,784665,262555,1000,1000,0,1000,608864,7,,,8714
A0,wide_fan_out,os_cache_warm,1000,2000,7cb38d978031bd4760a27a0b367d108e9f9b2aa73ecf145a37a6ccec600e1784,262555,523110,1569330,262555,1000,1000,0,1000,0,7,,,13024
A1,wide_fan_out,os_cache_warm,1000,2000,7cb38d978031bd4760a27a0b367d108e9f9b2aa73ecf145a37a6ccec600e1784,262555,261555,784665,262555,1000,1000,0,1000,0,7,46,133,6323
C-directory,wide_fan_out,os_cache_warm,1000,2000,7cb38d978031bd4760a27a0b367d108e9f9b2aa73ecf145a37a6ccec600e1784,262555,261555,784665,262555,1000,1000,0,1000,245679,7,,,7978
A0,wide_fan_out,os_cache_warm,1000,2000,7cb38d978031bd4760a27a0b367d108e9f9b2aa73ecf145a37a6ccec600e1784,262555,523110,1569330,262555,1000,1000,0,1000,0,8,,,12697
A1,wide_fan_out,os_cache_warm,1000,2000,7cb38d978031bd4760a27a0b367d108e9f9b2aa73ecf145a37a6ccec600e1784,262555,261555,784665,262555,1000,1000,0,1000,0,8,49,139,6682
C-directory,wide_fan_out,os_cache_warm,1000,2000,7cb38d978031bd4760a27a0b367d108e9f9b2aa73ecf145a37a6ccec600e1784,262555,261555,784665,262555,1000,1000,0,1000,245679,8,,,7839
C-structural,wide_fan_out,os_cache_warm,1000,2000,7cb38d978031bd4760a27a0b367d108e9f9b2aa73ecf145a37a6ccec600e1784,262555,261555,784665,262555,1000,1000,0,1000,608864,8,,,8131
A1,wide_fan_out,os_cache_warm,1000,2000,7cb38d978031bd4760a27a0b367d108e9f9b2aa73ecf145a37a6ccec600e1784,262555,261555,784665,262555,1000,1000,0,1000,0,9,158,302,7218
C-directory,wide_fan_out,os_cache_warm,1000,2000,7cb38d978031bd4760a27a0b367d108e9f9b2aa73ecf145a37a6ccec600e1784,262555,261555,784665,262555,1000,1000,0,1000,245679,9,,,8035
C-structural,wide_fan_out,os_cache_warm,1000,2000,7cb38d978031bd4760a27a0b367d108e9f9b2aa73ecf145a37a6ccec600e1784,262555,261555,784665,262555,1000,1000,0,1000,608864,9,,,8276
A0,wide_fan_out,os_cache_warm,1000,2000,7cb38d978031bd4760a27a0b367d108e9f9b2aa73ecf145a37a6ccec600e1784,262555,523110,1569330,262555,1000,1000,0,1000,0,9,,,12588
C-directory,wide_fan_out,os_cache_warm,1000,2000,7cb38d978031bd4760a27a0b367d108e9f9b2aa73ecf145a37a6ccec600e1784,262555,261555,784665,262555,1000,1000,0,1000,245679,10,,,8090
C-structural,wide_fan_out,os_cache_warm,1000,2000,7cb38d978031bd4760a27a0b367d108e9f9b2aa73ecf145a37a6ccec600e1784,262555,261555,784665,262555,1000,1000,0,1000,608864,10,,,8216
A0,wide_fan_out,os_cache_warm,1000,2000,7cb38d978031bd4760a27a0b367d108e9f9b2aa73ecf145a37a6ccec600e1784,262555,523110,1569330,262555,1000,1000,0,1000,0,10,,,12821
A1,wide_fan_out,os_cache_warm,1000,2000,7cb38d978031bd4760a27a0b367d108e9f9b2aa73ecf145a37a6ccec600e1784,262555,261555,784665,262555,1000,1000,0,1000,0,10,66,170,6657
C-structural,wide_fan_out,os_cache_warm,1000,2000,7cb38d978031bd4760a27a0b367d108e9f9b2aa73ecf145a37a6ccec600e1784,262555,261555,784665,262555,1000,1000,0,1000,608864,11,,,8360
A0,wide_fan_out,os_cache_warm,1000,2000,7cb38d978031bd4760a27a0b367d108e9f9b2aa73ecf145a37a6ccec600e1784,262555,523110,1569330,262555,1000,1000,0,1000,0,11,,,12271
A1,wide_fan_out,os_cache_warm,1000,2000,7cb38d978031bd4760a27a0b367d108e9f9b2aa73ecf145a37a6ccec600e1784,262555,261555,784665,262555,1000,1000,0,1000,0,11,52,153,6240
C-directory,wide_fan_out,os_cache_warm,1000,2000,7cb38d978031bd4760a27a0b367d108e9f9b2aa73ecf145a37a6ccec600e1784,262555,261555,784665,262555,1000,1000,0,1000,245679,11,,,8470
A0,wide_fan_out,os_cache_warm,1000,2000,7cb38d978031bd4760a27a0b367d108e9f9b2aa73ecf145a37a6ccec600e1784,262555,523110,1569330,262555,1000,1000,0,1000,0,12,,,13100
A1,wide_fan_out,os_cache_warm,1000,2000,7cb38d978031bd4760a27a0b367d108e9f9b2aa73ecf145a37a6ccec600e1784,262555,261555,784665,262555,1000,1000,0,1000,0,12,107,238,6464
C-directory,wide_fan_out,os_cache_warm,1000,2000,7cb38d978031bd4760a27a0b367d108e9f9b2aa73ecf145a37a6ccec600e1784,262555,261555,784665,262555,1000,1000,0,1000,245679,12,,,8113
C-structural,wide_fan_out,os_cache_warm,1000,2000,7cb38d978031bd4760a27a0b367d108e9f9b2aa73ecf145a37a6ccec600e1784,262555,261555,784665,262555,1000,1000,0,1000,608864,12,,,8905
A1,wide_fan_out,os_cache_warm,1000,2000,7cb38d978031bd4760a27a0b367d108e9f9b2aa73ecf145a37a6ccec600e1784,262555,261555,784665,262555,1000,1000,0,1000,0,13,64,168,6437
C-directory,wide_fan_out,os_cache_warm,1000,2000,7cb38d978031bd4760a27a0b367d108e9f9b2aa73ecf145a37a6ccec600e1784,262555,261555,784665,262555,1000,1000,0,1000,245679,13,,,7974
C-structural,wide_fan_out,os_cache_warm,1000,2000,7cb38d978031bd4760a27a0b367d108e9f9b2aa73ecf145a37a6ccec600e1784,262555,261555,784665,262555,1000,1000,0,1000,608864,13,,,8578
A0,wide_fan_out,os_cache_warm,1000,2000,7cb38d978031bd4760a27a0b367d108e9f9b2aa73ecf145a37a6ccec600e1784,262555,523110,1569330,262555,1000,1000,0,1000,0,13,,,12786
C-directory,wide_fan_out,os_cache_warm,1000,2000,7cb38d978031bd4760a27a0b367d108e9f9b2aa73ecf145a37a6ccec600e1784,262555,261555,784665,262555,1000,1000,0,1000,245679,14,,,7739
C-structural,wide_fan_out,os_cache_warm,1000,2000,7cb38d978031bd4760a27a0b367d108e9f9b2aa73ecf145a37a6ccec600e1784,262555,261555,784665,262555,1000,1000,0,1000,608864,14,,,8358
A0,wide_fan_out,os_cache_warm,1000,2000,7cb38d978031bd4760a27a0b367d108e9f9b2aa73ecf145a37a6ccec600e1784,262555,523110,1569330,262555,1000,1000,0,1000,0,14,,,12697
A1,wide_fan_out,os_cache_warm,1000,2000,7cb38d978031bd4760a27a0b367d108e9f9b2aa73ecf145a37a6ccec600e1784,262555,261555,784665,262555,1000,1000,0,1000,0,14,46,139,7850
C-structural,wide_fan_out,os_cache_warm,1000,2000,7cb38d978031bd4760a27a0b367d108e9f9b2aa73ecf145a37a6ccec600e1784,262555,261555,784665,262555,1000,1000,0,1000,608864,15,,,9396
A0,wide_fan_out,os_cache_warm,1000,2000,7cb38d978031bd4760a27a0b367d108e9f9b2aa73ecf145a37a6ccec600e1784,262555,523110,1569330,262555,1000,1000,0,1000,0,15,,,13304
A1,wide_fan_out,os_cache_warm,1000,2000,7cb38d978031bd4760a27a0b367d108e9f9b2aa73ecf145a37a6ccec600e1784,262555,261555,784665,262555,1000,1000,0,1000,0,15,86,211,6815
C-directory,wide_fan_out,os_cache_warm,1000,2000,7cb38d978031bd4760a27a0b367d108e9f9b2aa73ecf145a37a6ccec600e1784,262555,261555,784665,262555,1000,1000,0,1000,245679,15,,,9498
A0,wide_fan_out,os_cache_warm,1000,2000,7cb38d978031bd4760a27a0b367d108e9f9b2aa73ecf145a37a6ccec600e1784,262555,523110,1569330,262555,1000,1000,0,1000,0,16,,,13952
A1,wide_fan_out,os_cache_warm,1000,2000,7cb38d978031bd4760a27a0b367d108e9f9b2aa73ecf145a37a6ccec600e1784,262555,261555,784665,262555,1000,1000,0,1000,0,16,108,240,6848
C-directory,wide_fan_out,os_cache_warm,1000,2000,7cb38d978031bd4760a27a0b367d108e9f9b2aa73ecf145a37a6ccec600e1784,262555,261555,784665,262555,1000,1000,0,1000,245679,16,,,8353
C-structural,wide_fan_out,os_cache_warm,1000,2000,7cb38d978031bd4760a27a0b367d108e9f9b2aa73ecf145a37a6ccec600e1784,262555,261555,784665,262555,1000,1000,0,1000,608864,16,,,8802
A1,wide_fan_out,os_cache_warm,1000,2000,7cb38d978031bd4760a27a0b367d108e9f9b2aa73ecf145a37a6ccec600e1784,262555,261555,784665,262555,1000,1000,0,1000,0,17,101,236,6674
C-directory,wide_fan_out,os_cache_warm,1000,2000,7cb38d978031bd4760a27a0b367d108e9f9b2aa73ecf145a37a6ccec600e1784,262555,261555,784665,262555,1000,1000,0,1000,245679,17,,,8156
C-structural,wide_fan_out,os_cache_warm,1000,2000,7cb38d978031bd4760a27a0b367d108e9f9b2aa73ecf145a37a6ccec600e1784,262555,261555,784665,262555,1000,1000,0,1000,608864,17,,,9635
A0,wide_fan_out,os_cache_warm,1000,2000,7cb38d978031bd4760a27a0b367d108e9f9b2aa73ecf145a37a6ccec600e1784,262555,523110,1569330,262555,1000,1000,0,1000,0,17,,,18371
C-directory,wide_fan_out,os_cache_warm,1000,2000,7cb38d978031bd4760a27a0b367d108e9f9b2aa73ecf145a37a6ccec600e1784,262555,261555,784665,262555,1000,1000,0,1000,245679,18,,,8585
C-structural,wide_fan_out,os_cache_warm,1000,2000,7cb38d978031bd4760a27a0b367d108e9f9b2aa73ecf145a37a6ccec600e1784,262555,261555,784665,262555,1000,1000,0,1000,608864,18,,,9669
A0,wide_fan_out,os_cache_warm,1000,2000,7cb38d978031bd4760a27a0b367d108e9f9b2aa73ecf145a37a6ccec600e1784,262555,523110,1569330,262555,1000,1000,0,1000,0,18,,,13540
A1,wide_fan_out,os_cache_warm,1000,2000,7cb38d978031bd4760a27a0b367d108e9f9b2aa73ecf145a37a6ccec600e1784,262555,261555,784665,262555,1000,1000,0,1000,0,18,55,153,6699
C-structural,wide_fan_out,os_cache_warm,1000,2000,7cb38d978031bd4760a27a0b367d108e9f9b2aa73ecf145a37a6ccec600e1784,262555,261555,784665,262555,1000,1000,0,1000,608864,19,,,8472
A0,wide_fan_out,os_cache_warm,1000,2000,7cb38d978031bd4760a27a0b367d108e9f9b2aa73ecf145a37a6ccec600e1784,262555,523110,1569330,262555,1000,1000,0,1000,0,19,,,13086
A1,wide_fan_out,os_cache_warm,1000,2000,7cb38d978031bd4760a27a0b367d108e9f9b2aa73ecf145a37a6ccec600e1784,262555,261555,784665,262555,1000,1000,0,1000,0,19,65,173,6837
C-directory,wide_fan_out,os_cache_warm,1000,2000,7cb38d978031bd4760a27a0b367d108e9f9b2aa73ecf145a37a6ccec600e1784,262555,261555,784665,262555,1000,1000,0,1000,245679,19,,,7735
A0,wide_fan_in,os_cache_warm,1000,2000,8891c4e66d6da68321654fbe4352663e5ea2b58f394a605cd8573297f83938f3,7696573,15391146,46173438,7696573,1000,127000,0,64000,0,0,,,340076
A1,wide_fan_in,os_cache_warm,1000,2000,8891c4e66d6da68321654fbe4352663e5ea2b58f394a605cd8573297f83938f3,7696573,7695573,23086719,7696573,1000,127000,0,64000,0,0,116,381,172005
C-directory,wide_fan_in,os_cache_warm,1000,2000,8891c4e66d6da68321654fbe4352663e5ea2b58f394a605cd8573297f83938f3,7696573,7695573,23086719,7696573,1000,127000,0,64000,248129,0,,,190020
C-structural,wide_fan_in,os_cache_warm,1000,2000,8891c4e66d6da68321654fbe4352663e5ea2b58f394a605cd8573297f83938f3,7696573,7695573,23086719,7696573,1000,127000,0,64000,7871236,0,,,220495
A1,wide_fan_in,os_cache_warm,1000,2000,8891c4e66d6da68321654fbe4352663e5ea2b58f394a605cd8573297f83938f3,7696573,7695573,23086719,7696573,1000,127000,0,64000,0,1,101,398,152126
C-directory,wide_fan_in,os_cache_warm,1000,2000,8891c4e66d6da68321654fbe4352663e5ea2b58f394a605cd8573297f83938f3,7696573,7695573,23086719,7696573,1000,127000,0,64000,248129,1,,,187434
C-structural,wide_fan_in,os_cache_warm,1000,2000,8891c4e66d6da68321654fbe4352663e5ea2b58f394a605cd8573297f83938f3,7696573,7695573,23086719,7696573,1000,127000,0,64000,7871236,1,,,245168
A0,wide_fan_in,os_cache_warm,1000,2000,8891c4e66d6da68321654fbe4352663e5ea2b58f394a605cd8573297f83938f3,7696573,15391146,46173438,7696573,1000,127000,0,64000,0,1,,,348426
C-directory,wide_fan_in,os_cache_warm,1000,2000,8891c4e66d6da68321654fbe4352663e5ea2b58f394a605cd8573297f83938f3,7696573,7695573,23086719,7696573,1000,127000,0,64000,248129,2,,,199076
C-structural,wide_fan_in,os_cache_warm,1000,2000,8891c4e66d6da68321654fbe4352663e5ea2b58f394a605cd8573297f83938f3,7696573,7695573,23086719,7696573,1000,127000,0,64000,7871236,2,,,231939
A0,wide_fan_in,os_cache_warm,1000,2000,8891c4e66d6da68321654fbe4352663e5ea2b58f394a605cd8573297f83938f3,7696573,15391146,46173438,7696573,1000,127000,0,64000,0,2,,,323201
A1,wide_fan_in,os_cache_warm,1000,2000,8891c4e66d6da68321654fbe4352663e5ea2b58f394a605cd8573297f83938f3,7696573,7695573,23086719,7696573,1000,127000,0,64000,0,2,127,405,152779
C-structural,wide_fan_in,os_cache_warm,1000,2000,8891c4e66d6da68321654fbe4352663e5ea2b58f394a605cd8573297f83938f3,7696573,7695573,23086719,7696573,1000,127000,0,64000,7871236,3,,,236547
A0,wide_fan_in,os_cache_warm,1000,2000,8891c4e66d6da68321654fbe4352663e5ea2b58f394a605cd8573297f83938f3,7696573,15391146,46173438,7696573,1000,127000,0,64000,0,3,,,310788
A1,wide_fan_in,os_cache_warm,1000,2000,8891c4e66d6da68321654fbe4352663e5ea2b58f394a605cd8573297f83938f3,7696573,7695573,23086719,7696573,1000,127000,0,64000,0,3,116,373,155085
C-directory,wide_fan_in,os_cache_warm,1000,2000,8891c4e66d6da68321654fbe4352663e5ea2b58f394a605cd8573297f83938f3,7696573,7695573,23086719,7696573,1000,127000,0,64000,248129,3,,,182253
A0,wide_fan_in,os_cache_warm,1000,2000,8891c4e66d6da68321654fbe4352663e5ea2b58f394a605cd8573297f83938f3,7696573,15391146,46173438,7696573,1000,127000,0,64000,0,4,,,309450
A1,wide_fan_in,os_cache_warm,1000,2000,8891c4e66d6da68321654fbe4352663e5ea2b58f394a605cd8573297f83938f3,7696573,7695573,23086719,7696573,1000,127000,0,64000,0,4,118,376,153092
C-directory,wide_fan_in,os_cache_warm,1000,2000,8891c4e66d6da68321654fbe4352663e5ea2b58f394a605cd8573297f83938f3,7696573,7695573,23086719,7696573,1000,127000,0,64000,248129,4,,,182680
C-structural,wide_fan_in,os_cache_warm,1000,2000,8891c4e66d6da68321654fbe4352663e5ea2b58f394a605cd8573297f83938f3,7696573,7695573,23086719,7696573,1000,127000,0,64000,7871236,4,,,218243
A1,wide_fan_in,os_cache_warm,1000,2000,8891c4e66d6da68321654fbe4352663e5ea2b58f394a605cd8573297f83938f3,7696573,7695573,23086719,7696573,1000,127000,0,64000,0,5,147,448,153233
C-directory,wide_fan_in,os_cache_warm,1000,2000,8891c4e66d6da68321654fbe4352663e5ea2b58f394a605cd8573297f83938f3,7696573,7695573,23086719,7696573,1000,127000,0,64000,248129,5,,,181061
C-structural,wide_fan_in,os_cache_warm,1000,2000,8891c4e66d6da68321654fbe4352663e5ea2b58f394a605cd8573297f83938f3,7696573,7695573,23086719,7696573,1000,127000,0,64000,7871236,5,,,217383
A0,wide_fan_in,os_cache_warm,1000,2000,8891c4e66d6da68321654fbe4352663e5ea2b58f394a605cd8573297f83938f3,7696573,15391146,46173438,7696573,1000,127000,0,64000,0,5,,,311641
C-directory,wide_fan_in,os_cache_warm,1000,2000,8891c4e66d6da68321654fbe4352663e5ea2b58f394a605cd8573297f83938f3,7696573,7695573,23086719,7696573,1000,127000,0,64000,248129,6,,,196861
C-structural,wide_fan_in,os_cache_warm,1000,2000,8891c4e66d6da68321654fbe4352663e5ea2b58f394a605cd8573297f83938f3,7696573,7695573,23086719,7696573,1000,127000,0,64000,7871236,6,,,216500
A0,wide_fan_in,os_cache_warm,1000,2000,8891c4e66d6da68321654fbe4352663e5ea2b58f394a605cd8573297f83938f3,7696573,15391146,46173438,7696573,1000,127000,0,64000,0,6,,,306483
A1,wide_fan_in,os_cache_warm,1000,2000,8891c4e66d6da68321654fbe4352663e5ea2b58f394a605cd8573297f83938f3,7696573,7695573,23086719,7696573,1000,127000,0,64000,0,6,94,344,149139
C-structural,wide_fan_in,os_cache_warm,1000,2000,8891c4e66d6da68321654fbe4352663e5ea2b58f394a605cd8573297f83938f3,7696573,7695573,23086719,7696573,1000,127000,0,64000,7871236,7,,,213502
A0,wide_fan_in,os_cache_warm,1000,2000,8891c4e66d6da68321654fbe4352663e5ea2b58f394a605cd8573297f83938f3,7696573,15391146,46173438,7696573,1000,127000,0,64000,0,7,,,308877
A1,wide_fan_in,os_cache_warm,1000,2000,8891c4e66d6da68321654fbe4352663e5ea2b58f394a605cd8573297f83938f3,7696573,7695573,23086719,7696573,1000,127000,0,64000,0,7,133,420,152474
C-directory,wide_fan_in,os_cache_warm,1000,2000,8891c4e66d6da68321654fbe4352663e5ea2b58f394a605cd8573297f83938f3,7696573,7695573,23086719,7696573,1000,127000,0,64000,248129,7,,,181717
A0,wide_fan_in,os_cache_warm,1000,2000,8891c4e66d6da68321654fbe4352663e5ea2b58f394a605cd8573297f83938f3,7696573,15391146,46173438,7696573,1000,127000,0,64000,0,8,,,303878
A1,wide_fan_in,os_cache_warm,1000,2000,8891c4e66d6da68321654fbe4352663e5ea2b58f394a605cd8573297f83938f3,7696573,7695573,23086719,7696573,1000,127000,0,64000,0,8,116,392,150493
C-directory,wide_fan_in,os_cache_warm,1000,2000,8891c4e66d6da68321654fbe4352663e5ea2b58f394a605cd8573297f83938f3,7696573,7695573,23086719,7696573,1000,127000,0,64000,248129,8,,,178840
C-structural,wide_fan_in,os_cache_warm,1000,2000,8891c4e66d6da68321654fbe4352663e5ea2b58f394a605cd8573297f83938f3,7696573,7695573,23086719,7696573,1000,127000,0,64000,7871236,8,,,212441
A1,wide_fan_in,os_cache_warm,1000,2000,8891c4e66d6da68321654fbe4352663e5ea2b58f394a605cd8573297f83938f3,7696573,7695573,23086719,7696573,1000,127000,0,64000,0,9,111,372,149343
C-directory,wide_fan_in,os_cache_warm,1000,2000,8891c4e66d6da68321654fbe4352663e5ea2b58f394a605cd8573297f83938f3,7696573,7695573,23086719,7696573,1000,127000,0,64000,248129,9,,,179504
C-structural,wide_fan_in,os_cache_warm,1000,2000,8891c4e66d6da68321654fbe4352663e5ea2b58f394a605cd8573297f83938f3,7696573,7695573,23086719,7696573,1000,127000,0,64000,7871236,9,,,213410
A0,wide_fan_in,os_cache_warm,1000,2000,8891c4e66d6da68321654fbe4352663e5ea2b58f394a605cd8573297f83938f3,7696573,15391146,46173438,7696573,1000,127000,0,64000,0,9,,,310085
C-directory,wide_fan_in,os_cache_warm,1000,2000,8891c4e66d6da68321654fbe4352663e5ea2b58f394a605cd8573297f83938f3,7696573,7695573,23086719,7696573,1000,127000,0,64000,248129,10,,,183137
C-structural,wide_fan_in,os_cache_warm,1000,2000,8891c4e66d6da68321654fbe4352663e5ea2b58f394a605cd8573297f83938f3,7696573,7695573,23086719,7696573,1000,127000,0,64000,7871236,10,,,212472
A0,wide_fan_in,os_cache_warm,1000,2000,8891c4e66d6da68321654fbe4352663e5ea2b58f394a605cd8573297f83938f3,7696573,15391146,46173438,7696573,1000,127000,0,64000,0,10,,,301913
A1,wide_fan_in,os_cache_warm,1000,2000,8891c4e66d6da68321654fbe4352663e5ea2b58f394a605cd8573297f83938f3,7696573,7695573,23086719,7696573,1000,127000,0,64000,0,10,120,501,150337
C-structural,wide_fan_in,os_cache_warm,1000,2000,8891c4e66d6da68321654fbe4352663e5ea2b58f394a605cd8573297f83938f3,7696573,7695573,23086719,7696573,1000,127000,0,64000,7871236,11,,,217833
A0,wide_fan_in,os_cache_warm,1000,2000,8891c4e66d6da68321654fbe4352663e5ea2b58f394a605cd8573297f83938f3,7696573,15391146,46173438,7696573,1000,127000,0,64000,0,11,,,317583
A1,wide_fan_in,os_cache_warm,1000,2000,8891c4e66d6da68321654fbe4352663e5ea2b58f394a605cd8573297f83938f3,7696573,7695573,23086719,7696573,1000,127000,0,64000,0,11,103,358,151218
C-directory,wide_fan_in,os_cache_warm,1000,2000,8891c4e66d6da68321654fbe4352663e5ea2b58f394a605cd8573297f83938f3,7696573,7695573,23086719,7696573,1000,127000,0,64000,248129,11,,,180195
A0,wide_fan_in,os_cache_warm,1000,2000,8891c4e66d6da68321654fbe4352663e5ea2b58f394a605cd8573297f83938f3,7696573,15391146,46173438,7696573,1000,127000,0,64000,0,12,,,306562
A1,wide_fan_in,os_cache_warm,1000,2000,8891c4e66d6da68321654fbe4352663e5ea2b58f394a605cd8573297f83938f3,7696573,7695573,23086719,7696573,1000,127000,0,64000,0,12,128,423,150287
C-directory,wide_fan_in,os_cache_warm,1000,2000,8891c4e66d6da68321654fbe4352663e5ea2b58f394a605cd8573297f83938f3,7696573,7695573,23086719,7696573,1000,127000,0,64000,248129,12,,,181602
C-structural,wide_fan_in,os_cache_warm,1000,2000,8891c4e66d6da68321654fbe4352663e5ea2b58f394a605cd8573297f83938f3,7696573,7695573,23086719,7696573,1000,127000,0,64000,7871236,12,,,212098
A1,wide_fan_in,os_cache_warm,1000,2000,8891c4e66d6da68321654fbe4352663e5ea2b58f394a605cd8573297f83938f3,7696573,7695573,23086719,7696573,1000,127000,0,64000,0,13,135,401,150489
C-directory,wide_fan_in,os_cache_warm,1000,2000,8891c4e66d6da68321654fbe4352663e5ea2b58f394a605cd8573297f83938f3,7696573,7695573,23086719,7696573,1000,127000,0,64000,248129,13,,,188084
C-structural,wide_fan_in,os_cache_warm,1000,2000,8891c4e66d6da68321654fbe4352663e5ea2b58f394a605cd8573297f83938f3,7696573,7695573,23086719,7696573,1000,127000,0,64000,7871236,13,,,213791
A0,wide_fan_in,os_cache_warm,1000,2000,8891c4e66d6da68321654fbe4352663e5ea2b58f394a605cd8573297f83938f3,7696573,15391146,46173438,7696573,1000,127000,0,64000,0,13,,,306980
C-directory,wide_fan_in,os_cache_warm,1000,2000,8891c4e66d6da68321654fbe4352663e5ea2b58f394a605cd8573297f83938f3,7696573,7695573,23086719,7696573,1000,127000,0,64000,248129,14,,,181818
C-structural,wide_fan_in,os_cache_warm,1000,2000,8891c4e66d6da68321654fbe4352663e5ea2b58f394a605cd8573297f83938f3,7696573,7695573,23086719,7696573,1000,127000,0,64000,7871236,14,,,212237
A0,wide_fan_in,os_cache_warm,1000,2000,8891c4e66d6da68321654fbe4352663e5ea2b58f394a605cd8573297f83938f3,7696573,15391146,46173438,7696573,1000,127000,0,64000,0,14,,,310029
A1,wide_fan_in,os_cache_warm,1000,2000,8891c4e66d6da68321654fbe4352663e5ea2b58f394a605cd8573297f83938f3,7696573,7695573,23086719,7696573,1000,127000,0,64000,0,14,111,365,183842
C-structural,wide_fan_in,os_cache_warm,1000,2000,8891c4e66d6da68321654fbe4352663e5ea2b58f394a605cd8573297f83938f3,7696573,7695573,23086719,7696573,1000,127000,0,64000,7871236,15,,,217874
A0,wide_fan_in,os_cache_warm,1000,2000,8891c4e66d6da68321654fbe4352663e5ea2b58f394a605cd8573297f83938f3,7696573,15391146,46173438,7696573,1000,127000,0,64000,0,15,,,307887
A1,wide_fan_in,os_cache_warm,1000,2000,8891c4e66d6da68321654fbe4352663e5ea2b58f394a605cd8573297f83938f3,7696573,7695573,23086719,7696573,1000,127000,0,64000,0,15,123,388,150649
C-directory,wide_fan_in,os_cache_warm,1000,2000,8891c4e66d6da68321654fbe4352663e5ea2b58f394a605cd8573297f83938f3,7696573,7695573,23086719,7696573,1000,127000,0,64000,248129,15,,,182923
A0,wide_fan_in,os_cache_warm,1000,2000,8891c4e66d6da68321654fbe4352663e5ea2b58f394a605cd8573297f83938f3,7696573,15391146,46173438,7696573,1000,127000,0,64000,0,16,,,310802
A1,wide_fan_in,os_cache_warm,1000,2000,8891c4e66d6da68321654fbe4352663e5ea2b58f394a605cd8573297f83938f3,7696573,7695573,23086719,7696573,1000,127000,0,64000,0,16,96,343,150399
C-directory,wide_fan_in,os_cache_warm,1000,2000,8891c4e66d6da68321654fbe4352663e5ea2b58f394a605cd8573297f83938f3,7696573,7695573,23086719,7696573,1000,127000,0,64000,248129,16,,,180710
C-structural,wide_fan_in,os_cache_warm,1000,2000,8891c4e66d6da68321654fbe4352663e5ea2b58f394a605cd8573297f83938f3,7696573,7695573,23086719,7696573,1000,127000,0,64000,7871236,16,,,213390
A1,wide_fan_in,os_cache_warm,1000,2000,8891c4e66d6da68321654fbe4352663e5ea2b58f394a605cd8573297f83938f3,7696573,7695573,23086719,7696573,1000,127000,0,64000,0,17,106,369,151923
C-directory,wide_fan_in,os_cache_warm,1000,2000,8891c4e66d6da68321654fbe4352663e5ea2b58f394a605cd8573297f83938f3,7696573,7695573,23086719,7696573,1000,127000,0,64000,248129,17,,,185586
C-structural,wide_fan_in,os_cache_warm,1000,2000,8891c4e66d6da68321654fbe4352663e5ea2b58f394a605cd8573297f83938f3,7696573,7695573,23086719,7696573,1000,127000,0,64000,7871236,17,,,215174
A0,wide_fan_in,os_cache_warm,1000,2000,8891c4e66d6da68321654fbe4352663e5ea2b58f394a605cd8573297f83938f3,7696573,15391146,46173438,7696573,1000,127000,0,64000,0,17,,,306948
C-directory,wide_fan_in,os_cache_warm,1000,2000,8891c4e66d6da68321654fbe4352663e5ea2b58f394a605cd8573297f83938f3,7696573,7695573,23086719,7696573,1000,127000,0,64000,248129,18,,,181711
C-structural,wide_fan_in,os_cache_warm,1000,2000,8891c4e66d6da68321654fbe4352663e5ea2b58f394a605cd8573297f83938f3,7696573,7695573,23086719,7696573,1000,127000,0,64000,7871236,18,,,295893
A0,wide_fan_in,os_cache_warm,1000,2000,8891c4e66d6da68321654fbe4352663e5ea2b58f394a605cd8573297f83938f3,7696573,15391146,46173438,7696573,1000,127000,0,64000,0,18,,,305443
A1,wide_fan_in,os_cache_warm,1000,2000,8891c4e66d6da68321654fbe4352663e5ea2b58f394a605cd8573297f83938f3,7696573,7695573,23086719,7696573,1000,127000,0,64000,0,18,99,370,152712
C-structural,wide_fan_in,os_cache_warm,1000,2000,8891c4e66d6da68321654fbe4352663e5ea2b58f394a605cd8573297f83938f3,7696573,7695573,23086719,7696573,1000,127000,0,64000,7871236,19,,,213422
A0,wide_fan_in,os_cache_warm,1000,2000,8891c4e66d6da68321654fbe4352663e5ea2b58f394a605cd8573297f83938f3,7696573,15391146,46173438,7696573,1000,127000,0,64000,0,19,,,307864
A1,wide_fan_in,os_cache_warm,1000,2000,8891c4e66d6da68321654fbe4352663e5ea2b58f394a605cd8573297f83938f3,7696573,7695573,23086719,7696573,1000,127000,0,64000,0,19,137,396,151034
C-directory,wide_fan_in,os_cache_warm,1000,2000,8891c4e66d6da68321654fbe4352663e5ea2b58f394a605cd8573297f83938f3,7696573,7695573,23086719,7696573,1000,127000,0,64000,248129,19,,,186036
A0,cross_shard_cycle,os_cache_warm,1000,1000,6c4b2c88423d192857efc4a76942a69b11a2d24d3ea47c5efe3bb62dd67d844e,217397,432794,1298382,217397,1000,1000,0,1000,0,0,,,11168
A1,cross_shard_cycle,os_cache_warm,1000,1000,6c4b2c88423d192857efc4a76942a69b11a2d24d3ea47c5efe3bb62dd67d844e,217397,216397,649191,217397,1000,1000,0,1000,0,0,57,153,5968
C-directory,cross_shard_cycle,os_cache_warm,1000,1000,6c4b2c88423d192857efc4a76942a69b11a2d24d3ea47c5efe3bb62dd67d844e,217397,216397,649191,217397,1000,1000,0,1000,239461,0,,,7527
C-structural,cross_shard_cycle,os_cache_warm,1000,1000,6c4b2c88423d192857efc4a76942a69b11a2d24d3ea47c5efe3bb62dd67d844e,217397,216397,649191,217397,1000,1000,0,1000,582568,0,,,7675
A1,cross_shard_cycle,os_cache_warm,1000,1000,6c4b2c88423d192857efc4a76942a69b11a2d24d3ea47c5efe3bb62dd67d844e,217397,216397,649191,217397,1000,1000,0,1000,0,1,243,430,5638
C-directory,cross_shard_cycle,os_cache_warm,1000,1000,6c4b2c88423d192857efc4a76942a69b11a2d24d3ea47c5efe3bb62dd67d844e,217397,216397,649191,217397,1000,1000,0,1000,239461,1,,,6885
C-structural,cross_shard_cycle,os_cache_warm,1000,1000,6c4b2c88423d192857efc4a76942a69b11a2d24d3ea47c5efe3bb62dd67d844e,217397,216397,649191,217397,1000,1000,0,1000,582568,1,,,7404
A0,cross_shard_cycle,os_cache_warm,1000,1000,6c4b2c88423d192857efc4a76942a69b11a2d24d3ea47c5efe3bb62dd67d844e,217397,432794,1298382,217397,1000,1000,0,1000,0,1,,,13729
C-directory,cross_shard_cycle,os_cache_warm,1000,1000,6c4b2c88423d192857efc4a76942a69b11a2d24d3ea47c5efe3bb62dd67d844e,217397,216397,649191,217397,1000,1000,0,1000,239461,2,,,8166
C-structural,cross_shard_cycle,os_cache_warm,1000,1000,6c4b2c88423d192857efc4a76942a69b11a2d24d3ea47c5efe3bb62dd67d844e,217397,216397,649191,217397,1000,1000,0,1000,582568,2,,,9312
A0,cross_shard_cycle,os_cache_warm,1000,1000,6c4b2c88423d192857efc4a76942a69b11a2d24d3ea47c5efe3bb62dd67d844e,217397,432794,1298382,217397,1000,1000,0,1000,0,2,,,15845
A1,cross_shard_cycle,os_cache_warm,1000,1000,6c4b2c88423d192857efc4a76942a69b11a2d24d3ea47c5efe3bb62dd67d844e,217397,216397,649191,217397,1000,1000,0,1000,0,2,129,273,6117
C-structural,cross_shard_cycle,os_cache_warm,1000,1000,6c4b2c88423d192857efc4a76942a69b11a2d24d3ea47c5efe3bb62dd67d844e,217397,216397,649191,217397,1000,1000,0,1000,582568,3,,,7707
A0,cross_shard_cycle,os_cache_warm,1000,1000,6c4b2c88423d192857efc4a76942a69b11a2d24d3ea47c5efe3bb62dd67d844e,217397,432794,1298382,217397,1000,1000,0,1000,0,3,,,11244
A1,cross_shard_cycle,os_cache_warm,1000,1000,6c4b2c88423d192857efc4a76942a69b11a2d24d3ea47c5efe3bb62dd67d844e,217397,216397,649191,217397,1000,1000,0,1000,0,3,60,156,7446
C-directory,cross_shard_cycle,os_cache_warm,1000,1000,6c4b2c88423d192857efc4a76942a69b11a2d24d3ea47c5efe3bb62dd67d844e,217397,216397,649191,217397,1000,1000,0,1000,239461,3,,,11595
A0,cross_shard_cycle,os_cache_warm,1000,1000,6c4b2c88423d192857efc4a76942a69b11a2d24d3ea47c5efe3bb62dd67d844e,217397,432794,1298382,217397,1000,1000,0,1000,0,4,,,11819
A1,cross_shard_cycle,os_cache_warm,1000,1000,6c4b2c88423d192857efc4a76942a69b11a2d24d3ea47c5efe3bb62dd67d844e,217397,216397,649191,217397,1000,1000,0,1000,0,4,89,207,7476
C-directory,cross_shard_cycle,os_cache_warm,1000,1000,6c4b2c88423d192857efc4a76942a69b11a2d24d3ea47c5efe3bb62dd67d844e,217397,216397,649191,217397,1000,1000,0,1000,239461,4,,,8326
C-structural,cross_shard_cycle,os_cache_warm,1000,1000,6c4b2c88423d192857efc4a76942a69b11a2d24d3ea47c5efe3bb62dd67d844e,217397,216397,649191,217397,1000,1000,0,1000,582568,4,,,7177
A1,cross_shard_cycle,os_cache_warm,1000,1000,6c4b2c88423d192857efc4a76942a69b11a2d24d3ea47c5efe3bb62dd67d844e,217397,216397,649191,217397,1000,1000,0,1000,0,5,122,262,6363
C-directory,cross_shard_cycle,os_cache_warm,1000,1000,6c4b2c88423d192857efc4a76942a69b11a2d24d3ea47c5efe3bb62dd67d844e,217397,216397,649191,217397,1000,1000,0,1000,239461,5,,,7658
C-structural,cross_shard_cycle,os_cache_warm,1000,1000,6c4b2c88423d192857efc4a76942a69b11a2d24d3ea47c5efe3bb62dd67d844e,217397,216397,649191,217397,1000,1000,0,1000,582568,5,,,11113
A0,cross_shard_cycle,os_cache_warm,1000,1000,6c4b2c88423d192857efc4a76942a69b11a2d24d3ea47c5efe3bb62dd67d844e,217397,432794,1298382,217397,1000,1000,0,1000,0,5,,,14781
C-directory,cross_shard_cycle,os_cache_warm,1000,1000,6c4b2c88423d192857efc4a76942a69b11a2d24d3ea47c5efe3bb62dd67d844e,217397,216397,649191,217397,1000,1000,0,1000,239461,6,,,7295
C-structural,cross_shard_cycle,os_cache_warm,1000,1000,6c4b2c88423d192857efc4a76942a69b11a2d24d3ea47c5efe3bb62dd67d844e,217397,216397,649191,217397,1000,1000,0,1000,582568,6,,,8633
A0,cross_shard_cycle,os_cache_warm,1000,1000,6c4b2c88423d192857efc4a76942a69b11a2d24d3ea47c5efe3bb62dd67d844e,217397,432794,1298382,217397,1000,1000,0,1000,0,6,,,12686
A1,cross_shard_cycle,os_cache_warm,1000,1000,6c4b2c88423d192857efc4a76942a69b11a2d24d3ea47c5efe3bb62dd67d844e,217397,216397,649191,217397,1000,1000,0,1000,0,6,65,174,5727
C-structural,cross_shard_cycle,os_cache_warm,1000,1000,6c4b2c88423d192857efc4a76942a69b11a2d24d3ea47c5efe3bb62dd67d844e,217397,216397,649191,217397,1000,1000,0,1000,582568,7,,,7044
A0,cross_shard_cycle,os_cache_warm,1000,1000,6c4b2c88423d192857efc4a76942a69b11a2d24d3ea47c5efe3bb62dd67d844e,217397,432794,1298382,217397,1000,1000,0,1000,0,7,,,12695
A1,cross_shard_cycle,os_cache_warm,1000,1000,6c4b2c88423d192857efc4a76942a69b11a2d24d3ea47c5efe3bb62dd67d844e,217397,216397,649191,217397,1000,1000,0,1000,0,7,76,181,6594
C-directory,cross_shard_cycle,os_cache_warm,1000,1000,6c4b2c88423d192857efc4a76942a69b11a2d24d3ea47c5efe3bb62dd67d844e,217397,216397,649191,217397,1000,1000,0,1000,239461,7,,,6633
A0,cross_shard_cycle,os_cache_warm,1000,1000,6c4b2c88423d192857efc4a76942a69b11a2d24d3ea47c5efe3bb62dd67d844e,217397,432794,1298382,217397,1000,1000,0,1000,0,8,,,11100
A1,cross_shard_cycle,os_cache_warm,1000,1000,6c4b2c88423d192857efc4a76942a69b11a2d24d3ea47c5efe3bb62dd67d844e,217397,216397,649191,217397,1000,1000,0,1000,0,8,149,320,5807
C-directory,cross_shard_cycle,os_cache_warm,1000,1000,6c4b2c88423d192857efc4a76942a69b11a2d24d3ea47c5efe3bb62dd67d844e,217397,216397,649191,217397,1000,1000,0,1000,239461,8,,,8624
C-structural,cross_shard_cycle,os_cache_warm,1000,1000,6c4b2c88423d192857efc4a76942a69b11a2d24d3ea47c5efe3bb62dd67d844e,217397,216397,649191,217397,1000,1000,0,1000,582568,8,,,7684
A1,cross_shard_cycle,os_cache_warm,1000,1000,6c4b2c88423d192857efc4a76942a69b11a2d24d3ea47c5efe3bb62dd67d844e,217397,216397,649191,217397,1000,1000,0,1000,0,9,64,161,5466
C-directory,cross_shard_cycle,os_cache_warm,1000,1000,6c4b2c88423d192857efc4a76942a69b11a2d24d3ea47c5efe3bb62dd67d844e,217397,216397,649191,217397,1000,1000,0,1000,239461,9,,,6425
C-structural,cross_shard_cycle,os_cache_warm,1000,1000,6c4b2c88423d192857efc4a76942a69b11a2d24d3ea47c5efe3bb62dd67d844e,217397,216397,649191,217397,1000,1000,0,1000,582568,9,,,8276
A0,cross_shard_cycle,os_cache_warm,1000,1000,6c4b2c88423d192857efc4a76942a69b11a2d24d3ea47c5efe3bb62dd67d844e,217397,432794,1298382,217397,1000,1000,0,1000,0,9,,,11235
C-directory,cross_shard_cycle,os_cache_warm,1000,1000,6c4b2c88423d192857efc4a76942a69b11a2d24d3ea47c5efe3bb62dd67d844e,217397,216397,649191,217397,1000,1000,0,1000,239461,10,,,7040
C-structural,cross_shard_cycle,os_cache_warm,1000,1000,6c4b2c88423d192857efc4a76942a69b11a2d24d3ea47c5efe3bb62dd67d844e,217397,216397,649191,217397,1000,1000,0,1000,582568,10,,,7237
A0,cross_shard_cycle,os_cache_warm,1000,1000,6c4b2c88423d192857efc4a76942a69b11a2d24d3ea47c5efe3bb62dd67d844e,217397,432794,1298382,217397,1000,1000,0,1000,0,10,,,10829
A1,cross_shard_cycle,os_cache_warm,1000,1000,6c4b2c88423d192857efc4a76942a69b11a2d24d3ea47c5efe3bb62dd67d844e,217397,216397,649191,217397,1000,1000,0,1000,0,10,47,133,5686
C-structural,cross_shard_cycle,os_cache_warm,1000,1000,6c4b2c88423d192857efc4a76942a69b11a2d24d3ea47c5efe3bb62dd67d844e,217397,216397,649191,217397,1000,1000,0,1000,582568,11,,,7350
A0,cross_shard_cycle,os_cache_warm,1000,1000,6c4b2c88423d192857efc4a76942a69b11a2d24d3ea47c5efe3bb62dd67d844e,217397,432794,1298382,217397,1000,1000,0,1000,0,11,,,11628
A1,cross_shard_cycle,os_cache_warm,1000,1000,6c4b2c88423d192857efc4a76942a69b11a2d24d3ea47c5efe3bb62dd67d844e,217397,216397,649191,217397,1000,1000,0,1000,0,11,82,194,9529
C-directory,cross_shard_cycle,os_cache_warm,1000,1000,6c4b2c88423d192857efc4a76942a69b11a2d24d3ea47c5efe3bb62dd67d844e,217397,216397,649191,217397,1000,1000,0,1000,239461,11,,,7016
A0,cross_shard_cycle,os_cache_warm,1000,1000,6c4b2c88423d192857efc4a76942a69b11a2d24d3ea47c5efe3bb62dd67d844e,217397,432794,1298382,217397,1000,1000,0,1000,0,12,,,11794
A1,cross_shard_cycle,os_cache_warm,1000,1000,6c4b2c88423d192857efc4a76942a69b11a2d24d3ea47c5efe3bb62dd67d844e,217397,216397,649191,217397,1000,1000,0,1000,0,12,133,544,6940
C-directory,cross_shard_cycle,os_cache_warm,1000,1000,6c4b2c88423d192857efc4a76942a69b11a2d24d3ea47c5efe3bb62dd67d844e,217397,216397,649191,217397,1000,1000,0,1000,239461,12,,,8418
C-structural,cross_shard_cycle,os_cache_warm,1000,1000,6c4b2c88423d192857efc4a76942a69b11a2d24d3ea47c5efe3bb62dd67d844e,217397,216397,649191,217397,1000,1000,0,1000,582568,12,,,8078
A1,cross_shard_cycle,os_cache_warm,1000,1000,6c4b2c88423d192857efc4a76942a69b11a2d24d3ea47c5efe3bb62dd67d844e,217397,216397,649191,217397,1000,1000,0,1000,0,13,77,189,6329
C-directory,cross_shard_cycle,os_cache_warm,1000,1000,6c4b2c88423d192857efc4a76942a69b11a2d24d3ea47c5efe3bb62dd67d844e,217397,216397,649191,217397,1000,1000,0,1000,239461,13,,,7284
C-structural,cross_shard_cycle,os_cache_warm,1000,1000,6c4b2c88423d192857efc4a76942a69b11a2d24d3ea47c5efe3bb62dd67d844e,217397,216397,649191,217397,1000,1000,0,1000,582568,13,,,10646
A0,cross_shard_cycle,os_cache_warm,1000,1000,6c4b2c88423d192857efc4a76942a69b11a2d24d3ea47c5efe3bb62dd67d844e,217397,432794,1298382,217397,1000,1000,0,1000,0,13,,,11854
C-directory,cross_shard_cycle,os_cache_warm,1000,1000,6c4b2c88423d192857efc4a76942a69b11a2d24d3ea47c5efe3bb62dd67d844e,217397,216397,649191,217397,1000,1000,0,1000,239461,14,,,7036
C-structural,cross_shard_cycle,os_cache_warm,1000,1000,6c4b2c88423d192857efc4a76942a69b11a2d24d3ea47c5efe3bb62dd67d844e,217397,216397,649191,217397,1000,1000,0,1000,582568,14,,,7667
A0,cross_shard_cycle,os_cache_warm,1000,1000,6c4b2c88423d192857efc4a76942a69b11a2d24d3ea47c5efe3bb62dd67d844e,217397,432794,1298382,217397,1000,1000,0,1000,0,14,,,12502
A1,cross_shard_cycle,os_cache_warm,1000,1000,6c4b2c88423d192857efc4a76942a69b11a2d24d3ea47c5efe3bb62dd67d844e,217397,216397,649191,217397,1000,1000,0,1000,0,14,91,214,5480
C-structural,cross_shard_cycle,os_cache_warm,1000,1000,6c4b2c88423d192857efc4a76942a69b11a2d24d3ea47c5efe3bb62dd67d844e,217397,216397,649191,217397,1000,1000,0,1000,582568,15,,,9514
A0,cross_shard_cycle,os_cache_warm,1000,1000,6c4b2c88423d192857efc4a76942a69b11a2d24d3ea47c5efe3bb62dd67d844e,217397,432794,1298382,217397,1000,1000,0,1000,0,15,,,11264
A1,cross_shard_cycle,os_cache_warm,1000,1000,6c4b2c88423d192857efc4a76942a69b11a2d24d3ea47c5efe3bb62dd67d844e,217397,216397,649191,217397,1000,1000,0,1000,0,15,62,160,5782
C-directory,cross_shard_cycle,os_cache_warm,1000,1000,6c4b2c88423d192857efc4a76942a69b11a2d24d3ea47c5efe3bb62dd67d844e,217397,216397,649191,217397,1000,1000,0,1000,239461,15,,,6413
A0,cross_shard_cycle,os_cache_warm,1000,1000,6c4b2c88423d192857efc4a76942a69b11a2d24d3ea47c5efe3bb62dd67d844e,217397,432794,1298382,217397,1000,1000,0,1000,0,16,,,10305
A1,cross_shard_cycle,os_cache_warm,1000,1000,6c4b2c88423d192857efc4a76942a69b11a2d24d3ea47c5efe3bb62dd67d844e,217397,216397,649191,217397,1000,1000,0,1000,0,16,62,153,5421
C-directory,cross_shard_cycle,os_cache_warm,1000,1000,6c4b2c88423d192857efc4a76942a69b11a2d24d3ea47c5efe3bb62dd67d844e,217397,216397,649191,217397,1000,1000,0,1000,239461,16,,,7310
C-structural,cross_shard_cycle,os_cache_warm,1000,1000,6c4b2c88423d192857efc4a76942a69b11a2d24d3ea47c5efe3bb62dd67d844e,217397,216397,649191,217397,1000,1000,0,1000,582568,16,,,6950
A1,cross_shard_cycle,os_cache_warm,1000,1000,6c4b2c88423d192857efc4a76942a69b11a2d24d3ea47c5efe3bb62dd67d844e,217397,216397,649191,217397,1000,1000,0,1000,0,17,58,164,5756
C-directory,cross_shard_cycle,os_cache_warm,1000,1000,6c4b2c88423d192857efc4a76942a69b11a2d24d3ea47c5efe3bb62dd67d844e,217397,216397,649191,217397,1000,1000,0,1000,239461,17,,,6794
C-structural,cross_shard_cycle,os_cache_warm,1000,1000,6c4b2c88423d192857efc4a76942a69b11a2d24d3ea47c5efe3bb62dd67d844e,217397,216397,649191,217397,1000,1000,0,1000,582568,17,,,7943
A0,cross_shard_cycle,os_cache_warm,1000,1000,6c4b2c88423d192857efc4a76942a69b11a2d24d3ea47c5efe3bb62dd67d844e,217397,432794,1298382,217397,1000,1000,0,1000,0,17,,,11207
C-directory,cross_shard_cycle,os_cache_warm,1000,1000,6c4b2c88423d192857efc4a76942a69b11a2d24d3ea47c5efe3bb62dd67d844e,217397,216397,649191,217397,1000,1000,0,1000,239461,18,,,7342
C-structural,cross_shard_cycle,os_cache_warm,1000,1000,6c4b2c88423d192857efc4a76942a69b11a2d24d3ea47c5efe3bb62dd67d844e,217397,216397,649191,217397,1000,1000,0,1000,582568,18,,,7723
A0,cross_shard_cycle,os_cache_warm,1000,1000,6c4b2c88423d192857efc4a76942a69b11a2d24d3ea47c5efe3bb62dd67d844e,217397,432794,1298382,217397,1000,1000,0,1000,0,18,,,12475
A1,cross_shard_cycle,os_cache_warm,1000,1000,6c4b2c88423d192857efc4a76942a69b11a2d24d3ea47c5efe3bb62dd67d844e,217397,216397,649191,217397,1000,1000,0,1000,0,18,96,318,5780
C-structural,cross_shard_cycle,os_cache_warm,1000,1000,6c4b2c88423d192857efc4a76942a69b11a2d24d3ea47c5efe3bb62dd67d844e,217397,216397,649191,217397,1000,1000,0,1000,582568,19,,,8155
A0,cross_shard_cycle,os_cache_warm,1000,1000,6c4b2c88423d192857efc4a76942a69b11a2d24d3ea47c5efe3bb62dd67d844e,217397,432794,1298382,217397,1000,1000,0,1000,0,19,,,12215
A1,cross_shard_cycle,os_cache_warm,1000,1000,6c4b2c88423d192857efc4a76942a69b11a2d24d3ea47c5efe3bb62dd67d844e,217397,216397,649191,217397,1000,1000,0,1000,0,19,78,183,5136
C-directory,cross_shard_cycle,os_cache_warm,1000,1000,6c4b2c88423d192857efc4a76942a69b11a2d24d3ea47c5efe3bb62dd67d844e,217397,216397,649191,217397,1000,1000,0,1000,239461,19,,,7095
A0,wide_field_presence,os_cache_warm,1000,64000,b221ea4699d4c3ccd0cd739849c7ff3da72dedba8e61ba2b6a56b685e94d7889,3048463,6094926,18284778,3048463,1000,0,0,0,0,0,,,171328
A1,wide_field_presence,os_cache_warm,1000,64000,b221ea4699d4c3ccd0cd739849c7ff3da72dedba8e61ba2b6a56b685e94d7889,3048463,3047463,9142389,3048463,1000,0,0,0,0,0,125,425,80815
C-directory,wide_field_presence,os_cache_warm,1000,64000,b221ea4699d4c3ccd0cd739849c7ff3da72dedba8e61ba2b6a56b685e94d7889,3048463,3047463,9142389,3048463,1000,0,0,0,243269,0,,,114072
C-structural,wide_field_presence,os_cache_warm,1000,64000,b221ea4699d4c3ccd0cd739849c7ff3da72dedba8e61ba2b6a56b685e94d7889,3048463,3047463,9142389,3048463,1000,0,0,0,5470378,0,,,106157
A1,wide_field_presence,os_cache_warm,1000,64000,b221ea4699d4c3ccd0cd739849c7ff3da72dedba8e61ba2b6a56b685e94d7889,3048463,3047463,9142389,3048463,1000,0,0,0,0,1,141,470,77502
C-directory,wide_field_presence,os_cache_warm,1000,64000,b221ea4699d4c3ccd0cd739849c7ff3da72dedba8e61ba2b6a56b685e94d7889,3048463,3047463,9142389,3048463,1000,0,0,0,243269,1,,,107458
C-structural,wide_field_presence,os_cache_warm,1000,64000,b221ea4699d4c3ccd0cd739849c7ff3da72dedba8e61ba2b6a56b685e94d7889,3048463,3047463,9142389,3048463,1000,0,0,0,5470378,1,,,108170
A0,wide_field_presence,os_cache_warm,1000,64000,b221ea4699d4c3ccd0cd739849c7ff3da72dedba8e61ba2b6a56b685e94d7889,3048463,6094926,18284778,3048463,1000,0,0,0,0,1,,,157055
C-directory,wide_field_presence,os_cache_warm,1000,64000,b221ea4699d4c3ccd0cd739849c7ff3da72dedba8e61ba2b6a56b685e94d7889,3048463,3047463,9142389,3048463,1000,0,0,0,243269,2,,,108442
C-structural,wide_field_presence,os_cache_warm,1000,64000,b221ea4699d4c3ccd0cd739849c7ff3da72dedba8e61ba2b6a56b685e94d7889,3048463,3047463,9142389,3048463,1000,0,0,0,5470378,2,,,106215
A0,wide_field_presence,os_cache_warm,1000,64000,b221ea4699d4c3ccd0cd739849c7ff3da72dedba8e61ba2b6a56b685e94d7889,3048463,6094926,18284778,3048463,1000,0,0,0,0,2,,,156225
A1,wide_field_presence,os_cache_warm,1000,64000,b221ea4699d4c3ccd0cd739849c7ff3da72dedba8e61ba2b6a56b685e94d7889,3048463,3047463,9142389,3048463,1000,0,0,0,0,2,110,438,77137
C-structural,wide_field_presence,os_cache_warm,1000,64000,b221ea4699d4c3ccd0cd739849c7ff3da72dedba8e61ba2b6a56b685e94d7889,3048463,3047463,9142389,3048463,1000,0,0,0,5470378,3,,,108188
A0,wide_field_presence,os_cache_warm,1000,64000,b221ea4699d4c3ccd0cd739849c7ff3da72dedba8e61ba2b6a56b685e94d7889,3048463,6094926,18284778,3048463,1000,0,0,0,0,3,,,157576
A1,wide_field_presence,os_cache_warm,1000,64000,b221ea4699d4c3ccd0cd739849c7ff3da72dedba8e61ba2b6a56b685e94d7889,3048463,3047463,9142389,3048463,1000,0,0,0,0,3,98,385,78043
C-directory,wide_field_presence,os_cache_warm,1000,64000,b221ea4699d4c3ccd0cd739849c7ff3da72dedba8e61ba2b6a56b685e94d7889,3048463,3047463,9142389,3048463,1000,0,0,0,243269,3,,,105870
A0,wide_field_presence,os_cache_warm,1000,64000,b221ea4699d4c3ccd0cd739849c7ff3da72dedba8e61ba2b6a56b685e94d7889,3048463,6094926,18284778,3048463,1000,0,0,0,0,4,,,156651
A1,wide_field_presence,os_cache_warm,1000,64000,b221ea4699d4c3ccd0cd739849c7ff3da72dedba8e61ba2b6a56b685e94d7889,3048463,3047463,9142389,3048463,1000,0,0,0,0,4,91,389,78563
C-directory,wide_field_presence,os_cache_warm,1000,64000,b221ea4699d4c3ccd0cd739849c7ff3da72dedba8e61ba2b6a56b685e94d7889,3048463,3047463,9142389,3048463,1000,0,0,0,243269,4,,,115933
C-structural,wide_field_presence,os_cache_warm,1000,64000,b221ea4699d4c3ccd0cd739849c7ff3da72dedba8e61ba2b6a56b685e94d7889,3048463,3047463,9142389,3048463,1000,0,0,0,5470378,4,,,110662
A1,wide_field_presence,os_cache_warm,1000,64000,b221ea4699d4c3ccd0cd739849c7ff3da72dedba8e61ba2b6a56b685e94d7889,3048463,3047463,9142389,3048463,1000,0,0,0,0,5,135,460,79091
C-directory,wide_field_presence,os_cache_warm,1000,64000,b221ea4699d4c3ccd0cd739849c7ff3da72dedba8e61ba2b6a56b685e94d7889,3048463,3047463,9142389,3048463,1000,0,0,0,243269,5,,,107591
C-structural,wide_field_presence,os_cache_warm,1000,64000,b221ea4699d4c3ccd0cd739849c7ff3da72dedba8e61ba2b6a56b685e94d7889,3048463,3047463,9142389,3048463,1000,0,0,0,5470378,5,,,107806
A0,wide_field_presence,os_cache_warm,1000,64000,b221ea4699d4c3ccd0cd739849c7ff3da72dedba8e61ba2b6a56b685e94d7889,3048463,6094926,18284778,3048463,1000,0,0,0,0,5,,,156599
C-directory,wide_field_presence,os_cache_warm,1000,64000,b221ea4699d4c3ccd0cd739849c7ff3da72dedba8e61ba2b6a56b685e94d7889,3048463,3047463,9142389,3048463,1000,0,0,0,243269,6,,,106878
C-structural,wide_field_presence,os_cache_warm,1000,64000,b221ea4699d4c3ccd0cd739849c7ff3da72dedba8e61ba2b6a56b685e94d7889,3048463,3047463,9142389,3048463,1000,0,0,0,5470378,6,,,109864
A0,wide_field_presence,os_cache_warm,1000,64000,b221ea4699d4c3ccd0cd739849c7ff3da72dedba8e61ba2b6a56b685e94d7889,3048463,6094926,18284778,3048463,1000,0,0,0,0,6,,,155531
A1,wide_field_presence,os_cache_warm,1000,64000,b221ea4699d4c3ccd0cd739849c7ff3da72dedba8e61ba2b6a56b685e94d7889,3048463,3047463,9142389,3048463,1000,0,0,0,0,6,85,363,80430
C-structural,wide_field_presence,os_cache_warm,1000,64000,b221ea4699d4c3ccd0cd739849c7ff3da72dedba8e61ba2b6a56b685e94d7889,3048463,3047463,9142389,3048463,1000,0,0,0,5470378,7,,,107170
A0,wide_field_presence,os_cache_warm,1000,64000,b221ea4699d4c3ccd0cd739849c7ff3da72dedba8e61ba2b6a56b685e94d7889,3048463,6094926,18284778,3048463,1000,0,0,0,0,7,,,156784
A1,wide_field_presence,os_cache_warm,1000,64000,b221ea4699d4c3ccd0cd739849c7ff3da72dedba8e61ba2b6a56b685e94d7889,3048463,3047463,9142389,3048463,1000,0,0,0,0,7,133,458,77995
C-directory,wide_field_presence,os_cache_warm,1000,64000,b221ea4699d4c3ccd0cd739849c7ff3da72dedba8e61ba2b6a56b685e94d7889,3048463,3047463,9142389,3048463,1000,0,0,0,243269,7,,,106491
A0,wide_field_presence,os_cache_warm,1000,64000,b221ea4699d4c3ccd0cd739849c7ff3da72dedba8e61ba2b6a56b685e94d7889,3048463,6094926,18284778,3048463,1000,0,0,0,0,8,,,155261
A1,wide_field_presence,os_cache_warm,1000,64000,b221ea4699d4c3ccd0cd739849c7ff3da72dedba8e61ba2b6a56b685e94d7889,3048463,3047463,9142389,3048463,1000,0,0,0,0,8,121,431,76203
C-directory,wide_field_presence,os_cache_warm,1000,64000,b221ea4699d4c3ccd0cd739849c7ff3da72dedba8e61ba2b6a56b685e94d7889,3048463,3047463,9142389,3048463,1000,0,0,0,243269,8,,,109444
C-structural,wide_field_presence,os_cache_warm,1000,64000,b221ea4699d4c3ccd0cd739849c7ff3da72dedba8e61ba2b6a56b685e94d7889,3048463,3047463,9142389,3048463,1000,0,0,0,5470378,8,,,108094
A1,wide_field_presence,os_cache_warm,1000,64000,b221ea4699d4c3ccd0cd739849c7ff3da72dedba8e61ba2b6a56b685e94d7889,3048463,3047463,9142389,3048463,1000,0,0,0,0,9,100,389,78785
C-directory,wide_field_presence,os_cache_warm,1000,64000,b221ea4699d4c3ccd0cd739849c7ff3da72dedba8e61ba2b6a56b685e94d7889,3048463,3047463,9142389,3048463,1000,0,0,0,243269,9,,,105729
C-structural,wide_field_presence,os_cache_warm,1000,64000,b221ea4699d4c3ccd0cd739849c7ff3da72dedba8e61ba2b6a56b685e94d7889,3048463,3047463,9142389,3048463,1000,0,0,0,5470378,9,,,107292
A0,wide_field_presence,os_cache_warm,1000,64000,b221ea4699d4c3ccd0cd739849c7ff3da72dedba8e61ba2b6a56b685e94d7889,3048463,6094926,18284778,3048463,1000,0,0,0,0,9,,,158536
C-directory,wide_field_presence,os_cache_warm,1000,64000,b221ea4699d4c3ccd0cd739849c7ff3da72dedba8e61ba2b6a56b685e94d7889,3048463,3047463,9142389,3048463,1000,0,0,0,243269,10,,,107119
C-structural,wide_field_presence,os_cache_warm,1000,64000,b221ea4699d4c3ccd0cd739849c7ff3da72dedba8e61ba2b6a56b685e94d7889,3048463,3047463,9142389,3048463,1000,0,0,0,5470378,10,,,108096
A0,wide_field_presence,os_cache_warm,1000,64000,b221ea4699d4c3ccd0cd739849c7ff3da72dedba8e61ba2b6a56b685e94d7889,3048463,6094926,18284778,3048463,1000,0,0,0,0,10,,,158358
A1,wide_field_presence,os_cache_warm,1000,64000,b221ea4699d4c3ccd0cd739849c7ff3da72dedba8e61ba2b6a56b685e94d7889,3048463,3047463,9142389,3048463,1000,0,0,0,0,10,114,414,78019
C-structural,wide_field_presence,os_cache_warm,1000,64000,b221ea4699d4c3ccd0cd739849c7ff3da72dedba8e61ba2b6a56b685e94d7889,3048463,3047463,9142389,3048463,1000,0,0,0,5470378,11,,,107771
A0,wide_field_presence,os_cache_warm,1000,64000,b221ea4699d4c3ccd0cd739849c7ff3da72dedba8e61ba2b6a56b685e94d7889,3048463,6094926,18284778,3048463,1000,0,0,0,0,11,,,155718
A1,wide_field_presence,os_cache_warm,1000,64000,b221ea4699d4c3ccd0cd739849c7ff3da72dedba8e61ba2b6a56b685e94d7889,3048463,3047463,9142389,3048463,1000,0,0,0,0,11,98,386,77273
C-directory,wide_field_presence,os_cache_warm,1000,64000,b221ea4699d4c3ccd0cd739849c7ff3da72dedba8e61ba2b6a56b685e94d7889,3048463,3047463,9142389,3048463,1000,0,0,0,243269,11,,,107403
A0,wide_field_presence,os_cache_warm,1000,64000,b221ea4699d4c3ccd0cd739849c7ff3da72dedba8e61ba2b6a56b685e94d7889,3048463,6094926,18284778,3048463,1000,0,0,0,0,12,,,154901
A1,wide_field_presence,os_cache_warm,1000,64000,b221ea4699d4c3ccd0cd739849c7ff3da72dedba8e61ba2b6a56b685e94d7889,3048463,3047463,9142389,3048463,1000,0,0,0,0,12,137,430,79291
C-directory,wide_field_presence,os_cache_warm,1000,64000,b221ea4699d4c3ccd0cd739849c7ff3da72dedba8e61ba2b6a56b685e94d7889,3048463,3047463,9142389,3048463,1000,0,0,0,243269,12,,,106341
C-structural,wide_field_presence,os_cache_warm,1000,64000,b221ea4699d4c3ccd0cd739849c7ff3da72dedba8e61ba2b6a56b685e94d7889,3048463,3047463,9142389,3048463,1000,0,0,0,5470378,12,,,107467
A1,wide_field_presence,os_cache_warm,1000,64000,b221ea4699d4c3ccd0cd739849c7ff3da72dedba8e61ba2b6a56b685e94d7889,3048463,3047463,9142389,3048463,1000,0,0,0,0,13,146,463,78827
C-directory,wide_field_presence,os_cache_warm,1000,64000,b221ea4699d4c3ccd0cd739849c7ff3da72dedba8e61ba2b6a56b685e94d7889,3048463,3047463,9142389,3048463,1000,0,0,0,243269,13,,,123792
C-structural,wide_field_presence,os_cache_warm,1000,64000,b221ea4699d4c3ccd0cd739849c7ff3da72dedba8e61ba2b6a56b685e94d7889,3048463,3047463,9142389,3048463,1000,0,0,0,5470378,13,,,106764
A0,wide_field_presence,os_cache_warm,1000,64000,b221ea4699d4c3ccd0cd739849c7ff3da72dedba8e61ba2b6a56b685e94d7889,3048463,6094926,18284778,3048463,1000,0,0,0,0,13,,,178468
C-directory,wide_field_presence,os_cache_warm,1000,64000,b221ea4699d4c3ccd0cd739849c7ff3da72dedba8e61ba2b6a56b685e94d7889,3048463,3047463,9142389,3048463,1000,0,0,0,243269,14,,,106888
C-structural,wide_field_presence,os_cache_warm,1000,64000,b221ea4699d4c3ccd0cd739849c7ff3da72dedba8e61ba2b6a56b685e94d7889,3048463,3047463,9142389,3048463,1000,0,0,0,5470378,14,,,107541
A0,wide_field_presence,os_cache_warm,1000,64000,b221ea4699d4c3ccd0cd739849c7ff3da72dedba8e61ba2b6a56b685e94d7889,3048463,6094926,18284778,3048463,1000,0,0,0,0,14,,,157409
A1,wide_field_presence,os_cache_warm,1000,64000,b221ea4699d4c3ccd0cd739849c7ff3da72dedba8e61ba2b6a56b685e94d7889,3048463,3047463,9142389,3048463,1000,0,0,0,0,14,102,389,79283
C-structural,wide_field_presence,os_cache_warm,1000,64000,b221ea4699d4c3ccd0cd739849c7ff3da72dedba8e61ba2b6a56b685e94d7889,3048463,3047463,9142389,3048463,1000,0,0,0,5470378,15,,,107842
A0,wide_field_presence,os_cache_warm,1000,64000,b221ea4699d4c3ccd0cd739849c7ff3da72dedba8e61ba2b6a56b685e94d7889,3048463,6094926,18284778,3048463,1000,0,0,0,0,15,,,157577
A1,wide_field_presence,os_cache_warm,1000,64000,b221ea4699d4c3ccd0cd739849c7ff3da72dedba8e61ba2b6a56b685e94d7889,3048463,3047463,9142389,3048463,1000,0,0,0,0,15,147,480,77781
C-directory,wide_field_presence,os_cache_warm,1000,64000,b221ea4699d4c3ccd0cd739849c7ff3da72dedba8e61ba2b6a56b685e94d7889,3048463,3047463,9142389,3048463,1000,0,0,0,243269,15,,,108167
A0,wide_field_presence,os_cache_warm,1000,64000,b221ea4699d4c3ccd0cd739849c7ff3da72dedba8e61ba2b6a56b685e94d7889,3048463,6094926,18284778,3048463,1000,0,0,0,0,16,,,159957
A1,wide_field_presence,os_cache_warm,1000,64000,b221ea4699d4c3ccd0cd739849c7ff3da72dedba8e61ba2b6a56b685e94d7889,3048463,3047463,9142389,3048463,1000,0,0,0,0,16,136,497,78649
C-directory,wide_field_presence,os_cache_warm,1000,64000,b221ea4699d4c3ccd0cd739849c7ff3da72dedba8e61ba2b6a56b685e94d7889,3048463,3047463,9142389,3048463,1000,0,0,0,243269,16,,,107106
C-structural,wide_field_presence,os_cache_warm,1000,64000,b221ea4699d4c3ccd0cd739849c7ff3da72dedba8e61ba2b6a56b685e94d7889,3048463,3047463,9142389,3048463,1000,0,0,0,5470378,16,,,108334
A1,wide_field_presence,os_cache_warm,1000,64000,b221ea4699d4c3ccd0cd739849c7ff3da72dedba8e61ba2b6a56b685e94d7889,3048463,3047463,9142389,3048463,1000,0,0,0,0,17,125,476,79086
C-directory,wide_field_presence,os_cache_warm,1000,64000,b221ea4699d4c3ccd0cd739849c7ff3da72dedba8e61ba2b6a56b685e94d7889,3048463,3047463,9142389,3048463,1000,0,0,0,243269,17,,,107745
C-structural,wide_field_presence,os_cache_warm,1000,64000,b221ea4699d4c3ccd0cd739849c7ff3da72dedba8e61ba2b6a56b685e94d7889,3048463,3047463,9142389,3048463,1000,0,0,0,5470378,17,,,108435
A0,wide_field_presence,os_cache_warm,1000,64000,b221ea4699d4c3ccd0cd739849c7ff3da72dedba8e61ba2b6a56b685e94d7889,3048463,6094926,18284778,3048463,1000,0,0,0,0,17,,,155177
C-directory,wide_field_presence,os_cache_warm,1000,64000,b221ea4699d4c3ccd0cd739849c7ff3da72dedba8e61ba2b6a56b685e94d7889,3048463,3047463,9142389,3048463,1000,0,0,0,243269,18,,,110466
C-structural,wide_field_presence,os_cache_warm,1000,64000,b221ea4699d4c3ccd0cd739849c7ff3da72dedba8e61ba2b6a56b685e94d7889,3048463,3047463,9142389,3048463,1000,0,0,0,5470378,18,,,106785
A0,wide_field_presence,os_cache_warm,1000,64000,b221ea4699d4c3ccd0cd739849c7ff3da72dedba8e61ba2b6a56b685e94d7889,3048463,6094926,18284778,3048463,1000,0,0,0,0,18,,,155618
A1,wide_field_presence,os_cache_warm,1000,64000,b221ea4699d4c3ccd0cd739849c7ff3da72dedba8e61ba2b6a56b685e94d7889,3048463,3047463,9142389,3048463,1000,0,0,0,0,18,131,425,78118
C-structural,wide_field_presence,os_cache_warm,1000,64000,b221ea4699d4c3ccd0cd739849c7ff3da72dedba8e61ba2b6a56b685e94d7889,3048463,3047463,9142389,3048463,1000,0,0,0,5470378,19,,,107351
A0,wide_field_presence,os_cache_warm,1000,64000,b221ea4699d4c3ccd0cd739849c7ff3da72dedba8e61ba2b6a56b685e94d7889,3048463,6094926,18284778,3048463,1000,0,0,0,0,19,,,158545
A1,wide_field_presence,os_cache_warm,1000,64000,b221ea4699d4c3ccd0cd739849c7ff3da72dedba8e61ba2b6a56b685e94d7889,3048463,3047463,9142389,3048463,1000,0,0,0,0,19,115,421,77678
C-directory,wide_field_presence,os_cache_warm,1000,64000,b221ea4699d4c3ccd0cd739849c7ff3da72dedba8e61ba2b6a56b685e94d7889,3048463,3047463,9142389,3048463,1000,0,0,0,243269,19,,,105283
A0,mixed_realistic_game_data,os_cache_warm,1000,5000,a87b7f2ff60755d0e0a6970ccde2dd0aff382395968fafe7f3ef29e187e8e9f5,745429,1488858,4466574,745429,1000,3000,1000,1000,0,0,,,28846
A1,mixed_realistic_game_data,os_cache_warm,1000,5000,a87b7f2ff60755d0e0a6970ccde2dd0aff382395968fafe7f3ef29e187e8e9f5,745429,744429,2233287,745429,1000,3000,1000,1000,0,0,60,187,16058
C-directory,mixed_realistic_game_data,os_cache_warm,1000,5000,a87b7f2ff60755d0e0a6970ccde2dd0aff382395968fafe7f3ef29e187e8e9f5,745429,744429,2233287,745429,1000,3000,1000,1000,236332,0,,,20828
C-structural,mixed_realistic_game_data,os_cache_warm,1000,5000,a87b7f2ff60755d0e0a6970ccde2dd0aff382395968fafe7f3ef29e187e8e9f5,745429,744429,2233287,745429,1000,3000,1000,1000,1026438,0,,,26006
A1,mixed_realistic_game_data,os_cache_warm,1000,5000,a87b7f2ff60755d0e0a6970ccde2dd0aff382395968fafe7f3ef29e187e8e9f5,745429,744429,2233287,745429,1000,3000,1000,1000,0,1,107,291,15348
C-directory,mixed_realistic_game_data,os_cache_warm,1000,5000,a87b7f2ff60755d0e0a6970ccde2dd0aff382395968fafe7f3ef29e187e8e9f5,745429,744429,2233287,745429,1000,3000,1000,1000,236332,1,,,19272
C-structural,mixed_realistic_game_data,os_cache_warm,1000,5000,a87b7f2ff60755d0e0a6970ccde2dd0aff382395968fafe7f3ef29e187e8e9f5,745429,744429,2233287,745429,1000,3000,1000,1000,1026438,1,,,20370
A0,mixed_realistic_game_data,os_cache_warm,1000,5000,a87b7f2ff60755d0e0a6970ccde2dd0aff382395968fafe7f3ef29e187e8e9f5,745429,1488858,4466574,745429,1000,3000,1000,1000,0,1,,,30156
C-directory,mixed_realistic_game_data,os_cache_warm,1000,5000,a87b7f2ff60755d0e0a6970ccde2dd0aff382395968fafe7f3ef29e187e8e9f5,745429,744429,2233287,745429,1000,3000,1000,1000,236332,2,,,19377
C-structural,mixed_realistic_game_data,os_cache_warm,1000,5000,a87b7f2ff60755d0e0a6970ccde2dd0aff382395968fafe7f3ef29e187e8e9f5,745429,744429,2233287,745429,1000,3000,1000,1000,1026438,2,,,20088
A0,mixed_realistic_game_data,os_cache_warm,1000,5000,a87b7f2ff60755d0e0a6970ccde2dd0aff382395968fafe7f3ef29e187e8e9f5,745429,1488858,4466574,745429,1000,3000,1000,1000,0,2,,,30687
A1,mixed_realistic_game_data,os_cache_warm,1000,5000,a87b7f2ff60755d0e0a6970ccde2dd0aff382395968fafe7f3ef29e187e8e9f5,745429,744429,2233287,745429,1000,3000,1000,1000,0,2,103,252,15391
C-structural,mixed_realistic_game_data,os_cache_warm,1000,5000,a87b7f2ff60755d0e0a6970ccde2dd0aff382395968fafe7f3ef29e187e8e9f5,745429,744429,2233287,745429,1000,3000,1000,1000,1026438,3,,,20621
A0,mixed_realistic_game_data,os_cache_warm,1000,5000,a87b7f2ff60755d0e0a6970ccde2dd0aff382395968fafe7f3ef29e187e8e9f5,745429,1488858,4466574,745429,1000,3000,1000,1000,0,3,,,29350
A1,mixed_realistic_game_data,os_cache_warm,1000,5000,a87b7f2ff60755d0e0a6970ccde2dd0aff382395968fafe7f3ef29e187e8e9f5,745429,744429,2233287,745429,1000,3000,1000,1000,0,3,127,283,15258
C-directory,mixed_realistic_game_data,os_cache_warm,1000,5000,a87b7f2ff60755d0e0a6970ccde2dd0aff382395968fafe7f3ef29e187e8e9f5,745429,744429,2233287,745429,1000,3000,1000,1000,236332,3,,,19736
A0,mixed_realistic_game_data,os_cache_warm,1000,5000,a87b7f2ff60755d0e0a6970ccde2dd0aff382395968fafe7f3ef29e187e8e9f5,745429,1488858,4466574,745429,1000,3000,1000,1000,0,4,,,30247
A1,mixed_realistic_game_data,os_cache_warm,1000,5000,a87b7f2ff60755d0e0a6970ccde2dd0aff382395968fafe7f3ef29e187e8e9f5,745429,744429,2233287,745429,1000,3000,1000,1000,0,4,57,178,15372
C-directory,mixed_realistic_game_data,os_cache_warm,1000,5000,a87b7f2ff60755d0e0a6970ccde2dd0aff382395968fafe7f3ef29e187e8e9f5,745429,744429,2233287,745429,1000,3000,1000,1000,236332,4,,,19739
C-structural,mixed_realistic_game_data,os_cache_warm,1000,5000,a87b7f2ff60755d0e0a6970ccde2dd0aff382395968fafe7f3ef29e187e8e9f5,745429,744429,2233287,745429,1000,3000,1000,1000,1026438,4,,,20810
A1,mixed_realistic_game_data,os_cache_warm,1000,5000,a87b7f2ff60755d0e0a6970ccde2dd0aff382395968fafe7f3ef29e187e8e9f5,745429,744429,2233287,745429,1000,3000,1000,1000,0,5,83,219,15375
C-directory,mixed_realistic_game_data,os_cache_warm,1000,5000,a87b7f2ff60755d0e0a6970ccde2dd0aff382395968fafe7f3ef29e187e8e9f5,745429,744429,2233287,745429,1000,3000,1000,1000,236332,5,,,19409
C-structural,mixed_realistic_game_data,os_cache_warm,1000,5000,a87b7f2ff60755d0e0a6970ccde2dd0aff382395968fafe7f3ef29e187e8e9f5,745429,744429,2233287,745429,1000,3000,1000,1000,1026438,5,,,20039
A0,mixed_realistic_game_data,os_cache_warm,1000,5000,a87b7f2ff60755d0e0a6970ccde2dd0aff382395968fafe7f3ef29e187e8e9f5,745429,1488858,4466574,745429,1000,3000,1000,1000,0,5,,,28608
C-directory,mixed_realistic_game_data,os_cache_warm,1000,5000,a87b7f2ff60755d0e0a6970ccde2dd0aff382395968fafe7f3ef29e187e8e9f5,745429,744429,2233287,745429,1000,3000,1000,1000,236332,6,,,19817
C-structural,mixed_realistic_game_data,os_cache_warm,1000,5000,a87b7f2ff60755d0e0a6970ccde2dd0aff382395968fafe7f3ef29e187e8e9f5,745429,744429,2233287,745429,1000,3000,1000,1000,1026438,6,,,20397
A0,mixed_realistic_game_data,os_cache_warm,1000,5000,a87b7f2ff60755d0e0a6970ccde2dd0aff382395968fafe7f3ef29e187e8e9f5,745429,1488858,4466574,745429,1000,3000,1000,1000,0,6,,,28589
A1,mixed_realistic_game_data,os_cache_warm,1000,5000,a87b7f2ff60755d0e0a6970ccde2dd0aff382395968fafe7f3ef29e187e8e9f5,745429,744429,2233287,745429,1000,3000,1000,1000,0,6,52,178,14957
C-structural,mixed_realistic_game_data,os_cache_warm,1000,5000,a87b7f2ff60755d0e0a6970ccde2dd0aff382395968fafe7f3ef29e187e8e9f5,745429,744429,2233287,745429,1000,3000,1000,1000,1026438,7,,,20455
A0,mixed_realistic_game_data,os_cache_warm,1000,5000,a87b7f2ff60755d0e0a6970ccde2dd0aff382395968fafe7f3ef29e187e8e9f5,745429,1488858,4466574,745429,1000,3000,1000,1000,0,7,,,30478
A1,mixed_realistic_game_data,os_cache_warm,1000,5000,a87b7f2ff60755d0e0a6970ccde2dd0aff382395968fafe7f3ef29e187e8e9f5,745429,744429,2233287,745429,1000,3000,1000,1000,0,7,99,249,16074
C-directory,mixed_realistic_game_data,os_cache_warm,1000,5000,a87b7f2ff60755d0e0a6970ccde2dd0aff382395968fafe7f3ef29e187e8e9f5,745429,744429,2233287,745429,1000,3000,1000,1000,236332,7,,,20579
A0,mixed_realistic_game_data,os_cache_warm,1000,5000,a87b7f2ff60755d0e0a6970ccde2dd0aff382395968fafe7f3ef29e187e8e9f5,745429,1488858,4466574,745429,1000,3000,1000,1000,0,8,,,29150
A1,mixed_realistic_game_data,os_cache_warm,1000,5000,a87b7f2ff60755d0e0a6970ccde2dd0aff382395968fafe7f3ef29e187e8e9f5,745429,744429,2233287,745429,1000,3000,1000,1000,0,8,56,172,15997
C-directory,mixed_realistic_game_data,os_cache_warm,1000,5000,a87b7f2ff60755d0e0a6970ccde2dd0aff382395968fafe7f3ef29e187e8e9f5,745429,744429,2233287,745429,1000,3000,1000,1000,236332,8,,,19496
C-structural,mixed_realistic_game_data,os_cache_warm,1000,5000,a87b7f2ff60755d0e0a6970ccde2dd0aff382395968fafe7f3ef29e187e8e9f5,745429,744429,2233287,745429,1000,3000,1000,1000,1026438,8,,,23605
A1,mixed_realistic_game_data,os_cache_warm,1000,5000,a87b7f2ff60755d0e0a6970ccde2dd0aff382395968fafe7f3ef29e187e8e9f5,745429,744429,2233287,745429,1000,3000,1000,1000,0,9,124,290,15359
C-directory,mixed_realistic_game_data,os_cache_warm,1000,5000,a87b7f2ff60755d0e0a6970ccde2dd0aff382395968fafe7f3ef29e187e8e9f5,745429,744429,2233287,745429,1000,3000,1000,1000,236332,9,,,19599
C-structural,mixed_realistic_game_data,os_cache_warm,1000,5000,a87b7f2ff60755d0e0a6970ccde2dd0aff382395968fafe7f3ef29e187e8e9f5,745429,744429,2233287,745429,1000,3000,1000,1000,1026438,9,,,19629
A0,mixed_realistic_game_data,os_cache_warm,1000,5000,a87b7f2ff60755d0e0a6970ccde2dd0aff382395968fafe7f3ef29e187e8e9f5,745429,1488858,4466574,745429,1000,3000,1000,1000,0,9,,,29023
C-directory,mixed_realistic_game_data,os_cache_warm,1000,5000,a87b7f2ff60755d0e0a6970ccde2dd0aff382395968fafe7f3ef29e187e8e9f5,745429,744429,2233287,745429,1000,3000,1000,1000,236332,10,,,18956
C-structural,mixed_realistic_game_data,os_cache_warm,1000,5000,a87b7f2ff60755d0e0a6970ccde2dd0aff382395968fafe7f3ef29e187e8e9f5,745429,744429,2233287,745429,1000,3000,1000,1000,1026438,10,,,20343
A0,mixed_realistic_game_data,os_cache_warm,1000,5000,a87b7f2ff60755d0e0a6970ccde2dd0aff382395968fafe7f3ef29e187e8e9f5,745429,1488858,4466574,745429,1000,3000,1000,1000,0,10,,,31246
A1,mixed_realistic_game_data,os_cache_warm,1000,5000,a87b7f2ff60755d0e0a6970ccde2dd0aff382395968fafe7f3ef29e187e8e9f5,745429,744429,2233287,745429,1000,3000,1000,1000,0,10,45,148,14930
C-structural,mixed_realistic_game_data,os_cache_warm,1000,5000,a87b7f2ff60755d0e0a6970ccde2dd0aff382395968fafe7f3ef29e187e8e9f5,745429,744429,2233287,745429,1000,3000,1000,1000,1026438,11,,,20201
A0,mixed_realistic_game_data,os_cache_warm,1000,5000,a87b7f2ff60755d0e0a6970ccde2dd0aff382395968fafe7f3ef29e187e8e9f5,745429,1488858,4466574,745429,1000,3000,1000,1000,0,11,,,29614
A1,mixed_realistic_game_data,os_cache_warm,1000,5000,a87b7f2ff60755d0e0a6970ccde2dd0aff382395968fafe7f3ef29e187e8e9f5,745429,744429,2233287,745429,1000,3000,1000,1000,0,11,80,208,15153
C-directory,mixed_realistic_game_data,os_cache_warm,1000,5000,a87b7f2ff60755d0e0a6970ccde2dd0aff382395968fafe7f3ef29e187e8e9f5,745429,744429,2233287,745429,1000,3000,1000,1000,236332,11,,,18660
A0,mixed_realistic_game_data,os_cache_warm,1000,5000,a87b7f2ff60755d0e0a6970ccde2dd0aff382395968fafe7f3ef29e187e8e9f5,745429,1488858,4466574,745429,1000,3000,1000,1000,0,12,,,30088
A1,mixed_realistic_game_data,os_cache_warm,1000,5000,a87b7f2ff60755d0e0a6970ccde2dd0aff382395968fafe7f3ef29e187e8e9f5,745429,744429,2233287,745429,1000,3000,1000,1000,0,12,70,195,15722
C-directory,mixed_realistic_game_data,os_cache_warm,1000,5000,a87b7f2ff60755d0e0a6970ccde2dd0aff382395968fafe7f3ef29e187e8e9f5,745429,744429,2233287,745429,1000,3000,1000,1000,236332,12,,,19487
C-structural,mixed_realistic_game_data,os_cache_warm,1000,5000,a87b7f2ff60755d0e0a6970ccde2dd0aff382395968fafe7f3ef29e187e8e9f5,745429,744429,2233287,745429,1000,3000,1000,1000,1026438,12,,,20117
A1,mixed_realistic_game_data,os_cache_warm,1000,5000,a87b7f2ff60755d0e0a6970ccde2dd0aff382395968fafe7f3ef29e187e8e9f5,745429,744429,2233287,745429,1000,3000,1000,1000,0,13,48,151,15196
C-directory,mixed_realistic_game_data,os_cache_warm,1000,5000,a87b7f2ff60755d0e0a6970ccde2dd0aff382395968fafe7f3ef29e187e8e9f5,745429,744429,2233287,745429,1000,3000,1000,1000,236332,13,,,19442
C-structural,mixed_realistic_game_data,os_cache_warm,1000,5000,a87b7f2ff60755d0e0a6970ccde2dd0aff382395968fafe7f3ef29e187e8e9f5,745429,744429,2233287,745429,1000,3000,1000,1000,1026438,13,,,20081
A0,mixed_realistic_game_data,os_cache_warm,1000,5000,a87b7f2ff60755d0e0a6970ccde2dd0aff382395968fafe7f3ef29e187e8e9f5,745429,1488858,4466574,745429,1000,3000,1000,1000,0,13,,,29647
C-directory,mixed_realistic_game_data,os_cache_warm,1000,5000,a87b7f2ff60755d0e0a6970ccde2dd0aff382395968fafe7f3ef29e187e8e9f5,745429,744429,2233287,745429,1000,3000,1000,1000,236332,14,,,19787
C-structural,mixed_realistic_game_data,os_cache_warm,1000,5000,a87b7f2ff60755d0e0a6970ccde2dd0aff382395968fafe7f3ef29e187e8e9f5,745429,744429,2233287,745429,1000,3000,1000,1000,1026438,14,,,20574
A0,mixed_realistic_game_data,os_cache_warm,1000,5000,a87b7f2ff60755d0e0a6970ccde2dd0aff382395968fafe7f3ef29e187e8e9f5,745429,1488858,4466574,745429,1000,3000,1000,1000,0,14,,,29317
A1,mixed_realistic_game_data,os_cache_warm,1000,5000,a87b7f2ff60755d0e0a6970ccde2dd0aff382395968fafe7f3ef29e187e8e9f5,745429,744429,2233287,745429,1000,3000,1000,1000,0,14,68,193,15209
C-structural,mixed_realistic_game_data,os_cache_warm,1000,5000,a87b7f2ff60755d0e0a6970ccde2dd0aff382395968fafe7f3ef29e187e8e9f5,745429,744429,2233287,745429,1000,3000,1000,1000,1026438,15,,,19915
A0,mixed_realistic_game_data,os_cache_warm,1000,5000,a87b7f2ff60755d0e0a6970ccde2dd0aff382395968fafe7f3ef29e187e8e9f5,745429,1488858,4466574,745429,1000,3000,1000,1000,0,15,,,29492
A1,mixed_realistic_game_data,os_cache_warm,1000,5000,a87b7f2ff60755d0e0a6970ccde2dd0aff382395968fafe7f3ef29e187e8e9f5,745429,744429,2233287,745429,1000,3000,1000,1000,0,15,90,234,14999
C-directory,mixed_realistic_game_data,os_cache_warm,1000,5000,a87b7f2ff60755d0e0a6970ccde2dd0aff382395968fafe7f3ef29e187e8e9f5,745429,744429,2233287,745429,1000,3000,1000,1000,236332,15,,,19239
A0,mixed_realistic_game_data,os_cache_warm,1000,5000,a87b7f2ff60755d0e0a6970ccde2dd0aff382395968fafe7f3ef29e187e8e9f5,745429,1488858,4466574,745429,1000,3000,1000,1000,0,16,,,29589
A1,mixed_realistic_game_data,os_cache_warm,1000,5000,a87b7f2ff60755d0e0a6970ccde2dd0aff382395968fafe7f3ef29e187e8e9f5,745429,744429,2233287,745429,1000,3000,1000,1000,0,16,42,143,15440
C-directory,mixed_realistic_game_data,os_cache_warm,1000,5000,a87b7f2ff60755d0e0a6970ccde2dd0aff382395968fafe7f3ef29e187e8e9f5,745429,744429,2233287,745429,1000,3000,1000,1000,236332,16,,,19191
C-structural,mixed_realistic_game_data,os_cache_warm,1000,5000,a87b7f2ff60755d0e0a6970ccde2dd0aff382395968fafe7f3ef29e187e8e9f5,745429,744429,2233287,745429,1000,3000,1000,1000,1026438,16,,,20770
A1,mixed_realistic_game_data,os_cache_warm,1000,5000,a87b7f2ff60755d0e0a6970ccde2dd0aff382395968fafe7f3ef29e187e8e9f5,745429,744429,2233287,745429,1000,3000,1000,1000,0,17,49,161,15386
C-directory,mixed_realistic_game_data,os_cache_warm,1000,5000,a87b7f2ff60755d0e0a6970ccde2dd0aff382395968fafe7f3ef29e187e8e9f5,745429,744429,2233287,745429,1000,3000,1000,1000,236332,17,,,19736
C-structural,mixed_realistic_game_data,os_cache_warm,1000,5000,a87b7f2ff60755d0e0a6970ccde2dd0aff382395968fafe7f3ef29e187e8e9f5,745429,744429,2233287,745429,1000,3000,1000,1000,1026438,17,,,20212
A0,mixed_realistic_game_data,os_cache_warm,1000,5000,a87b7f2ff60755d0e0a6970ccde2dd0aff382395968fafe7f3ef29e187e8e9f5,745429,1488858,4466574,745429,1000,3000,1000,1000,0,17,,,29336
C-directory,mixed_realistic_game_data,os_cache_warm,1000,5000,a87b7f2ff60755d0e0a6970ccde2dd0aff382395968fafe7f3ef29e187e8e9f5,745429,744429,2233287,745429,1000,3000,1000,1000,236332,18,,,19002
C-structural,mixed_realistic_game_data,os_cache_warm,1000,5000,a87b7f2ff60755d0e0a6970ccde2dd0aff382395968fafe7f3ef29e187e8e9f5,745429,744429,2233287,745429,1000,3000,1000,1000,1026438,18,,,20221
A0,mixed_realistic_game_data,os_cache_warm,1000,5000,a87b7f2ff60755d0e0a6970ccde2dd0aff382395968fafe7f3ef29e187e8e9f5,745429,1488858,4466574,745429,1000,3000,1000,1000,0,18,,,29583
A1,mixed_realistic_game_data,os_cache_warm,1000,5000,a87b7f2ff60755d0e0a6970ccde2dd0aff382395968fafe7f3ef29e187e8e9f5,745429,744429,2233287,745429,1000,3000,1000,1000,0,18,45,150,15753
C-structural,mixed_realistic_game_data,os_cache_warm,1000,5000,a87b7f2ff60755d0e0a6970ccde2dd0aff382395968fafe7f3ef29e187e8e9f5,745429,744429,2233287,745429,1000,3000,1000,1000,1026438,19,,,20448
A0,mixed_realistic_game_data,os_cache_warm,1000,5000,a87b7f2ff60755d0e0a6970ccde2dd0aff382395968fafe7f3ef29e187e8e9f5,745429,1488858,4466574,745429,1000,3000,1000,1000,0,19,,,29505
A1,mixed_realistic_game_data,os_cache_warm,1000,5000,a87b7f2ff60755d0e0a6970ccde2dd0aff382395968fafe7f3ef29e187e8e9f5,745429,744429,2233287,745429,1000,3000,1000,1000,0,19,99,241,15473
C-directory,mixed_realistic_game_data,os_cache_warm,1000,5000,a87b7f2ff60755d0e0a6970ccde2dd0aff382395968fafe7f3ef29e187e8e9f5,745429,744429,2233287,745429,1000,3000,1000,1000,236332,19,,,19453
A0,payload_unicode_long_record,os_cache_warm,4000,4000,c8c60efb9020aaba0719152be1c8bb5123b2987e32673f35ef81f63901a6d422,19012420,38016840,114050520,19012420,4000,0,0,0,0,0,,,342922
A1,payload_unicode_long_record,os_cache_warm,4000,4000,c8c60efb9020aaba0719152be1c8bb5123b2987e32673f35ef81f63901a6d422,19012420,19008420,57025260,19012420,4000,0,0,0,0,0,158,333,178573
C-directory,payload_unicode_long_record,os_cache_warm,4000,4000,c8c60efb9020aaba0719152be1c8bb5123b2987e32673f35ef81f63901a6d422,19012420,19008420,57025260,19012420,4000,0,0,0,992524,0,,,193260
C-structural,payload_unicode_long_record,os_cache_warm,4000,4000,c8c60efb9020aaba0719152be1c8bb5123b2987e32673f35ef81f63901a6d422,19012420,19008420,57025260,19012420,4000,0,0,0,1320633,0,,,192916
A1,payload_unicode_long_record,os_cache_warm,4000,4000,c8c60efb9020aaba0719152be1c8bb5123b2987e32673f35ef81f63901a6d422,19012420,19008420,57025260,19012420,4000,0,0,0,0,1,98,259,176755
C-directory,payload_unicode_long_record,os_cache_warm,4000,4000,c8c60efb9020aaba0719152be1c8bb5123b2987e32673f35ef81f63901a6d422,19012420,19008420,57025260,19012420,4000,0,0,0,992524,1,,,194981
C-structural,payload_unicode_long_record,os_cache_warm,4000,4000,c8c60efb9020aaba0719152be1c8bb5123b2987e32673f35ef81f63901a6d422,19012420,19008420,57025260,19012420,4000,0,0,0,1320633,1,,,194075
A0,payload_unicode_long_record,os_cache_warm,4000,4000,c8c60efb9020aaba0719152be1c8bb5123b2987e32673f35ef81f63901a6d422,19012420,38016840,114050520,19012420,4000,0,0,0,0,1,,,341219
C-directory,payload_unicode_long_record,os_cache_warm,4000,4000,c8c60efb9020aaba0719152be1c8bb5123b2987e32673f35ef81f63901a6d422,19012420,19008420,57025260,19012420,4000,0,0,0,992524,2,,,194259
C-structural,payload_unicode_long_record,os_cache_warm,4000,4000,c8c60efb9020aaba0719152be1c8bb5123b2987e32673f35ef81f63901a6d422,19012420,19008420,57025260,19012420,4000,0,0,0,1320633,2,,,195042
A0,payload_unicode_long_record,os_cache_warm,4000,4000,c8c60efb9020aaba0719152be1c8bb5123b2987e32673f35ef81f63901a6d422,19012420,38016840,114050520,19012420,4000,0,0,0,0,2,,,340288
A1,payload_unicode_long_record,os_cache_warm,4000,4000,c8c60efb9020aaba0719152be1c8bb5123b2987e32673f35ef81f63901a6d422,19012420,19008420,57025260,19012420,4000,0,0,0,0,2,92,252,195544
C-structural,payload_unicode_long_record,os_cache_warm,4000,4000,c8c60efb9020aaba0719152be1c8bb5123b2987e32673f35ef81f63901a6d422,19012420,19008420,57025260,19012420,4000,0,0,0,1320633,3,,,193401
A0,payload_unicode_long_record,os_cache_warm,4000,4000,c8c60efb9020aaba0719152be1c8bb5123b2987e32673f35ef81f63901a6d422,19012420,38016840,114050520,19012420,4000,0,0,0,0,3,,,353301
A1,payload_unicode_long_record,os_cache_warm,4000,4000,c8c60efb9020aaba0719152be1c8bb5123b2987e32673f35ef81f63901a6d422,19012420,19008420,57025260,19012420,4000,0,0,0,0,3,240,444,177789
C-directory,payload_unicode_long_record,os_cache_warm,4000,4000,c8c60efb9020aaba0719152be1c8bb5123b2987e32673f35ef81f63901a6d422,19012420,19008420,57025260,19012420,4000,0,0,0,992524,3,,,192867
A0,payload_unicode_long_record,os_cache_warm,4000,4000,c8c60efb9020aaba0719152be1c8bb5123b2987e32673f35ef81f63901a6d422,19012420,38016840,114050520,19012420,4000,0,0,0,0,4,,,337864
A1,payload_unicode_long_record,os_cache_warm,4000,4000,c8c60efb9020aaba0719152be1c8bb5123b2987e32673f35ef81f63901a6d422,19012420,19008420,57025260,19012420,4000,0,0,0,0,4,125,300,180516
C-directory,payload_unicode_long_record,os_cache_warm,4000,4000,c8c60efb9020aaba0719152be1c8bb5123b2987e32673f35ef81f63901a6d422,19012420,19008420,57025260,19012420,4000,0,0,0,992524,4,,,241910
C-structural,payload_unicode_long_record,os_cache_warm,4000,4000,c8c60efb9020aaba0719152be1c8bb5123b2987e32673f35ef81f63901a6d422,19012420,19008420,57025260,19012420,4000,0,0,0,1320633,4,,,196244
A1,payload_unicode_long_record,os_cache_warm,4000,4000,c8c60efb9020aaba0719152be1c8bb5123b2987e32673f35ef81f63901a6d422,19012420,19008420,57025260,19012420,4000,0,0,0,0,5,68,215,176162
C-directory,payload_unicode_long_record,os_cache_warm,4000,4000,c8c60efb9020aaba0719152be1c8bb5123b2987e32673f35ef81f63901a6d422,19012420,19008420,57025260,19012420,4000,0,0,0,992524,5,,,199282
C-structural,payload_unicode_long_record,os_cache_warm,4000,4000,c8c60efb9020aaba0719152be1c8bb5123b2987e32673f35ef81f63901a6d422,19012420,19008420,57025260,19012420,4000,0,0,0,1320633,5,,,198092
A0,payload_unicode_long_record,os_cache_warm,4000,4000,c8c60efb9020aaba0719152be1c8bb5123b2987e32673f35ef81f63901a6d422,19012420,38016840,114050520,19012420,4000,0,0,0,0,5,,,344080
C-directory,payload_unicode_long_record,os_cache_warm,4000,4000,c8c60efb9020aaba0719152be1c8bb5123b2987e32673f35ef81f63901a6d422,19012420,19008420,57025260,19012420,4000,0,0,0,992524,6,,,192957
C-structural,payload_unicode_long_record,os_cache_warm,4000,4000,c8c60efb9020aaba0719152be1c8bb5123b2987e32673f35ef81f63901a6d422,19012420,19008420,57025260,19012420,4000,0,0,0,1320633,6,,,192739
A0,payload_unicode_long_record,os_cache_warm,4000,4000,c8c60efb9020aaba0719152be1c8bb5123b2987e32673f35ef81f63901a6d422,19012420,38016840,114050520,19012420,4000,0,0,0,0,6,,,343405
A1,payload_unicode_long_record,os_cache_warm,4000,4000,c8c60efb9020aaba0719152be1c8bb5123b2987e32673f35ef81f63901a6d422,19012420,19008420,57025260,19012420,4000,0,0,0,0,6,104,272,198313
C-structural,payload_unicode_long_record,os_cache_warm,4000,4000,c8c60efb9020aaba0719152be1c8bb5123b2987e32673f35ef81f63901a6d422,19012420,19008420,57025260,19012420,4000,0,0,0,1320633,7,,,258593
A0,payload_unicode_long_record,os_cache_warm,4000,4000,c8c60efb9020aaba0719152be1c8bb5123b2987e32673f35ef81f63901a6d422,19012420,38016840,114050520,19012420,4000,0,0,0,0,7,,,404260
A1,payload_unicode_long_record,os_cache_warm,4000,4000,c8c60efb9020aaba0719152be1c8bb5123b2987e32673f35ef81f63901a6d422,19012420,19008420,57025260,19012420,4000,0,0,0,0,7,119,282,178461
C-directory,payload_unicode_long_record,os_cache_warm,4000,4000,c8c60efb9020aaba0719152be1c8bb5123b2987e32673f35ef81f63901a6d422,19012420,19008420,57025260,19012420,4000,0,0,0,992524,7,,,198735
A0,payload_unicode_long_record,os_cache_warm,4000,4000,c8c60efb9020aaba0719152be1c8bb5123b2987e32673f35ef81f63901a6d422,19012420,38016840,114050520,19012420,4000,0,0,0,0,8,,,342291
A1,payload_unicode_long_record,os_cache_warm,4000,4000,c8c60efb9020aaba0719152be1c8bb5123b2987e32673f35ef81f63901a6d422,19012420,19008420,57025260,19012420,4000,0,0,0,0,8,114,275,178164
C-directory,payload_unicode_long_record,os_cache_warm,4000,4000,c8c60efb9020aaba0719152be1c8bb5123b2987e32673f35ef81f63901a6d422,19012420,19008420,57025260,19012420,4000,0,0,0,992524,8,,,194306
C-structural,payload_unicode_long_record,os_cache_warm,4000,4000,c8c60efb9020aaba0719152be1c8bb5123b2987e32673f35ef81f63901a6d422,19012420,19008420,57025260,19012420,4000,0,0,0,1320633,8,,,194932
A1,payload_unicode_long_record,os_cache_warm,4000,4000,c8c60efb9020aaba0719152be1c8bb5123b2987e32673f35ef81f63901a6d422,19012420,19008420,57025260,19012420,4000,0,0,0,0,9,77,229,176230
C-directory,payload_unicode_long_record,os_cache_warm,4000,4000,c8c60efb9020aaba0719152be1c8bb5123b2987e32673f35ef81f63901a6d422,19012420,19008420,57025260,19012420,4000,0,0,0,992524,9,,,193591
C-structural,payload_unicode_long_record,os_cache_warm,4000,4000,c8c60efb9020aaba0719152be1c8bb5123b2987e32673f35ef81f63901a6d422,19012420,19008420,57025260,19012420,4000,0,0,0,1320633,9,,,193994
A0,payload_unicode_long_record,os_cache_warm,4000,4000,c8c60efb9020aaba0719152be1c8bb5123b2987e32673f35ef81f63901a6d422,19012420,38016840,114050520,19012420,4000,0,0,0,0,9,,,342918
C-directory,payload_unicode_long_record,os_cache_warm,4000,4000,c8c60efb9020aaba0719152be1c8bb5123b2987e32673f35ef81f63901a6d422,19012420,19008420,57025260,19012420,4000,0,0,0,992524,10,,,197165
C-structural,payload_unicode_long_record,os_cache_warm,4000,4000,c8c60efb9020aaba0719152be1c8bb5123b2987e32673f35ef81f63901a6d422,19012420,19008420,57025260,19012420,4000,0,0,0,1320633,10,,,195319
A0,payload_unicode_long_record,os_cache_warm,4000,4000,c8c60efb9020aaba0719152be1c8bb5123b2987e32673f35ef81f63901a6d422,19012420,38016840,114050520,19012420,4000,0,0,0,0,10,,,352788
A1,payload_unicode_long_record,os_cache_warm,4000,4000,c8c60efb9020aaba0719152be1c8bb5123b2987e32673f35ef81f63901a6d422,19012420,19008420,57025260,19012420,4000,0,0,0,0,10,109,274,177460
C-structural,payload_unicode_long_record,os_cache_warm,4000,4000,c8c60efb9020aaba0719152be1c8bb5123b2987e32673f35ef81f63901a6d422,19012420,19008420,57025260,19012420,4000,0,0,0,1320633,11,,,195261
A0,payload_unicode_long_record,os_cache_warm,4000,4000,c8c60efb9020aaba0719152be1c8bb5123b2987e32673f35ef81f63901a6d422,19012420,38016840,114050520,19012420,4000,0,0,0,0,11,,,352691
A1,payload_unicode_long_record,os_cache_warm,4000,4000,c8c60efb9020aaba0719152be1c8bb5123b2987e32673f35ef81f63901a6d422,19012420,19008420,57025260,19012420,4000,0,0,0,0,11,110,281,179260
C-directory,payload_unicode_long_record,os_cache_warm,4000,4000,c8c60efb9020aaba0719152be1c8bb5123b2987e32673f35ef81f63901a6d422,19012420,19008420,57025260,19012420,4000,0,0,0,992524,11,,,194466
A0,payload_unicode_long_record,os_cache_warm,4000,4000,c8c60efb9020aaba0719152be1c8bb5123b2987e32673f35ef81f63901a6d422,19012420,38016840,114050520,19012420,4000,0,0,0,0,12,,,385574
A1,payload_unicode_long_record,os_cache_warm,4000,4000,c8c60efb9020aaba0719152be1c8bb5123b2987e32673f35ef81f63901a6d422,19012420,19008420,57025260,19012420,4000,0,0,0,0,12,84,252,184785
C-directory,payload_unicode_long_record,os_cache_warm,4000,4000,c8c60efb9020aaba0719152be1c8bb5123b2987e32673f35ef81f63901a6d422,19012420,19008420,57025260,19012420,4000,0,0,0,992524,12,,,196041
C-structural,payload_unicode_long_record,os_cache_warm,4000,4000,c8c60efb9020aaba0719152be1c8bb5123b2987e32673f35ef81f63901a6d422,19012420,19008420,57025260,19012420,4000,0,0,0,1320633,12,,,194565
A1,payload_unicode_long_record,os_cache_warm,4000,4000,c8c60efb9020aaba0719152be1c8bb5123b2987e32673f35ef81f63901a6d422,19012420,19008420,57025260,19012420,4000,0,0,0,0,13,69,216,176149
C-directory,payload_unicode_long_record,os_cache_warm,4000,4000,c8c60efb9020aaba0719152be1c8bb5123b2987e32673f35ef81f63901a6d422,19012420,19008420,57025260,19012420,4000,0,0,0,992524,13,,,196006
C-structural,payload_unicode_long_record,os_cache_warm,4000,4000,c8c60efb9020aaba0719152be1c8bb5123b2987e32673f35ef81f63901a6d422,19012420,19008420,57025260,19012420,4000,0,0,0,1320633,13,,,196405
A0,payload_unicode_long_record,os_cache_warm,4000,4000,c8c60efb9020aaba0719152be1c8bb5123b2987e32673f35ef81f63901a6d422,19012420,38016840,114050520,19012420,4000,0,0,0,0,13,,,362208
C-directory,payload_unicode_long_record,os_cache_warm,4000,4000,c8c60efb9020aaba0719152be1c8bb5123b2987e32673f35ef81f63901a6d422,19012420,19008420,57025260,19012420,4000,0,0,0,992524,14,,,195493
C-structural,payload_unicode_long_record,os_cache_warm,4000,4000,c8c60efb9020aaba0719152be1c8bb5123b2987e32673f35ef81f63901a6d422,19012420,19008420,57025260,19012420,4000,0,0,0,1320633,14,,,197132
A0,payload_unicode_long_record,os_cache_warm,4000,4000,c8c60efb9020aaba0719152be1c8bb5123b2987e32673f35ef81f63901a6d422,19012420,38016840,114050520,19012420,4000,0,0,0,0,14,,,339064
A1,payload_unicode_long_record,os_cache_warm,4000,4000,c8c60efb9020aaba0719152be1c8bb5123b2987e32673f35ef81f63901a6d422,19012420,19008420,57025260,19012420,4000,0,0,0,0,14,129,312,178546
C-structural,payload_unicode_long_record,os_cache_warm,4000,4000,c8c60efb9020aaba0719152be1c8bb5123b2987e32673f35ef81f63901a6d422,19012420,19008420,57025260,19012420,4000,0,0,0,1320633,15,,,193415
A0,payload_unicode_long_record,os_cache_warm,4000,4000,c8c60efb9020aaba0719152be1c8bb5123b2987e32673f35ef81f63901a6d422,19012420,38016840,114050520,19012420,4000,0,0,0,0,15,,,345252
A1,payload_unicode_long_record,os_cache_warm,4000,4000,c8c60efb9020aaba0719152be1c8bb5123b2987e32673f35ef81f63901a6d422,19012420,19008420,57025260,19012420,4000,0,0,0,0,15,131,292,179080
C-directory,payload_unicode_long_record,os_cache_warm,4000,4000,c8c60efb9020aaba0719152be1c8bb5123b2987e32673f35ef81f63901a6d422,19012420,19008420,57025260,19012420,4000,0,0,0,992524,15,,,196513
A0,payload_unicode_long_record,os_cache_warm,4000,4000,c8c60efb9020aaba0719152be1c8bb5123b2987e32673f35ef81f63901a6d422,19012420,38016840,114050520,19012420,4000,0,0,0,0,16,,,340771
A1,payload_unicode_long_record,os_cache_warm,4000,4000,c8c60efb9020aaba0719152be1c8bb5123b2987e32673f35ef81f63901a6d422,19012420,19008420,57025260,19012420,4000,0,0,0,0,16,99,257,179538
C-directory,payload_unicode_long_record,os_cache_warm,4000,4000,c8c60efb9020aaba0719152be1c8bb5123b2987e32673f35ef81f63901a6d422,19012420,19008420,57025260,19012420,4000,0,0,0,992524,16,,,200684
C-structural,payload_unicode_long_record,os_cache_warm,4000,4000,c8c60efb9020aaba0719152be1c8bb5123b2987e32673f35ef81f63901a6d422,19012420,19008420,57025260,19012420,4000,0,0,0,1320633,16,,,198139
A1,payload_unicode_long_record,os_cache_warm,4000,4000,c8c60efb9020aaba0719152be1c8bb5123b2987e32673f35ef81f63901a6d422,19012420,19008420,57025260,19012420,4000,0,0,0,0,17,106,308,189210
C-directory,payload_unicode_long_record,os_cache_warm,4000,4000,c8c60efb9020aaba0719152be1c8bb5123b2987e32673f35ef81f63901a6d422,19012420,19008420,57025260,19012420,4000,0,0,0,992524,17,,,202460
C-structural,payload_unicode_long_record,os_cache_warm,4000,4000,c8c60efb9020aaba0719152be1c8bb5123b2987e32673f35ef81f63901a6d422,19012420,19008420,57025260,19012420,4000,0,0,0,1320633,17,,,214131
A0,payload_unicode_long_record,os_cache_warm,4000,4000,c8c60efb9020aaba0719152be1c8bb5123b2987e32673f35ef81f63901a6d422,19012420,38016840,114050520,19012420,4000,0,0,0,0,17,,,394261
C-directory,payload_unicode_long_record,os_cache_warm,4000,4000,c8c60efb9020aaba0719152be1c8bb5123b2987e32673f35ef81f63901a6d422,19012420,19008420,57025260,19012420,4000,0,0,0,992524,18,,,204555
C-structural,payload_unicode_long_record,os_cache_warm,4000,4000,c8c60efb9020aaba0719152be1c8bb5123b2987e32673f35ef81f63901a6d422,19012420,19008420,57025260,19012420,4000,0,0,0,1320633,18,,,202828
A0,payload_unicode_long_record,os_cache_warm,4000,4000,c8c60efb9020aaba0719152be1c8bb5123b2987e32673f35ef81f63901a6d422,19012420,38016840,114050520,19012420,4000,0,0,0,0,18,,,343975
A1,payload_unicode_long_record,os_cache_warm,4000,4000,c8c60efb9020aaba0719152be1c8bb5123b2987e32673f35ef81f63901a6d422,19012420,19008420,57025260,19012420,4000,0,0,0,0,18,122,284,181500
C-structural,payload_unicode_long_record,os_cache_warm,4000,4000,c8c60efb9020aaba0719152be1c8bb5123b2987e32673f35ef81f63901a6d422,19012420,19008420,57025260,19012420,4000,0,0,0,1320633,19,,,203738
A0,payload_unicode_long_record,os_cache_warm,4000,4000,c8c60efb9020aaba0719152be1c8bb5123b2987e32673f35ef81f63901a6d422,19012420,38016840,114050520,19012420,4000,0,0,0,0,19,,,344280
A1,payload_unicode_long_record,os_cache_warm,4000,4000,c8c60efb9020aaba0719152be1c8bb5123b2987e32673f35ef81f63901a6d422,19012420,19008420,57025260,19012420,4000,0,0,0,0,19,104,279,178609
C-directory,payload_unicode_long_record,os_cache_warm,4000,4000,c8c60efb9020aaba0719152be1c8bb5123b2987e32673f35ef81f63901a6d422,19012420,19008420,57025260,19012420,4000,0,0,0,992524,19,,,195937
A0,reference_heavy,os_cache_warm,4000,64000,56a40de80994da33baf9b8d62625b4d4e779d7d91eea782cfee8b68cc2e3b658,5323778,10639556,31918668,5323778,4000,0,64000,0,0,0,,,212738
A1,reference_heavy,os_cache_warm,4000,64000,56a40de80994da33baf9b8d62625b4d4e779d7d91eea782cfee8b68cc2e3b658,5323778,5319778,15959334,5323778,4000,0,64000,0,0,0,137,318,100431
C-directory,reference_heavy,os_cache_warm,4000,64000,56a40de80994da33baf9b8d62625b4d4e779d7d91eea782cfee8b68cc2e3b658,5323778,5319778,15959334,5323778,4000,0,64000,0,1016926,0,,,143049
C-structural,reference_heavy,os_cache_warm,4000,64000,56a40de80994da33baf9b8d62625b4d4e779d7d91eea782cfee8b68cc2e3b658,5323778,5319778,15959334,5323778,4000,0,64000,0,15033034,0,,,142389
A1,reference_heavy,os_cache_warm,4000,64000,56a40de80994da33baf9b8d62625b4d4e779d7d91eea782cfee8b68cc2e3b658,5323778,5319778,15959334,5323778,4000,0,64000,0,0,1,129,325,103934
C-directory,reference_heavy,os_cache_warm,4000,64000,56a40de80994da33baf9b8d62625b4d4e779d7d91eea782cfee8b68cc2e3b658,5323778,5319778,15959334,5323778,4000,0,64000,0,1016926,1,,,144184
C-structural,reference_heavy,os_cache_warm,4000,64000,56a40de80994da33baf9b8d62625b4d4e779d7d91eea782cfee8b68cc2e3b658,5323778,5319778,15959334,5323778,4000,0,64000,0,15033034,1,,,144256
A0,reference_heavy,os_cache_warm,4000,64000,56a40de80994da33baf9b8d62625b4d4e779d7d91eea782cfee8b68cc2e3b658,5323778,10639556,31918668,5323778,4000,0,64000,0,0,1,,,213475
C-directory,reference_heavy,os_cache_warm,4000,64000,56a40de80994da33baf9b8d62625b4d4e779d7d91eea782cfee8b68cc2e3b658,5323778,5319778,15959334,5323778,4000,0,64000,0,1016926,2,,,144218
C-structural,reference_heavy,os_cache_warm,4000,64000,56a40de80994da33baf9b8d62625b4d4e779d7d91eea782cfee8b68cc2e3b658,5323778,5319778,15959334,5323778,4000,0,64000,0,15033034,2,,,144159
A0,reference_heavy,os_cache_warm,4000,64000,56a40de80994da33baf9b8d62625b4d4e779d7d91eea782cfee8b68cc2e3b658,5323778,10639556,31918668,5323778,4000,0,64000,0,0,2,,,207794
A1,reference_heavy,os_cache_warm,4000,64000,56a40de80994da33baf9b8d62625b4d4e779d7d91eea782cfee8b68cc2e3b658,5323778,5319778,15959334,5323778,4000,0,64000,0,0,2,145,353,101257
C-structural,reference_heavy,os_cache_warm,4000,64000,56a40de80994da33baf9b8d62625b4d4e779d7d91eea782cfee8b68cc2e3b658,5323778,5319778,15959334,5323778,4000,0,64000,0,15033034,3,,,142358
A0,reference_heavy,os_cache_warm,4000,64000,56a40de80994da33baf9b8d62625b4d4e779d7d91eea782cfee8b68cc2e3b658,5323778,10639556,31918668,5323778,4000,0,64000,0,0,3,,,208798
A1,reference_heavy,os_cache_warm,4000,64000,56a40de80994da33baf9b8d62625b4d4e779d7d91eea782cfee8b68cc2e3b658,5323778,5319778,15959334,5323778,4000,0,64000,0,0,3,136,315,99565
C-directory,reference_heavy,os_cache_warm,4000,64000,56a40de80994da33baf9b8d62625b4d4e779d7d91eea782cfee8b68cc2e3b658,5323778,5319778,15959334,5323778,4000,0,64000,0,1016926,3,,,142722
A0,reference_heavy,os_cache_warm,4000,64000,56a40de80994da33baf9b8d62625b4d4e779d7d91eea782cfee8b68cc2e3b658,5323778,10639556,31918668,5323778,4000,0,64000,0,0,4,,,208352
A1,reference_heavy,os_cache_warm,4000,64000,56a40de80994da33baf9b8d62625b4d4e779d7d91eea782cfee8b68cc2e3b658,5323778,5319778,15959334,5323778,4000,0,64000,0,0,4,139,322,99806
C-directory,reference_heavy,os_cache_warm,4000,64000,56a40de80994da33baf9b8d62625b4d4e779d7d91eea782cfee8b68cc2e3b658,5323778,5319778,15959334,5323778,4000,0,64000,0,1016926,4,,,142373
C-structural,reference_heavy,os_cache_warm,4000,64000,56a40de80994da33baf9b8d62625b4d4e779d7d91eea782cfee8b68cc2e3b658,5323778,5319778,15959334,5323778,4000,0,64000,0,15033034,4,,,147906
A1,reference_heavy,os_cache_warm,4000,64000,56a40de80994da33baf9b8d62625b4d4e779d7d91eea782cfee8b68cc2e3b658,5323778,5319778,15959334,5323778,4000,0,64000,0,0,5,115,308,124794
C-directory,reference_heavy,os_cache_warm,4000,64000,56a40de80994da33baf9b8d62625b4d4e779d7d91eea782cfee8b68cc2e3b658,5323778,5319778,15959334,5323778,4000,0,64000,0,1016926,5,,,150754
C-structural,reference_heavy,os_cache_warm,4000,64000,56a40de80994da33baf9b8d62625b4d4e779d7d91eea782cfee8b68cc2e3b658,5323778,5319778,15959334,5323778,4000,0,64000,0,15033034,5,,,147374
A0,reference_heavy,os_cache_warm,4000,64000,56a40de80994da33baf9b8d62625b4d4e779d7d91eea782cfee8b68cc2e3b658,5323778,10639556,31918668,5323778,4000,0,64000,0,0,5,,,210400
C-directory,reference_heavy,os_cache_warm,4000,64000,56a40de80994da33baf9b8d62625b4d4e779d7d91eea782cfee8b68cc2e3b658,5323778,5319778,15959334,5323778,4000,0,64000,0,1016926,6,,,148027
C-structural,reference_heavy,os_cache_warm,4000,64000,56a40de80994da33baf9b8d62625b4d4e779d7d91eea782cfee8b68cc2e3b658,5323778,5319778,15959334,5323778,4000,0,64000,0,15033034,6,,,147278
A0,reference_heavy,os_cache_warm,4000,64000,56a40de80994da33baf9b8d62625b4d4e779d7d91eea782cfee8b68cc2e3b658,5323778,10639556,31918668,5323778,4000,0,64000,0,0,6,,,209044
A1,reference_heavy,os_cache_warm,4000,64000,56a40de80994da33baf9b8d62625b4d4e779d7d91eea782cfee8b68cc2e3b658,5323778,5319778,15959334,5323778,4000,0,64000,0,0,6,121,309,104922
C-structural,reference_heavy,os_cache_warm,4000,64000,56a40de80994da33baf9b8d62625b4d4e779d7d91eea782cfee8b68cc2e3b658,5323778,5319778,15959334,5323778,4000,0,64000,0,15033034,7,,,147885
A0,reference_heavy,os_cache_warm,4000,64000,56a40de80994da33baf9b8d62625b4d4e779d7d91eea782cfee8b68cc2e3b658,5323778,10639556,31918668,5323778,4000,0,64000,0,0,7,,,219758
A1,reference_heavy,os_cache_warm,4000,64000,56a40de80994da33baf9b8d62625b4d4e779d7d91eea782cfee8b68cc2e3b658,5323778,5319778,15959334,5323778,4000,0,64000,0,0,7,128,339,101983
C-directory,reference_heavy,os_cache_warm,4000,64000,56a40de80994da33baf9b8d62625b4d4e779d7d91eea782cfee8b68cc2e3b658,5323778,5319778,15959334,5323778,4000,0,64000,0,1016926,7,,,159028
A0,reference_heavy,os_cache_warm,4000,64000,56a40de80994da33baf9b8d62625b4d4e779d7d91eea782cfee8b68cc2e3b658,5323778,10639556,31918668,5323778,4000,0,64000,0,0,8,,,212309
A1,reference_heavy,os_cache_warm,4000,64000,56a40de80994da33baf9b8d62625b4d4e779d7d91eea782cfee8b68cc2e3b658,5323778,5319778,15959334,5323778,4000,0,64000,0,0,8,141,371,102253
C-directory,reference_heavy,os_cache_warm,4000,64000,56a40de80994da33baf9b8d62625b4d4e779d7d91eea782cfee8b68cc2e3b658,5323778,5319778,15959334,5323778,4000,0,64000,0,1016926,8,,,149239
C-structural,reference_heavy,os_cache_warm,4000,64000,56a40de80994da33baf9b8d62625b4d4e779d7d91eea782cfee8b68cc2e3b658,5323778,5319778,15959334,5323778,4000,0,64000,0,15033034,8,,,146738
A1,reference_heavy,os_cache_warm,4000,64000,56a40de80994da33baf9b8d62625b4d4e779d7d91eea782cfee8b68cc2e3b658,5323778,5319778,15959334,5323778,4000,0,64000,0,0,9,131,336,98576
C-directory,reference_heavy,os_cache_warm,4000,64000,56a40de80994da33baf9b8d62625b4d4e779d7d91eea782cfee8b68cc2e3b658,5323778,5319778,15959334,5323778,4000,0,64000,0,1016926,9,,,143716
C-structural,reference_heavy,os_cache_warm,4000,64000,56a40de80994da33baf9b8d62625b4d4e779d7d91eea782cfee8b68cc2e3b658,5323778,5319778,15959334,5323778,4000,0,64000,0,15033034,9,,,144444
A0,reference_heavy,os_cache_warm,4000,64000,56a40de80994da33baf9b8d62625b4d4e779d7d91eea782cfee8b68cc2e3b658,5323778,10639556,31918668,5323778,4000,0,64000,0,0,9,,,204350
C-directory,reference_heavy,os_cache_warm,4000,64000,56a40de80994da33baf9b8d62625b4d4e779d7d91eea782cfee8b68cc2e3b658,5323778,5319778,15959334,5323778,4000,0,64000,0,1016926,10,,,143815
C-structural,reference_heavy,os_cache_warm,4000,64000,56a40de80994da33baf9b8d62625b4d4e779d7d91eea782cfee8b68cc2e3b658,5323778,5319778,15959334,5323778,4000,0,64000,0,15033034,10,,,153340
A0,reference_heavy,os_cache_warm,4000,64000,56a40de80994da33baf9b8d62625b4d4e779d7d91eea782cfee8b68cc2e3b658,5323778,10639556,31918668,5323778,4000,0,64000,0,0,10,,,209132
A1,reference_heavy,os_cache_warm,4000,64000,56a40de80994da33baf9b8d62625b4d4e779d7d91eea782cfee8b68cc2e3b658,5323778,5319778,15959334,5323778,4000,0,64000,0,0,10,111,287,99716
C-structural,reference_heavy,os_cache_warm,4000,64000,56a40de80994da33baf9b8d62625b4d4e779d7d91eea782cfee8b68cc2e3b658,5323778,5319778,15959334,5323778,4000,0,64000,0,15033034,11,,,142679
A0,reference_heavy,os_cache_warm,4000,64000,56a40de80994da33baf9b8d62625b4d4e779d7d91eea782cfee8b68cc2e3b658,5323778,10639556,31918668,5323778,4000,0,64000,0,0,11,,,205088
A1,reference_heavy,os_cache_warm,4000,64000,56a40de80994da33baf9b8d62625b4d4e779d7d91eea782cfee8b68cc2e3b658,5323778,5319778,15959334,5323778,4000,0,64000,0,0,11,123,307,99562
C-directory,reference_heavy,os_cache_warm,4000,64000,56a40de80994da33baf9b8d62625b4d4e779d7d91eea782cfee8b68cc2e3b658,5323778,5319778,15959334,5323778,4000,0,64000,0,1016926,11,,,141682
A0,reference_heavy,os_cache_warm,4000,64000,56a40de80994da33baf9b8d62625b4d4e779d7d91eea782cfee8b68cc2e3b658,5323778,10639556,31918668,5323778,4000,0,64000,0,0,12,,,208975
A1,reference_heavy,os_cache_warm,4000,64000,56a40de80994da33baf9b8d62625b4d4e779d7d91eea782cfee8b68cc2e3b658,5323778,5319778,15959334,5323778,4000,0,64000,0,0,12,114,296,98793
C-directory,reference_heavy,os_cache_warm,4000,64000,56a40de80994da33baf9b8d62625b4d4e779d7d91eea782cfee8b68cc2e3b658,5323778,5319778,15959334,5323778,4000,0,64000,0,1016926,12,,,143347
C-structural,reference_heavy,os_cache_warm,4000,64000,56a40de80994da33baf9b8d62625b4d4e779d7d91eea782cfee8b68cc2e3b658,5323778,5319778,15959334,5323778,4000,0,64000,0,15033034,12,,,142422
A1,reference_heavy,os_cache_warm,4000,64000,56a40de80994da33baf9b8d62625b4d4e779d7d91eea782cfee8b68cc2e3b658,5323778,5319778,15959334,5323778,4000,0,64000,0,0,13,108,385,100176
C-directory,reference_heavy,os_cache_warm,4000,64000,56a40de80994da33baf9b8d62625b4d4e779d7d91eea782cfee8b68cc2e3b658,5323778,5319778,15959334,5323778,4000,0,64000,0,1016926,13,,,143391
C-structural,reference_heavy,os_cache_warm,4000,64000,56a40de80994da33baf9b8d62625b4d4e779d7d91eea782cfee8b68cc2e3b658,5323778,5319778,15959334,5323778,4000,0,64000,0,15033034,13,,,143703
A0,reference_heavy,os_cache_warm,4000,64000,56a40de80994da33baf9b8d62625b4d4e779d7d91eea782cfee8b68cc2e3b658,5323778,10639556,31918668,5323778,4000,0,64000,0,0,13,,,205274
C-directory,reference_heavy,os_cache_warm,4000,64000,56a40de80994da33baf9b8d62625b4d4e779d7d91eea782cfee8b68cc2e3b658,5323778,5319778,15959334,5323778,4000,0,64000,0,1016926,14,,,143541
C-structural,reference_heavy,os_cache_warm,4000,64000,56a40de80994da33baf9b8d62625b4d4e779d7d91eea782cfee8b68cc2e3b658,5323778,5319778,15959334,5323778,4000,0,64000,0,15033034,14,,,141792
A0,reference_heavy,os_cache_warm,4000,64000,56a40de80994da33baf9b8d62625b4d4e779d7d91eea782cfee8b68cc2e3b658,5323778,10639556,31918668,5323778,4000,0,64000,0,0,14,,,207991
A1,reference_heavy,os_cache_warm,4000,64000,56a40de80994da33baf9b8d62625b4d4e779d7d91eea782cfee8b68cc2e3b658,5323778,5319778,15959334,5323778,4000,0,64000,0,0,14,96,270,99547
C-structural,reference_heavy,os_cache_warm,4000,64000,56a40de80994da33baf9b8d62625b4d4e779d7d91eea782cfee8b68cc2e3b658,5323778,5319778,15959334,5323778,4000,0,64000,0,15033034,15,,,143996
A0,reference_heavy,os_cache_warm,4000,64000,56a40de80994da33baf9b8d62625b4d4e779d7d91eea782cfee8b68cc2e3b658,5323778,10639556,31918668,5323778,4000,0,64000,0,0,15,,,208121
A1,reference_heavy,os_cache_warm,4000,64000,56a40de80994da33baf9b8d62625b4d4e779d7d91eea782cfee8b68cc2e3b658,5323778,5319778,15959334,5323778,4000,0,64000,0,0,15,149,345,100095
C-directory,reference_heavy,os_cache_warm,4000,64000,56a40de80994da33baf9b8d62625b4d4e779d7d91eea782cfee8b68cc2e3b658,5323778,5319778,15959334,5323778,4000,0,64000,0,1016926,15,,,141684
A0,reference_heavy,os_cache_warm,4000,64000,56a40de80994da33baf9b8d62625b4d4e779d7d91eea782cfee8b68cc2e3b658,5323778,10639556,31918668,5323778,4000,0,64000,0,0,16,,,205933
A1,reference_heavy,os_cache_warm,4000,64000,56a40de80994da33baf9b8d62625b4d4e779d7d91eea782cfee8b68cc2e3b658,5323778,5319778,15959334,5323778,4000,0,64000,0,0,16,129,315,100754
C-directory,reference_heavy,os_cache_warm,4000,64000,56a40de80994da33baf9b8d62625b4d4e779d7d91eea782cfee8b68cc2e3b658,5323778,5319778,15959334,5323778,4000,0,64000,0,1016926,16,,,144302
C-structural,reference_heavy,os_cache_warm,4000,64000,56a40de80994da33baf9b8d62625b4d4e779d7d91eea782cfee8b68cc2e3b658,5323778,5319778,15959334,5323778,4000,0,64000,0,15033034,16,,,145107
A1,reference_heavy,os_cache_warm,4000,64000,56a40de80994da33baf9b8d62625b4d4e779d7d91eea782cfee8b68cc2e3b658,5323778,5319778,15959334,5323778,4000,0,64000,0,0,17,90,271,99283
C-directory,reference_heavy,os_cache_warm,4000,64000,56a40de80994da33baf9b8d62625b4d4e779d7d91eea782cfee8b68cc2e3b658,5323778,5319778,15959334,5323778,4000,0,64000,0,1016926,17,,,145413
C-structural,reference_heavy,os_cache_warm,4000,64000,56a40de80994da33baf9b8d62625b4d4e779d7d91eea782cfee8b68cc2e3b658,5323778,5319778,15959334,5323778,4000,0,64000,0,15033034,17,,,143761
A0,reference_heavy,os_cache_warm,4000,64000,56a40de80994da33baf9b8d62625b4d4e779d7d91eea782cfee8b68cc2e3b658,5323778,10639556,31918668,5323778,4000,0,64000,0,0,17,,,210426
C-directory,reference_heavy,os_cache_warm,4000,64000,56a40de80994da33baf9b8d62625b4d4e779d7d91eea782cfee8b68cc2e3b658,5323778,5319778,15959334,5323778,4000,0,64000,0,1016926,18,,,159431
C-structural,reference_heavy,os_cache_warm,4000,64000,56a40de80994da33baf9b8d62625b4d4e779d7d91eea782cfee8b68cc2e3b658,5323778,5319778,15959334,5323778,4000,0,64000,0,15033034,18,,,397051
A0,reference_heavy,os_cache_warm,4000,64000,56a40de80994da33baf9b8d62625b4d4e779d7d91eea782cfee8b68cc2e3b658,5323778,10639556,31918668,5323778,4000,0,64000,0,0,18,,,236701
A1,reference_heavy,os_cache_warm,4000,64000,56a40de80994da33baf9b8d62625b4d4e779d7d91eea782cfee8b68cc2e3b658,5323778,5319778,15959334,5323778,4000,0,64000,0,0,18,249,578,153456
C-structural,reference_heavy,os_cache_warm,4000,64000,56a40de80994da33baf9b8d62625b4d4e779d7d91eea782cfee8b68cc2e3b658,5323778,5319778,15959334,5323778,4000,0,64000,0,15033034,19,,,217600
A0,reference_heavy,os_cache_warm,4000,64000,56a40de80994da33baf9b8d62625b4d4e779d7d91eea782cfee8b68cc2e3b658,5323778,10639556,31918668,5323778,4000,0,64000,0,0,19,,,211848
A1,reference_heavy,os_cache_warm,4000,64000,56a40de80994da33baf9b8d62625b4d4e779d7d91eea782cfee8b68cc2e3b658,5323778,5319778,15959334,5323778,4000,0,64000,0,0,19,121,301,100087
C-directory,reference_heavy,os_cache_warm,4000,64000,56a40de80994da33baf9b8d62625b4d4e779d7d91eea782cfee8b68cc2e3b658,5323778,5319778,15959334,5323778,4000,0,64000,0,1016926,19,,,158046
A0,formula_edge_heavy,os_cache_warm,4000,8000,004e57326b70da9ed30cad50d0331dbcd340be025edaf6df60c748076713f881,8128573,16249146,48747438,8128573,4000,124000,0,64000,0,0,,,368683
A1,formula_edge_heavy,os_cache_warm,4000,8000,004e57326b70da9ed30cad50d0331dbcd340be025edaf6df60c748076713f881,8128573,8124573,24373719,8128573,4000,124000,0,64000,0,0,117,276,171599
C-directory,formula_edge_heavy,os_cache_warm,4000,8000,004e57326b70da9ed30cad50d0331dbcd340be025edaf6df60c748076713f881,8128573,8124573,24373719,8128573,4000,124000,0,64000,991489,0,,,199537
C-structural,formula_edge_heavy,os_cache_warm,4000,8000,004e57326b70da9ed30cad50d0331dbcd340be025edaf6df60c748076713f881,8128573,8124573,24373719,8128573,4000,124000,0,64000,9595596,0,,,232340
A1,formula_edge_heavy,os_cache_warm,4000,8000,004e57326b70da9ed30cad50d0331dbcd340be025edaf6df60c748076713f881,8128573,8124573,24373719,8128573,4000,124000,0,64000,0,1,121,291,169551
C-directory,formula_edge_heavy,os_cache_warm,4000,8000,004e57326b70da9ed30cad50d0331dbcd340be025edaf6df60c748076713f881,8128573,8124573,24373719,8128573,4000,124000,0,64000,991489,1,,,219066
C-structural,formula_edge_heavy,os_cache_warm,4000,8000,004e57326b70da9ed30cad50d0331dbcd340be025edaf6df60c748076713f881,8128573,8124573,24373719,8128573,4000,124000,0,64000,9595596,1,,,248425
A0,formula_edge_heavy,os_cache_warm,4000,8000,004e57326b70da9ed30cad50d0331dbcd340be025edaf6df60c748076713f881,8128573,16249146,48747438,8128573,4000,124000,0,64000,0,1,,,352344
C-directory,formula_edge_heavy,os_cache_warm,4000,8000,004e57326b70da9ed30cad50d0331dbcd340be025edaf6df60c748076713f881,8128573,8124573,24373719,8128573,4000,124000,0,64000,991489,2,,,196997
C-structural,formula_edge_heavy,os_cache_warm,4000,8000,004e57326b70da9ed30cad50d0331dbcd340be025edaf6df60c748076713f881,8128573,8124573,24373719,8128573,4000,124000,0,64000,9595596,2,,,230115
A0,formula_edge_heavy,os_cache_warm,4000,8000,004e57326b70da9ed30cad50d0331dbcd340be025edaf6df60c748076713f881,8128573,16249146,48747438,8128573,4000,124000,0,64000,0,2,,,347793
A1,formula_edge_heavy,os_cache_warm,4000,8000,004e57326b70da9ed30cad50d0331dbcd340be025edaf6df60c748076713f881,8128573,8124573,24373719,8128573,4000,124000,0,64000,0,2,114,276,169911
C-structural,formula_edge_heavy,os_cache_warm,4000,8000,004e57326b70da9ed30cad50d0331dbcd340be025edaf6df60c748076713f881,8128573,8124573,24373719,8128573,4000,124000,0,64000,9595596,3,,,259257
A0,formula_edge_heavy,os_cache_warm,4000,8000,004e57326b70da9ed30cad50d0331dbcd340be025edaf6df60c748076713f881,8128573,16249146,48747438,8128573,4000,124000,0,64000,0,3,,,418991
A1,formula_edge_heavy,os_cache_warm,4000,8000,004e57326b70da9ed30cad50d0331dbcd340be025edaf6df60c748076713f881,8128573,8124573,24373719,8128573,4000,124000,0,64000,0,3,155,343,170587
C-directory,formula_edge_heavy,os_cache_warm,4000,8000,004e57326b70da9ed30cad50d0331dbcd340be025edaf6df60c748076713f881,8128573,8124573,24373719,8128573,4000,124000,0,64000,991489,3,,,199259
A0,formula_edge_heavy,os_cache_warm,4000,8000,004e57326b70da9ed30cad50d0331dbcd340be025edaf6df60c748076713f881,8128573,16249146,48747438,8128573,4000,124000,0,64000,0,4,,,351720
A1,formula_edge_heavy,os_cache_warm,4000,8000,004e57326b70da9ed30cad50d0331dbcd340be025edaf6df60c748076713f881,8128573,8124573,24373719,8128573,4000,124000,0,64000,0,4,104,261,171644
C-directory,formula_edge_heavy,os_cache_warm,4000,8000,004e57326b70da9ed30cad50d0331dbcd340be025edaf6df60c748076713f881,8128573,8124573,24373719,8128573,4000,124000,0,64000,991489,4,,,209843
C-structural,formula_edge_heavy,os_cache_warm,4000,8000,004e57326b70da9ed30cad50d0331dbcd340be025edaf6df60c748076713f881,8128573,8124573,24373719,8128573,4000,124000,0,64000,9595596,4,,,237560
A1,formula_edge_heavy,os_cache_warm,4000,8000,004e57326b70da9ed30cad50d0331dbcd340be025edaf6df60c748076713f881,8128573,8124573,24373719,8128573,4000,124000,0,64000,0,5,189,360,169618
C-directory,formula_edge_heavy,os_cache_warm,4000,8000,004e57326b70da9ed30cad50d0331dbcd340be025edaf6df60c748076713f881,8128573,8124573,24373719,8128573,4000,124000,0,64000,991489,5,,,200173
C-structural,formula_edge_heavy,os_cache_warm,4000,8000,004e57326b70da9ed30cad50d0331dbcd340be025edaf6df60c748076713f881,8128573,8124573,24373719,8128573,4000,124000,0,64000,9595596,5,,,233691
A0,formula_edge_heavy,os_cache_warm,4000,8000,004e57326b70da9ed30cad50d0331dbcd340be025edaf6df60c748076713f881,8128573,16249146,48747438,8128573,4000,124000,0,64000,0,5,,,351761
C-directory,formula_edge_heavy,os_cache_warm,4000,8000,004e57326b70da9ed30cad50d0331dbcd340be025edaf6df60c748076713f881,8128573,8124573,24373719,8128573,4000,124000,0,64000,991489,6,,,200014
C-structural,formula_edge_heavy,os_cache_warm,4000,8000,004e57326b70da9ed30cad50d0331dbcd340be025edaf6df60c748076713f881,8128573,8124573,24373719,8128573,4000,124000,0,64000,9595596,6,,,232318
A0,formula_edge_heavy,os_cache_warm,4000,8000,004e57326b70da9ed30cad50d0331dbcd340be025edaf6df60c748076713f881,8128573,16249146,48747438,8128573,4000,124000,0,64000,0,6,,,378377
A1,formula_edge_heavy,os_cache_warm,4000,8000,004e57326b70da9ed30cad50d0331dbcd340be025edaf6df60c748076713f881,8128573,8124573,24373719,8128573,4000,124000,0,64000,0,6,139,357,170710
C-structural,formula_edge_heavy,os_cache_warm,4000,8000,004e57326b70da9ed30cad50d0331dbcd340be025edaf6df60c748076713f881,8128573,8124573,24373719,8128573,4000,124000,0,64000,9595596,7,,,232401
A0,formula_edge_heavy,os_cache_warm,4000,8000,004e57326b70da9ed30cad50d0331dbcd340be025edaf6df60c748076713f881,8128573,16249146,48747438,8128573,4000,124000,0,64000,0,7,,,349894
A1,formula_edge_heavy,os_cache_warm,4000,8000,004e57326b70da9ed30cad50d0331dbcd340be025edaf6df60c748076713f881,8128573,8124573,24373719,8128573,4000,124000,0,64000,0,7,94,258,171552
C-directory,formula_edge_heavy,os_cache_warm,4000,8000,004e57326b70da9ed30cad50d0331dbcd340be025edaf6df60c748076713f881,8128573,8124573,24373719,8128573,4000,124000,0,64000,991489,7,,,200892
A0,formula_edge_heavy,os_cache_warm,4000,8000,004e57326b70da9ed30cad50d0331dbcd340be025edaf6df60c748076713f881,8128573,16249146,48747438,8128573,4000,124000,0,64000,0,8,,,350022
A1,formula_edge_heavy,os_cache_warm,4000,8000,004e57326b70da9ed30cad50d0331dbcd340be025edaf6df60c748076713f881,8128573,8124573,24373719,8128573,4000,124000,0,64000,0,8,111,291,171384
C-directory,formula_edge_heavy,os_cache_warm,4000,8000,004e57326b70da9ed30cad50d0331dbcd340be025edaf6df60c748076713f881,8128573,8124573,24373719,8128573,4000,124000,0,64000,991489,8,,,202425
C-structural,formula_edge_heavy,os_cache_warm,4000,8000,004e57326b70da9ed30cad50d0331dbcd340be025edaf6df60c748076713f881,8128573,8124573,24373719,8128573,4000,124000,0,64000,9595596,8,,,232267
A1,formula_edge_heavy,os_cache_warm,4000,8000,004e57326b70da9ed30cad50d0331dbcd340be025edaf6df60c748076713f881,8128573,8124573,24373719,8128573,4000,124000,0,64000,0,9,138,315,170243
C-directory,formula_edge_heavy,os_cache_warm,4000,8000,004e57326b70da9ed30cad50d0331dbcd340be025edaf6df60c748076713f881,8128573,8124573,24373719,8128573,4000,124000,0,64000,991489,9,,,200190
C-structural,formula_edge_heavy,os_cache_warm,4000,8000,004e57326b70da9ed30cad50d0331dbcd340be025edaf6df60c748076713f881,8128573,8124573,24373719,8128573,4000,124000,0,64000,9595596,9,,,231037
A0,formula_edge_heavy,os_cache_warm,4000,8000,004e57326b70da9ed30cad50d0331dbcd340be025edaf6df60c748076713f881,8128573,16249146,48747438,8128573,4000,124000,0,64000,0,9,,,345260
C-directory,formula_edge_heavy,os_cache_warm,4000,8000,004e57326b70da9ed30cad50d0331dbcd340be025edaf6df60c748076713f881,8128573,8124573,24373719,8128573,4000,124000,0,64000,991489,10,,,201746
C-structural,formula_edge_heavy,os_cache_warm,4000,8000,004e57326b70da9ed30cad50d0331dbcd340be025edaf6df60c748076713f881,8128573,8124573,24373719,8128573,4000,124000,0,64000,9595596,10,,,233108
A0,formula_edge_heavy,os_cache_warm,4000,8000,004e57326b70da9ed30cad50d0331dbcd340be025edaf6df60c748076713f881,8128573,16249146,48747438,8128573,4000,124000,0,64000,0,10,,,347106
A1,formula_edge_heavy,os_cache_warm,4000,8000,004e57326b70da9ed30cad50d0331dbcd340be025edaf6df60c748076713f881,8128573,8124573,24373719,8128573,4000,124000,0,64000,0,10,121,293,168708
C-structural,formula_edge_heavy,os_cache_warm,4000,8000,004e57326b70da9ed30cad50d0331dbcd340be025edaf6df60c748076713f881,8128573,8124573,24373719,8128573,4000,124000,0,64000,9595596,11,,,231250
A0,formula_edge_heavy,os_cache_warm,4000,8000,004e57326b70da9ed30cad50d0331dbcd340be025edaf6df60c748076713f881,8128573,16249146,48747438,8128573,4000,124000,0,64000,0,11,,,358459
A1,formula_edge_heavy,os_cache_warm,4000,8000,004e57326b70da9ed30cad50d0331dbcd340be025edaf6df60c748076713f881,8128573,8124573,24373719,8128573,4000,124000,0,64000,0,11,134,321,174937
C-directory,formula_edge_heavy,os_cache_warm,4000,8000,004e57326b70da9ed30cad50d0331dbcd340be025edaf6df60c748076713f881,8128573,8124573,24373719,8128573,4000,124000,0,64000,991489,11,,,201748
A0,formula_edge_heavy,os_cache_warm,4000,8000,004e57326b70da9ed30cad50d0331dbcd340be025edaf6df60c748076713f881,8128573,16249146,48747438,8128573,4000,124000,0,64000,0,12,,,345642
A1,formula_edge_heavy,os_cache_warm,4000,8000,004e57326b70da9ed30cad50d0331dbcd340be025edaf6df60c748076713f881,8128573,8124573,24373719,8128573,4000,124000,0,64000,0,12,98,252,168832
C-directory,formula_edge_heavy,os_cache_warm,4000,8000,004e57326b70da9ed30cad50d0331dbcd340be025edaf6df60c748076713f881,8128573,8124573,24373719,8128573,4000,124000,0,64000,991489,12,,,200684
C-structural,formula_edge_heavy,os_cache_warm,4000,8000,004e57326b70da9ed30cad50d0331dbcd340be025edaf6df60c748076713f881,8128573,8124573,24373719,8128573,4000,124000,0,64000,9595596,12,,,232100
A1,formula_edge_heavy,os_cache_warm,4000,8000,004e57326b70da9ed30cad50d0331dbcd340be025edaf6df60c748076713f881,8128573,8124573,24373719,8128573,4000,124000,0,64000,0,13,107,269,171422
C-directory,formula_edge_heavy,os_cache_warm,4000,8000,004e57326b70da9ed30cad50d0331dbcd340be025edaf6df60c748076713f881,8128573,8124573,24373719,8128573,4000,124000,0,64000,991489,13,,,201327
C-structural,formula_edge_heavy,os_cache_warm,4000,8000,004e57326b70da9ed30cad50d0331dbcd340be025edaf6df60c748076713f881,8128573,8124573,24373719,8128573,4000,124000,0,64000,9595596,13,,,231499
A0,formula_edge_heavy,os_cache_warm,4000,8000,004e57326b70da9ed30cad50d0331dbcd340be025edaf6df60c748076713f881,8128573,16249146,48747438,8128573,4000,124000,0,64000,0,13,,,350767
C-directory,formula_edge_heavy,os_cache_warm,4000,8000,004e57326b70da9ed30cad50d0331dbcd340be025edaf6df60c748076713f881,8128573,8124573,24373719,8128573,4000,124000,0,64000,991489,14,,,201318
C-structural,formula_edge_heavy,os_cache_warm,4000,8000,004e57326b70da9ed30cad50d0331dbcd340be025edaf6df60c748076713f881,8128573,8124573,24373719,8128573,4000,124000,0,64000,9595596,14,,,232778
A0,formula_edge_heavy,os_cache_warm,4000,8000,004e57326b70da9ed30cad50d0331dbcd340be025edaf6df60c748076713f881,8128573,16249146,48747438,8128573,4000,124000,0,64000,0,14,,,348360
A1,formula_edge_heavy,os_cache_warm,4000,8000,004e57326b70da9ed30cad50d0331dbcd340be025edaf6df60c748076713f881,8128573,8124573,24373719,8128573,4000,124000,0,64000,0,14,151,354,169972
C-structural,formula_edge_heavy,os_cache_warm,4000,8000,004e57326b70da9ed30cad50d0331dbcd340be025edaf6df60c748076713f881,8128573,8124573,24373719,8128573,4000,124000,0,64000,9595596,15,,,229937
A0,formula_edge_heavy,os_cache_warm,4000,8000,004e57326b70da9ed30cad50d0331dbcd340be025edaf6df60c748076713f881,8128573,16249146,48747438,8128573,4000,124000,0,64000,0,15,,,350103
A1,formula_edge_heavy,os_cache_warm,4000,8000,004e57326b70da9ed30cad50d0331dbcd340be025edaf6df60c748076713f881,8128573,8124573,24373719,8128573,4000,124000,0,64000,0,15,135,325,172167
C-directory,formula_edge_heavy,os_cache_warm,4000,8000,004e57326b70da9ed30cad50d0331dbcd340be025edaf6df60c748076713f881,8128573,8124573,24373719,8128573,4000,124000,0,64000,991489,15,,,200569
A0,formula_edge_heavy,os_cache_warm,4000,8000,004e57326b70da9ed30cad50d0331dbcd340be025edaf6df60c748076713f881,8128573,16249146,48747438,8128573,4000,124000,0,64000,0,16,,,348413
A1,formula_edge_heavy,os_cache_warm,4000,8000,004e57326b70da9ed30cad50d0331dbcd340be025edaf6df60c748076713f881,8128573,8124573,24373719,8128573,4000,124000,0,64000,0,16,140,323,170188
C-directory,formula_edge_heavy,os_cache_warm,4000,8000,004e57326b70da9ed30cad50d0331dbcd340be025edaf6df60c748076713f881,8128573,8124573,24373719,8128573,4000,124000,0,64000,991489,16,,,199880
C-structural,formula_edge_heavy,os_cache_warm,4000,8000,004e57326b70da9ed30cad50d0331dbcd340be025edaf6df60c748076713f881,8128573,8124573,24373719,8128573,4000,124000,0,64000,9595596,16,,,232839
A1,formula_edge_heavy,os_cache_warm,4000,8000,004e57326b70da9ed30cad50d0331dbcd340be025edaf6df60c748076713f881,8128573,8124573,24373719,8128573,4000,124000,0,64000,0,17,115,291,170706
C-directory,formula_edge_heavy,os_cache_warm,4000,8000,004e57326b70da9ed30cad50d0331dbcd340be025edaf6df60c748076713f881,8128573,8124573,24373719,8128573,4000,124000,0,64000,991489,17,,,200923
C-structural,formula_edge_heavy,os_cache_warm,4000,8000,004e57326b70da9ed30cad50d0331dbcd340be025edaf6df60c748076713f881,8128573,8124573,24373719,8128573,4000,124000,0,64000,9595596,17,,,230673
A0,formula_edge_heavy,os_cache_warm,4000,8000,004e57326b70da9ed30cad50d0331dbcd340be025edaf6df60c748076713f881,8128573,16249146,48747438,8128573,4000,124000,0,64000,0,17,,,348286
C-directory,formula_edge_heavy,os_cache_warm,4000,8000,004e57326b70da9ed30cad50d0331dbcd340be025edaf6df60c748076713f881,8128573,8124573,24373719,8128573,4000,124000,0,64000,991489,18,,,199381
C-structural,formula_edge_heavy,os_cache_warm,4000,8000,004e57326b70da9ed30cad50d0331dbcd340be025edaf6df60c748076713f881,8128573,8124573,24373719,8128573,4000,124000,0,64000,9595596,18,,,232397
A0,formula_edge_heavy,os_cache_warm,4000,8000,004e57326b70da9ed30cad50d0331dbcd340be025edaf6df60c748076713f881,8128573,16249146,48747438,8128573,4000,124000,0,64000,0,18,,,347856
A1,formula_edge_heavy,os_cache_warm,4000,8000,004e57326b70da9ed30cad50d0331dbcd340be025edaf6df60c748076713f881,8128573,8124573,24373719,8128573,4000,124000,0,64000,0,18,131,304,170089
C-structural,formula_edge_heavy,os_cache_warm,4000,8000,004e57326b70da9ed30cad50d0331dbcd340be025edaf6df60c748076713f881,8128573,8124573,24373719,8128573,4000,124000,0,64000,9595596,19,,,232801
A0,formula_edge_heavy,os_cache_warm,4000,8000,004e57326b70da9ed30cad50d0331dbcd340be025edaf6df60c748076713f881,8128573,16249146,48747438,8128573,4000,124000,0,64000,0,19,,,344123
A1,formula_edge_heavy,os_cache_warm,4000,8000,004e57326b70da9ed30cad50d0331dbcd340be025edaf6df60c748076713f881,8128573,8124573,24373719,8128573,4000,124000,0,64000,0,19,102,285,170356
C-directory,formula_edge_heavy,os_cache_warm,4000,8000,004e57326b70da9ed30cad50d0331dbcd340be025edaf6df60c748076713f881,8128573,8124573,24373719,8128573,4000,124000,0,64000,991489,19,,,198801
A0,formula_ast_heavy,os_cache_warm,4000,8000,9aca2a6b4c40c4deefd8e5a9465f95a0bbe2c85f512fe4f74bf5c389f82f15c8,32320573,64633146,193899438,32320573,4000,1020000,0,0,0,0,,,1697608
A1,formula_ast_heavy,os_cache_warm,4000,8000,9aca2a6b4c40c4deefd8e5a9465f95a0bbe2c85f512fe4f74bf5c389f82f15c8,32320573,32316573,96949719,32320573,4000,1020000,0,0,0,0,130,484,847986
C-directory,formula_ast_heavy,os_cache_warm,4000,8000,9aca2a6b4c40c4deefd8e5a9465f95a0bbe2c85f512fe4f74bf5c389f82f15c8,32320573,32316573,96949719,32320573,4000,1020000,0,0,994145,0,,,905037
C-structural,formula_ast_heavy,os_cache_warm,4000,8000,9aca2a6b4c40c4deefd8e5a9465f95a0bbe2c85f512fe4f74bf5c389f82f15c8,32320573,32316573,96949719,32320573,4000,1020000,0,0,1994253,0,,,905410
A1,formula_ast_heavy,os_cache_warm,4000,8000,9aca2a6b4c40c4deefd8e5a9465f95a0bbe2c85f512fe4f74bf5c389f82f15c8,32320573,32316573,96949719,32320573,4000,1020000,0,0,0,1,68,350,834788
C-directory,formula_ast_heavy,os_cache_warm,4000,8000,9aca2a6b4c40c4deefd8e5a9465f95a0bbe2c85f512fe4f74bf5c389f82f15c8,32320573,32316573,96949719,32320573,4000,1020000,0,0,994145,1,,,955540
C-structural,formula_ast_heavy,os_cache_warm,4000,8000,9aca2a6b4c40c4deefd8e5a9465f95a0bbe2c85f512fe4f74bf5c389f82f15c8,32320573,32316573,96949719,32320573,4000,1020000,0,0,1994253,1,,,934916
A0,formula_ast_heavy,os_cache_warm,4000,8000,9aca2a6b4c40c4deefd8e5a9465f95a0bbe2c85f512fe4f74bf5c389f82f15c8,32320573,64633146,193899438,32320573,4000,1020000,0,0,0,1,,,1718373
C-directory,formula_ast_heavy,os_cache_warm,4000,8000,9aca2a6b4c40c4deefd8e5a9465f95a0bbe2c85f512fe4f74bf5c389f82f15c8,32320573,32316573,96949719,32320573,4000,1020000,0,0,994145,2,,,926792
C-structural,formula_ast_heavy,os_cache_warm,4000,8000,9aca2a6b4c40c4deefd8e5a9465f95a0bbe2c85f512fe4f74bf5c389f82f15c8,32320573,32316573,96949719,32320573,4000,1020000,0,0,1994253,2,,,920165
A0,formula_ast_heavy,os_cache_warm,4000,8000,9aca2a6b4c40c4deefd8e5a9465f95a0bbe2c85f512fe4f74bf5c389f82f15c8,32320573,64633146,193899438,32320573,4000,1020000,0,0,0,2,,,1706847
A1,formula_ast_heavy,os_cache_warm,4000,8000,9aca2a6b4c40c4deefd8e5a9465f95a0bbe2c85f512fe4f74bf5c389f82f15c8,32320573,32316573,96949719,32320573,4000,1020000,0,0,0,2,88,409,908216
C-structural,formula_ast_heavy,os_cache_warm,4000,8000,9aca2a6b4c40c4deefd8e5a9465f95a0bbe2c85f512fe4f74bf5c389f82f15c8,32320573,32316573,96949719,32320573,4000,1020000,0,0,1994253,3,,,928946
A0,formula_ast_heavy,os_cache_warm,4000,8000,9aca2a6b4c40c4deefd8e5a9465f95a0bbe2c85f512fe4f74bf5c389f82f15c8,32320573,64633146,193899438,32320573,4000,1020000,0,0,0,3,,,1721807
A1,formula_ast_heavy,os_cache_warm,4000,8000,9aca2a6b4c40c4deefd8e5a9465f95a0bbe2c85f512fe4f74bf5c389f82f15c8,32320573,32316573,96949719,32320573,4000,1020000,0,0,0,3,126,540,858003
C-directory,formula_ast_heavy,os_cache_warm,4000,8000,9aca2a6b4c40c4deefd8e5a9465f95a0bbe2c85f512fe4f74bf5c389f82f15c8,32320573,32316573,96949719,32320573,4000,1020000,0,0,994145,3,,,924976
A0,formula_ast_heavy,os_cache_warm,4000,8000,9aca2a6b4c40c4deefd8e5a9465f95a0bbe2c85f512fe4f74bf5c389f82f15c8,32320573,64633146,193899438,32320573,4000,1020000,0,0,0,4,,,1734097
A1,formula_ast_heavy,os_cache_warm,4000,8000,9aca2a6b4c40c4deefd8e5a9465f95a0bbe2c85f512fe4f74bf5c389f82f15c8,32320573,32316573,96949719,32320573,4000,1020000,0,0,0,4,131,453,855621
C-directory,formula_ast_heavy,os_cache_warm,4000,8000,9aca2a6b4c40c4deefd8e5a9465f95a0bbe2c85f512fe4f74bf5c389f82f15c8,32320573,32316573,96949719,32320573,4000,1020000,0,0,994145,4,,,947562
C-structural,formula_ast_heavy,os_cache_warm,4000,8000,9aca2a6b4c40c4deefd8e5a9465f95a0bbe2c85f512fe4f74bf5c389f82f15c8,32320573,32316573,96949719,32320573,4000,1020000,0,0,1994253,4,,,962061
A1,formula_ast_heavy,os_cache_warm,4000,8000,9aca2a6b4c40c4deefd8e5a9465f95a0bbe2c85f512fe4f74bf5c389f82f15c8,32320573,32316573,96949719,32320573,4000,1020000,0,0,0,5,143,493,873999
C-directory,formula_ast_heavy,os_cache_warm,4000,8000,9aca2a6b4c40c4deefd8e5a9465f95a0bbe2c85f512fe4f74bf5c389f82f15c8,32320573,32316573,96949719,32320573,4000,1020000,0,0,994145,5,,,954947
C-structural,formula_ast_heavy,os_cache_warm,4000,8000,9aca2a6b4c40c4deefd8e5a9465f95a0bbe2c85f512fe4f74bf5c389f82f15c8,32320573,32316573,96949719,32320573,4000,1020000,0,0,1994253,5,,,1146951
A0,formula_ast_heavy,os_cache_warm,4000,8000,9aca2a6b4c40c4deefd8e5a9465f95a0bbe2c85f512fe4f74bf5c389f82f15c8,32320573,64633146,193899438,32320573,4000,1020000,0,0,0,5,,,2020120
C-directory,formula_ast_heavy,os_cache_warm,4000,8000,9aca2a6b4c40c4deefd8e5a9465f95a0bbe2c85f512fe4f74bf5c389f82f15c8,32320573,32316573,96949719,32320573,4000,1020000,0,0,994145,6,,,1043604
C-structural,formula_ast_heavy,os_cache_warm,4000,8000,9aca2a6b4c40c4deefd8e5a9465f95a0bbe2c85f512fe4f74bf5c389f82f15c8,32320573,32316573,96949719,32320573,4000,1020000,0,0,1994253,6,,,984016
A0,formula_ast_heavy,os_cache_warm,4000,8000,9aca2a6b4c40c4deefd8e5a9465f95a0bbe2c85f512fe4f74bf5c389f82f15c8,32320573,64633146,193899438,32320573,4000,1020000,0,0,0,6,,,1798509
A1,formula_ast_heavy,os_cache_warm,4000,8000,9aca2a6b4c40c4deefd8e5a9465f95a0bbe2c85f512fe4f74bf5c389f82f15c8,32320573,32316573,96949719,32320573,4000,1020000,0,0,0,6,160,608,858893
C-structural,formula_ast_heavy,os_cache_warm,4000,8000,9aca2a6b4c40c4deefd8e5a9465f95a0bbe2c85f512fe4f74bf5c389f82f15c8,32320573,32316573,96949719,32320573,4000,1020000,0,0,1994253,7,,,930984
A0,formula_ast_heavy,os_cache_warm,4000,8000,9aca2a6b4c40c4deefd8e5a9465f95a0bbe2c85f512fe4f74bf5c389f82f15c8,32320573,64633146,193899438,32320573,4000,1020000,0,0,0,7,,,1698335
A1,formula_ast_heavy,os_cache_warm,4000,8000,9aca2a6b4c40c4deefd8e5a9465f95a0bbe2c85f512fe4f74bf5c389f82f15c8,32320573,32316573,96949719,32320573,4000,1020000,0,0,0,7,149,548,851174
C-directory,formula_ast_heavy,os_cache_warm,4000,8000,9aca2a6b4c40c4deefd8e5a9465f95a0bbe2c85f512fe4f74bf5c389f82f15c8,32320573,32316573,96949719,32320573,4000,1020000,0,0,994145,7,,,922719
A0,formula_ast_heavy,os_cache_warm,4000,8000,9aca2a6b4c40c4deefd8e5a9465f95a0bbe2c85f512fe4f74bf5c389f82f15c8,32320573,64633146,193899438,32320573,4000,1020000,0,0,0,8,,,1719694
A1,formula_ast_heavy,os_cache_warm,4000,8000,9aca2a6b4c40c4deefd8e5a9465f95a0bbe2c85f512fe4f74bf5c389f82f15c8,32320573,32316573,96949719,32320573,4000,1020000,0,0,0,8,160,621,876262
C-directory,formula_ast_heavy,os_cache_warm,4000,8000,9aca2a6b4c40c4deefd8e5a9465f95a0bbe2c85f512fe4f74bf5c389f82f15c8,32320573,32316573,96949719,32320573,4000,1020000,0,0,994145,8,,,922448
C-structural,formula_ast_heavy,os_cache_warm,4000,8000,9aca2a6b4c40c4deefd8e5a9465f95a0bbe2c85f512fe4f74bf5c389f82f15c8,32320573,32316573,96949719,32320573,4000,1020000,0,0,1994253,8,,,930274
A1,formula_ast_heavy,os_cache_warm,4000,8000,9aca2a6b4c40c4deefd8e5a9465f95a0bbe2c85f512fe4f74bf5c389f82f15c8,32320573,32316573,96949719,32320573,4000,1020000,0,0,0,9,144,470,871698
C-directory,formula_ast_heavy,os_cache_warm,4000,8000,9aca2a6b4c40c4deefd8e5a9465f95a0bbe2c85f512fe4f74bf5c389f82f15c8,32320573,32316573,96949719,32320573,4000,1020000,0,0,994145,9,,,1115472
C-structural,formula_ast_heavy,os_cache_warm,4000,8000,9aca2a6b4c40c4deefd8e5a9465f95a0bbe2c85f512fe4f74bf5c389f82f15c8,32320573,32316573,96949719,32320573,4000,1020000,0,0,1994253,9,,,924055
A0,formula_ast_heavy,os_cache_warm,4000,8000,9aca2a6b4c40c4deefd8e5a9465f95a0bbe2c85f512fe4f74bf5c389f82f15c8,32320573,64633146,193899438,32320573,4000,1020000,0,0,0,9,,,1725935
C-directory,formula_ast_heavy,os_cache_warm,4000,8000,9aca2a6b4c40c4deefd8e5a9465f95a0bbe2c85f512fe4f74bf5c389f82f15c8,32320573,32316573,96949719,32320573,4000,1020000,0,0,994145,10,,,925699
C-structural,formula_ast_heavy,os_cache_warm,4000,8000,9aca2a6b4c40c4deefd8e5a9465f95a0bbe2c85f512fe4f74bf5c389f82f15c8,32320573,32316573,96949719,32320573,4000,1020000,0,0,1994253,10,,,1062162
A0,formula_ast_heavy,os_cache_warm,4000,8000,9aca2a6b4c40c4deefd8e5a9465f95a0bbe2c85f512fe4f74bf5c389f82f15c8,32320573,64633146,193899438,32320573,4000,1020000,0,0,0,10,,,1799831
A1,formula_ast_heavy,os_cache_warm,4000,8000,9aca2a6b4c40c4deefd8e5a9465f95a0bbe2c85f512fe4f74bf5c389f82f15c8,32320573,32316573,96949719,32320573,4000,1020000,0,0,0,10,151,517,878241
C-structural,formula_ast_heavy,os_cache_warm,4000,8000,9aca2a6b4c40c4deefd8e5a9465f95a0bbe2c85f512fe4f74bf5c389f82f15c8,32320573,32316573,96949719,32320573,4000,1020000,0,0,1994253,11,,,982805
A0,formula_ast_heavy,os_cache_warm,4000,8000,9aca2a6b4c40c4deefd8e5a9465f95a0bbe2c85f512fe4f74bf5c389f82f15c8,32320573,64633146,193899438,32320573,4000,1020000,0,0,0,11,,,1745900
A1,formula_ast_heavy,os_cache_warm,4000,8000,9aca2a6b4c40c4deefd8e5a9465f95a0bbe2c85f512fe4f74bf5c389f82f15c8,32320573,32316573,96949719,32320573,4000,1020000,0,0,0,11,85,454,943697
C-directory,formula_ast_heavy,os_cache_warm,4000,8000,9aca2a6b4c40c4deefd8e5a9465f95a0bbe2c85f512fe4f74bf5c389f82f15c8,32320573,32316573,96949719,32320573,4000,1020000,0,0,994145,11,,,1109409
A0,formula_ast_heavy,os_cache_warm,4000,8000,9aca2a6b4c40c4deefd8e5a9465f95a0bbe2c85f512fe4f74bf5c389f82f15c8,32320573,64633146,193899438,32320573,4000,1020000,0,0,0,12,,,1707399
A1,formula_ast_heavy,os_cache_warm,4000,8000,9aca2a6b4c40c4deefd8e5a9465f95a0bbe2c85f512fe4f74bf5c389f82f15c8,32320573,32316573,96949719,32320573,4000,1020000,0,0,0,12,159,535,904926
C-directory,formula_ast_heavy,os_cache_warm,4000,8000,9aca2a6b4c40c4deefd8e5a9465f95a0bbe2c85f512fe4f74bf5c389f82f15c8,32320573,32316573,96949719,32320573,4000,1020000,0,0,994145,12,,,934622
C-structural,formula_ast_heavy,os_cache_warm,4000,8000,9aca2a6b4c40c4deefd8e5a9465f95a0bbe2c85f512fe4f74bf5c389f82f15c8,32320573,32316573,96949719,32320573,4000,1020000,0,0,1994253,12,,,920587
A1,formula_ast_heavy,os_cache_warm,4000,8000,9aca2a6b4c40c4deefd8e5a9465f95a0bbe2c85f512fe4f74bf5c389f82f15c8,32320573,32316573,96949719,32320573,4000,1020000,0,0,0,13,71,365,855767
C-directory,formula_ast_heavy,os_cache_warm,4000,8000,9aca2a6b4c40c4deefd8e5a9465f95a0bbe2c85f512fe4f74bf5c389f82f15c8,32320573,32316573,96949719,32320573,4000,1020000,0,0,994145,13,,,948952
C-structural,formula_ast_heavy,os_cache_warm,4000,8000,9aca2a6b4c40c4deefd8e5a9465f95a0bbe2c85f512fe4f74bf5c389f82f15c8,32320573,32316573,96949719,32320573,4000,1020000,0,0,1994253,13,,,930458
A0,formula_ast_heavy,os_cache_warm,4000,8000,9aca2a6b4c40c4deefd8e5a9465f95a0bbe2c85f512fe4f74bf5c389f82f15c8,32320573,64633146,193899438,32320573,4000,1020000,0,0,0,13,,,1717344
C-directory,formula_ast_heavy,os_cache_warm,4000,8000,9aca2a6b4c40c4deefd8e5a9465f95a0bbe2c85f512fe4f74bf5c389f82f15c8,32320573,32316573,96949719,32320573,4000,1020000,0,0,994145,14,,,919027
C-structural,formula_ast_heavy,os_cache_warm,4000,8000,9aca2a6b4c40c4deefd8e5a9465f95a0bbe2c85f512fe4f74bf5c389f82f15c8,32320573,32316573,96949719,32320573,4000,1020000,0,0,1994253,14,,,971771
A0,formula_ast_heavy,os_cache_warm,4000,8000,9aca2a6b4c40c4deefd8e5a9465f95a0bbe2c85f512fe4f74bf5c389f82f15c8,32320573,64633146,193899438,32320573,4000,1020000,0,0,0,14,,,1722566
A1,formula_ast_heavy,os_cache_warm,4000,8000,9aca2a6b4c40c4deefd8e5a9465f95a0bbe2c85f512fe4f74bf5c389f82f15c8,32320573,32316573,96949719,32320573,4000,1020000,0,0,0,14,136,465,852643
C-structural,formula_ast_heavy,os_cache_warm,4000,8000,9aca2a6b4c40c4deefd8e5a9465f95a0bbe2c85f512fe4f74bf5c389f82f15c8,32320573,32316573,96949719,32320573,4000,1020000,0,0,1994253,15,,,997716
A0,formula_ast_heavy,os_cache_warm,4000,8000,9aca2a6b4c40c4deefd8e5a9465f95a0bbe2c85f512fe4f74bf5c389f82f15c8,32320573,64633146,193899438,32320573,4000,1020000,0,0,0,15,,,1690711
A1,formula_ast_heavy,os_cache_warm,4000,8000,9aca2a6b4c40c4deefd8e5a9465f95a0bbe2c85f512fe4f74bf5c389f82f15c8,32320573,32316573,96949719,32320573,4000,1020000,0,0,0,15,117,433,852649
C-directory,formula_ast_heavy,os_cache_warm,4000,8000,9aca2a6b4c40c4deefd8e5a9465f95a0bbe2c85f512fe4f74bf5c389f82f15c8,32320573,32316573,96949719,32320573,4000,1020000,0,0,994145,15,,,922089
A0,formula_ast_heavy,os_cache_warm,4000,8000,9aca2a6b4c40c4deefd8e5a9465f95a0bbe2c85f512fe4f74bf5c389f82f15c8,32320573,64633146,193899438,32320573,4000,1020000,0,0,0,16,,,1694478
A1,formula_ast_heavy,os_cache_warm,4000,8000,9aca2a6b4c40c4deefd8e5a9465f95a0bbe2c85f512fe4f74bf5c389f82f15c8,32320573,32316573,96949719,32320573,4000,1020000,0,0,0,16,139,483,849817
C-directory,formula_ast_heavy,os_cache_warm,4000,8000,9aca2a6b4c40c4deefd8e5a9465f95a0bbe2c85f512fe4f74bf5c389f82f15c8,32320573,32316573,96949719,32320573,4000,1020000,0,0,994145,16,,,919998
C-structural,formula_ast_heavy,os_cache_warm,4000,8000,9aca2a6b4c40c4deefd8e5a9465f95a0bbe2c85f512fe4f74bf5c389f82f15c8,32320573,32316573,96949719,32320573,4000,1020000,0,0,1994253,16,,,921067
A1,formula_ast_heavy,os_cache_warm,4000,8000,9aca2a6b4c40c4deefd8e5a9465f95a0bbe2c85f512fe4f74bf5c389f82f15c8,32320573,32316573,96949719,32320573,4000,1020000,0,0,0,17,133,453,847121
C-directory,formula_ast_heavy,os_cache_warm,4000,8000,9aca2a6b4c40c4deefd8e5a9465f95a0bbe2c85f512fe4f74bf5c389f82f15c8,32320573,32316573,96949719,32320573,4000,1020000,0,0,994145,17,,,920859
C-structural,formula_ast_heavy,os_cache_warm,4000,8000,9aca2a6b4c40c4deefd8e5a9465f95a0bbe2c85f512fe4f74bf5c389f82f15c8,32320573,32316573,96949719,32320573,4000,1020000,0,0,1994253,17,,,922582
A0,formula_ast_heavy,os_cache_warm,4000,8000,9aca2a6b4c40c4deefd8e5a9465f95a0bbe2c85f512fe4f74bf5c389f82f15c8,32320573,64633146,193899438,32320573,4000,1020000,0,0,0,17,,,1692101
C-directory,formula_ast_heavy,os_cache_warm,4000,8000,9aca2a6b4c40c4deefd8e5a9465f95a0bbe2c85f512fe4f74bf5c389f82f15c8,32320573,32316573,96949719,32320573,4000,1020000,0,0,994145,18,,,919343
C-structural,formula_ast_heavy,os_cache_warm,4000,8000,9aca2a6b4c40c4deefd8e5a9465f95a0bbe2c85f512fe4f74bf5c389f82f15c8,32320573,32316573,96949719,32320573,4000,1020000,0,0,1994253,18,,,923521
A0,formula_ast_heavy,os_cache_warm,4000,8000,9aca2a6b4c40c4deefd8e5a9465f95a0bbe2c85f512fe4f74bf5c389f82f15c8,32320573,64633146,193899438,32320573,4000,1020000,0,0,0,18,,,1763958
A1,formula_ast_heavy,os_cache_warm,4000,8000,9aca2a6b4c40c4deefd8e5a9465f95a0bbe2c85f512fe4f74bf5c389f82f15c8,32320573,32316573,96949719,32320573,4000,1020000,0,0,0,18,110,456,865236
C-structural,formula_ast_heavy,os_cache_warm,4000,8000,9aca2a6b4c40c4deefd8e5a9465f95a0bbe2c85f512fe4f74bf5c389f82f15c8,32320573,32316573,96949719,32320573,4000,1020000,0,0,1994253,19,,,934991
A0,formula_ast_heavy,os_cache_warm,4000,8000,9aca2a6b4c40c4deefd8e5a9465f95a0bbe2c85f512fe4f74bf5c389f82f15c8,32320573,64633146,193899438,32320573,4000,1020000,0,0,0,19,,,1695724
A1,formula_ast_heavy,os_cache_warm,4000,8000,9aca2a6b4c40c4deefd8e5a9465f95a0bbe2c85f512fe4f74bf5c389f82f15c8,32320573,32316573,96949719,32320573,4000,1020000,0,0,0,19,138,467,850585
C-directory,formula_ast_heavy,os_cache_warm,4000,8000,9aca2a6b4c40c4deefd8e5a9465f95a0bbe2c85f512fe4f74bf5c389f82f15c8,32320573,32316573,96949719,32320573,4000,1020000,0,0,994145,19,,,919286
A0,deep_dependency_chain,os_cache_warm,4000,4000,6b0a7a2666fe04e84ceeb1176995eec3c8cb8a2be83c2b91cf1255df522b0f40,868323,1728646,5185938,868323,4000,3999,0,3999,0,0,,,44395
A1,deep_dependency_chain,os_cache_warm,4000,4000,6b0a7a2666fe04e84ceeb1176995eec3c8cb8a2be83c2b91cf1255df522b0f40,868323,864323,2592969,868323,4000,3999,0,3999,0,0,72,183,22094
C-directory,deep_dependency_chain,os_cache_warm,4000,4000,6b0a7a2666fe04e84ceeb1176995eec3c8cb8a2be83c2b91cf1255df522b0f40,868323,864323,2592969,868323,4000,3999,0,3999,959466,0,,,26443
C-structural,deep_dependency_chain,os_cache_warm,4000,4000,6b0a7a2666fe04e84ceeb1176995eec3c8cb8a2be83c2b91cf1255df522b0f40,868323,864323,2592969,868323,4000,3999,0,3999,2331310,0,,,29155
A1,deep_dependency_chain,os_cache_warm,4000,4000,6b0a7a2666fe04e84ceeb1176995eec3c8cb8a2be83c2b91cf1255df522b0f40,868323,864323,2592969,868323,4000,3999,0,3999,0,1,56,147,23170
C-directory,deep_dependency_chain,os_cache_warm,4000,4000,6b0a7a2666fe04e84ceeb1176995eec3c8cb8a2be83c2b91cf1255df522b0f40,868323,864323,2592969,868323,4000,3999,0,3999,959466,1,,,26132
C-structural,deep_dependency_chain,os_cache_warm,4000,4000,6b0a7a2666fe04e84ceeb1176995eec3c8cb8a2be83c2b91cf1255df522b0f40,868323,864323,2592969,868323,4000,3999,0,3999,2331310,1,,,29028
A0,deep_dependency_chain,os_cache_warm,4000,4000,6b0a7a2666fe04e84ceeb1176995eec3c8cb8a2be83c2b91cf1255df522b0f40,868323,1728646,5185938,868323,4000,3999,0,3999,0,1,,,43666
C-directory,deep_dependency_chain,os_cache_warm,4000,4000,6b0a7a2666fe04e84ceeb1176995eec3c8cb8a2be83c2b91cf1255df522b0f40,868323,864323,2592969,868323,4000,3999,0,3999,959466,2,,,25604
C-structural,deep_dependency_chain,os_cache_warm,4000,4000,6b0a7a2666fe04e84ceeb1176995eec3c8cb8a2be83c2b91cf1255df522b0f40,868323,864323,2592969,868323,4000,3999,0,3999,2331310,2,,,29250
A0,deep_dependency_chain,os_cache_warm,4000,4000,6b0a7a2666fe04e84ceeb1176995eec3c8cb8a2be83c2b91cf1255df522b0f40,868323,1728646,5185938,868323,4000,3999,0,3999,0,2,,,46311
A1,deep_dependency_chain,os_cache_warm,4000,4000,6b0a7a2666fe04e84ceeb1176995eec3c8cb8a2be83c2b91cf1255df522b0f40,868323,864323,2592969,868323,4000,3999,0,3999,0,2,129,274,21805
C-structural,deep_dependency_chain,os_cache_warm,4000,4000,6b0a7a2666fe04e84ceeb1176995eec3c8cb8a2be83c2b91cf1255df522b0f40,868323,864323,2592969,868323,4000,3999,0,3999,2331310,3,,,29178
A0,deep_dependency_chain,os_cache_warm,4000,4000,6b0a7a2666fe04e84ceeb1176995eec3c8cb8a2be83c2b91cf1255df522b0f40,868323,1728646,5185938,868323,4000,3999,0,3999,0,3,,,44818
A1,deep_dependency_chain,os_cache_warm,4000,4000,6b0a7a2666fe04e84ceeb1176995eec3c8cb8a2be83c2b91cf1255df522b0f40,868323,864323,2592969,868323,4000,3999,0,3999,0,3,106,231,21569
C-directory,deep_dependency_chain,os_cache_warm,4000,4000,6b0a7a2666fe04e84ceeb1176995eec3c8cb8a2be83c2b91cf1255df522b0f40,868323,864323,2592969,868323,4000,3999,0,3999,959466,3,,,25221
A0,deep_dependency_chain,os_cache_warm,4000,4000,6b0a7a2666fe04e84ceeb1176995eec3c8cb8a2be83c2b91cf1255df522b0f40,868323,1728646,5185938,868323,4000,3999,0,3999,0,4,,,43526
A1,deep_dependency_chain,os_cache_warm,4000,4000,6b0a7a2666fe04e84ceeb1176995eec3c8cb8a2be83c2b91cf1255df522b0f40,868323,864323,2592969,868323,4000,3999,0,3999,0,4,74,183,21921
C-directory,deep_dependency_chain,os_cache_warm,4000,4000,6b0a7a2666fe04e84ceeb1176995eec3c8cb8a2be83c2b91cf1255df522b0f40,868323,864323,2592969,868323,4000,3999,0,3999,959466,4,,,25503
C-structural,deep_dependency_chain,os_cache_warm,4000,4000,6b0a7a2666fe04e84ceeb1176995eec3c8cb8a2be83c2b91cf1255df522b0f40,868323,864323,2592969,868323,4000,3999,0,3999,2331310,4,,,33532
A1,deep_dependency_chain,os_cache_warm,4000,4000,6b0a7a2666fe04e84ceeb1176995eec3c8cb8a2be83c2b91cf1255df522b0f40,868323,864323,2592969,868323,4000,3999,0,3999,0,5,93,209,21924
C-directory,deep_dependency_chain,os_cache_warm,4000,4000,6b0a7a2666fe04e84ceeb1176995eec3c8cb8a2be83c2b91cf1255df522b0f40,868323,864323,2592969,868323,4000,3999,0,3999,959466,5,,,24969
C-structural,deep_dependency_chain,os_cache_warm,4000,4000,6b0a7a2666fe04e84ceeb1176995eec3c8cb8a2be83c2b91cf1255df522b0f40,868323,864323,2592969,868323,4000,3999,0,3999,2331310,5,,,29547
A0,deep_dependency_chain,os_cache_warm,4000,4000,6b0a7a2666fe04e84ceeb1176995eec3c8cb8a2be83c2b91cf1255df522b0f40,868323,1728646,5185938,868323,4000,3999,0,3999,0,5,,,47214
C-directory,deep_dependency_chain,os_cache_warm,4000,4000,6b0a7a2666fe04e84ceeb1176995eec3c8cb8a2be83c2b91cf1255df522b0f40,868323,864323,2592969,868323,4000,3999,0,3999,959466,6,,,25767
C-structural,deep_dependency_chain,os_cache_warm,4000,4000,6b0a7a2666fe04e84ceeb1176995eec3c8cb8a2be83c2b91cf1255df522b0f40,868323,864323,2592969,868323,4000,3999,0,3999,2331310,6,,,28437
A0,deep_dependency_chain,os_cache_warm,4000,4000,6b0a7a2666fe04e84ceeb1176995eec3c8cb8a2be83c2b91cf1255df522b0f40,868323,1728646,5185938,868323,4000,3999,0,3999,0,6,,,44529
A1,deep_dependency_chain,os_cache_warm,4000,4000,6b0a7a2666fe04e84ceeb1176995eec3c8cb8a2be83c2b91cf1255df522b0f40,868323,864323,2592969,868323,4000,3999,0,3999,0,6,72,183,22541
C-structural,deep_dependency_chain,os_cache_warm,4000,4000,6b0a7a2666fe04e84ceeb1176995eec3c8cb8a2be83c2b91cf1255df522b0f40,868323,864323,2592969,868323,4000,3999,0,3999,2331310,7,,,28809
A0,deep_dependency_chain,os_cache_warm,4000,4000,6b0a7a2666fe04e84ceeb1176995eec3c8cb8a2be83c2b91cf1255df522b0f40,868323,1728646,5185938,868323,4000,3999,0,3999,0,7,,,46388
A1,deep_dependency_chain,os_cache_warm,4000,4000,6b0a7a2666fe04e84ceeb1176995eec3c8cb8a2be83c2b91cf1255df522b0f40,868323,864323,2592969,868323,4000,3999,0,3999,0,7,120,262,23155
C-directory,deep_dependency_chain,os_cache_warm,4000,4000,6b0a7a2666fe04e84ceeb1176995eec3c8cb8a2be83c2b91cf1255df522b0f40,868323,864323,2592969,868323,4000,3999,0,3999,959466,7,,,25333
A0,deep_dependency_chain,os_cache_warm,4000,4000,6b0a7a2666fe04e84ceeb1176995eec3c8cb8a2be83c2b91cf1255df522b0f40,868323,1728646,5185938,868323,4000,3999,0,3999,0,8,,,44113
A1,deep_dependency_chain,os_cache_warm,4000,4000,6b0a7a2666fe04e84ceeb1176995eec3c8cb8a2be83c2b91cf1255df522b0f40,868323,864323,2592969,868323,4000,3999,0,3999,0,8,81,196,23031
C-directory,deep_dependency_chain,os_cache_warm,4000,4000,6b0a7a2666fe04e84ceeb1176995eec3c8cb8a2be83c2b91cf1255df522b0f40,868323,864323,2592969,868323,4000,3999,0,3999,959466,8,,,25205
C-structural,deep_dependency_chain,os_cache_warm,4000,4000,6b0a7a2666fe04e84ceeb1176995eec3c8cb8a2be83c2b91cf1255df522b0f40,868323,864323,2592969,868323,4000,3999,0,3999,2331310,8,,,27907
A1,deep_dependency_chain,os_cache_warm,4000,4000,6b0a7a2666fe04e84ceeb1176995eec3c8cb8a2be83c2b91cf1255df522b0f40,868323,864323,2592969,868323,4000,3999,0,3999,0,9,60,155,21805
C-directory,deep_dependency_chain,os_cache_warm,4000,4000,6b0a7a2666fe04e84ceeb1176995eec3c8cb8a2be83c2b91cf1255df522b0f40,868323,864323,2592969,868323,4000,3999,0,3999,959466,9,,,26076
C-structural,deep_dependency_chain,os_cache_warm,4000,4000,6b0a7a2666fe04e84ceeb1176995eec3c8cb8a2be83c2b91cf1255df522b0f40,868323,864323,2592969,868323,4000,3999,0,3999,2331310,9,,,29639
A0,deep_dependency_chain,os_cache_warm,4000,4000,6b0a7a2666fe04e84ceeb1176995eec3c8cb8a2be83c2b91cf1255df522b0f40,868323,1728646,5185938,868323,4000,3999,0,3999,0,9,,,43735
C-directory,deep_dependency_chain,os_cache_warm,4000,4000,6b0a7a2666fe04e84ceeb1176995eec3c8cb8a2be83c2b91cf1255df522b0f40,868323,864323,2592969,868323,4000,3999,0,3999,959466,10,,,25766
C-structural,deep_dependency_chain,os_cache_warm,4000,4000,6b0a7a2666fe04e84ceeb1176995eec3c8cb8a2be83c2b91cf1255df522b0f40,868323,864323,2592969,868323,4000,3999,0,3999,2331310,10,,,30321
A0,deep_dependency_chain,os_cache_warm,4000,4000,6b0a7a2666fe04e84ceeb1176995eec3c8cb8a2be83c2b91cf1255df522b0f40,868323,1728646,5185938,868323,4000,3999,0,3999,0,10,,,44358
A1,deep_dependency_chain,os_cache_warm,4000,4000,6b0a7a2666fe04e84ceeb1176995eec3c8cb8a2be83c2b91cf1255df522b0f40,868323,864323,2592969,868323,4000,3999,0,3999,0,10,50,136,23515
C-structural,deep_dependency_chain,os_cache_warm,4000,4000,6b0a7a2666fe04e84ceeb1176995eec3c8cb8a2be83c2b91cf1255df522b0f40,868323,864323,2592969,868323,4000,3999,0,3999,2331310,11,,,29521
A0,deep_dependency_chain,os_cache_warm,4000,4000,6b0a7a2666fe04e84ceeb1176995eec3c8cb8a2be83c2b91cf1255df522b0f40,868323,1728646,5185938,868323,4000,3999,0,3999,0,11,,,43949
A1,deep_dependency_chain,os_cache_warm,4000,4000,6b0a7a2666fe04e84ceeb1176995eec3c8cb8a2be83c2b91cf1255df522b0f40,868323,864323,2592969,868323,4000,3999,0,3999,0,11,62,249,22609
C-directory,deep_dependency_chain,os_cache_warm,4000,4000,6b0a7a2666fe04e84ceeb1176995eec3c8cb8a2be83c2b91cf1255df522b0f40,868323,864323,2592969,868323,4000,3999,0,3999,959466,11,,,25938
A0,deep_dependency_chain,os_cache_warm,4000,4000,6b0a7a2666fe04e84ceeb1176995eec3c8cb8a2be83c2b91cf1255df522b0f40,868323,1728646,5185938,868323,4000,3999,0,3999,0,12,,,47363
A1,deep_dependency_chain,os_cache_warm,4000,4000,6b0a7a2666fe04e84ceeb1176995eec3c8cb8a2be83c2b91cf1255df522b0f40,868323,864323,2592969,868323,4000,3999,0,3999,0,12,109,230,21952
C-directory,deep_dependency_chain,os_cache_warm,4000,4000,6b0a7a2666fe04e84ceeb1176995eec3c8cb8a2be83c2b91cf1255df522b0f40,868323,864323,2592969,868323,4000,3999,0,3999,959466,12,,,26335
C-structural,deep_dependency_chain,os_cache_warm,4000,4000,6b0a7a2666fe04e84ceeb1176995eec3c8cb8a2be83c2b91cf1255df522b0f40,868323,864323,2592969,868323,4000,3999,0,3999,2331310,12,,,28254
A1,deep_dependency_chain,os_cache_warm,4000,4000,6b0a7a2666fe04e84ceeb1176995eec3c8cb8a2be83c2b91cf1255df522b0f40,868323,864323,2592969,868323,4000,3999,0,3999,0,13,139,275,21756
C-directory,deep_dependency_chain,os_cache_warm,4000,4000,6b0a7a2666fe04e84ceeb1176995eec3c8cb8a2be83c2b91cf1255df522b0f40,868323,864323,2592969,868323,4000,3999,0,3999,959466,13,,,25790
C-structural,deep_dependency_chain,os_cache_warm,4000,4000,6b0a7a2666fe04e84ceeb1176995eec3c8cb8a2be83c2b91cf1255df522b0f40,868323,864323,2592969,868323,4000,3999,0,3999,2331310,13,,,29038
A0,deep_dependency_chain,os_cache_warm,4000,4000,6b0a7a2666fe04e84ceeb1176995eec3c8cb8a2be83c2b91cf1255df522b0f40,868323,1728646,5185938,868323,4000,3999,0,3999,0,13,,,45048
C-directory,deep_dependency_chain,os_cache_warm,4000,4000,6b0a7a2666fe04e84ceeb1176995eec3c8cb8a2be83c2b91cf1255df522b0f40,868323,864323,2592969,868323,4000,3999,0,3999,959466,14,,,27719
C-structural,deep_dependency_chain,os_cache_warm,4000,4000,6b0a7a2666fe04e84ceeb1176995eec3c8cb8a2be83c2b91cf1255df522b0f40,868323,864323,2592969,868323,4000,3999,0,3999,2331310,14,,,29373
A0,deep_dependency_chain,os_cache_warm,4000,4000,6b0a7a2666fe04e84ceeb1176995eec3c8cb8a2be83c2b91cf1255df522b0f40,868323,1728646,5185938,868323,4000,3999,0,3999,0,14,,,44317
A1,deep_dependency_chain,os_cache_warm,4000,4000,6b0a7a2666fe04e84ceeb1176995eec3c8cb8a2be83c2b91cf1255df522b0f40,868323,864323,2592969,868323,4000,3999,0,3999,0,14,123,288,22018
C-structural,deep_dependency_chain,os_cache_warm,4000,4000,6b0a7a2666fe04e84ceeb1176995eec3c8cb8a2be83c2b91cf1255df522b0f40,868323,864323,2592969,868323,4000,3999,0,3999,2331310,15,,,28643
A0,deep_dependency_chain,os_cache_warm,4000,4000,6b0a7a2666fe04e84ceeb1176995eec3c8cb8a2be83c2b91cf1255df522b0f40,868323,1728646,5185938,868323,4000,3999,0,3999,0,15,,,46545
A1,deep_dependency_chain,os_cache_warm,4000,4000,6b0a7a2666fe04e84ceeb1176995eec3c8cb8a2be83c2b91cf1255df522b0f40,868323,864323,2592969,868323,4000,3999,0,3999,0,15,111,243,21779
C-directory,deep_dependency_chain,os_cache_warm,4000,4000,6b0a7a2666fe04e84ceeb1176995eec3c8cb8a2be83c2b91cf1255df522b0f40,868323,864323,2592969,868323,4000,3999,0,3999,959466,15,,,25169
A0,deep_dependency_chain,os_cache_warm,4000,4000,6b0a7a2666fe04e84ceeb1176995eec3c8cb8a2be83c2b91cf1255df522b0f40,868323,1728646,5185938,868323,4000,3999,0,3999,0,16,,,45957
A1,deep_dependency_chain,os_cache_warm,4000,4000,6b0a7a2666fe04e84ceeb1176995eec3c8cb8a2be83c2b91cf1255df522b0f40,868323,864323,2592969,868323,4000,3999,0,3999,0,16,47,134,21623
C-directory,deep_dependency_chain,os_cache_warm,4000,4000,6b0a7a2666fe04e84ceeb1176995eec3c8cb8a2be83c2b91cf1255df522b0f40,868323,864323,2592969,868323,4000,3999,0,3999,959466,16,,,25405
C-structural,deep_dependency_chain,os_cache_warm,4000,4000,6b0a7a2666fe04e84ceeb1176995eec3c8cb8a2be83c2b91cf1255df522b0f40,868323,864323,2592969,868323,4000,3999,0,3999,2331310,16,,,29552
A1,deep_dependency_chain,os_cache_warm,4000,4000,6b0a7a2666fe04e84ceeb1176995eec3c8cb8a2be83c2b91cf1255df522b0f40,868323,864323,2592969,868323,4000,3999,0,3999,0,17,56,230,21438
C-directory,deep_dependency_chain,os_cache_warm,4000,4000,6b0a7a2666fe04e84ceeb1176995eec3c8cb8a2be83c2b91cf1255df522b0f40,868323,864323,2592969,868323,4000,3999,0,3999,959466,17,,,26356
C-structural,deep_dependency_chain,os_cache_warm,4000,4000,6b0a7a2666fe04e84ceeb1176995eec3c8cb8a2be83c2b91cf1255df522b0f40,868323,864323,2592969,868323,4000,3999,0,3999,2331310,17,,,29255
A0,deep_dependency_chain,os_cache_warm,4000,4000,6b0a7a2666fe04e84ceeb1176995eec3c8cb8a2be83c2b91cf1255df522b0f40,868323,1728646,5185938,868323,4000,3999,0,3999,0,17,,,44298
C-directory,deep_dependency_chain,os_cache_warm,4000,4000,6b0a7a2666fe04e84ceeb1176995eec3c8cb8a2be83c2b91cf1255df522b0f40,868323,864323,2592969,868323,4000,3999,0,3999,959466,18,,,27036
C-structural,deep_dependency_chain,os_cache_warm,4000,4000,6b0a7a2666fe04e84ceeb1176995eec3c8cb8a2be83c2b91cf1255df522b0f40,868323,864323,2592969,868323,4000,3999,0,3999,2331310,18,,,28487
A0,deep_dependency_chain,os_cache_warm,4000,4000,6b0a7a2666fe04e84ceeb1176995eec3c8cb8a2be83c2b91cf1255df522b0f40,868323,1728646,5185938,868323,4000,3999,0,3999,0,18,,,44496
A1,deep_dependency_chain,os_cache_warm,4000,4000,6b0a7a2666fe04e84ceeb1176995eec3c8cb8a2be83c2b91cf1255df522b0f40,868323,864323,2592969,868323,4000,3999,0,3999,0,18,119,246,22317
C-structural,deep_dependency_chain,os_cache_warm,4000,4000,6b0a7a2666fe04e84ceeb1176995eec3c8cb8a2be83c2b91cf1255df522b0f40,868323,864323,2592969,868323,4000,3999,0,3999,2331310,19,,,29534
A0,deep_dependency_chain,os_cache_warm,4000,4000,6b0a7a2666fe04e84ceeb1176995eec3c8cb8a2be83c2b91cf1255df522b0f40,868323,1728646,5185938,868323,4000,3999,0,3999,0,19,,,44101
A1,deep_dependency_chain,os_cache_warm,4000,4000,6b0a7a2666fe04e84ceeb1176995eec3c8cb8a2be83c2b91cf1255df522b0f40,868323,864323,2592969,868323,4000,3999,0,3999,0,19,130,258,21994
C-directory,deep_dependency_chain,os_cache_warm,4000,4000,6b0a7a2666fe04e84ceeb1176995eec3c8cb8a2be83c2b91cf1255df522b0f40,868323,864323,2592969,868323,4000,3999,0,3999,959466,19,,,25769
A0,wide_fan_out,os_cache_warm,4000,8000,50a7307f71f0aff43822690abf6c6375d531a6ebb7beecfc960681f1be5082f5,1048555,2089110,6267330,1048555,4000,4000,0,4000,0,0,,,51288
A1,wide_fan_out,os_cache_warm,4000,8000,50a7307f71f0aff43822690abf6c6375d531a6ebb7beecfc960681f1be5082f5,1048555,1044555,3133665,1048555,4000,4000,0,4000,0,0,83,206,27515
C-directory,wide_fan_out,os_cache_warm,4000,8000,50a7307f71f0aff43822690abf6c6375d531a6ebb7beecfc960681f1be5082f5,1048555,1044555,3133665,1048555,4000,4000,0,4000,983679,0,,,32128
C-structural,wide_fan_out,os_cache_warm,4000,8000,50a7307f71f0aff43822690abf6c6375d531a6ebb7beecfc960681f1be5082f5,1048555,1044555,3133665,1048555,4000,4000,0,4000,2435864,0,,,33725
A1,wide_fan_out,os_cache_warm,4000,8000,50a7307f71f0aff43822690abf6c6375d531a6ebb7beecfc960681f1be5082f5,1048555,1044555,3133665,1048555,4000,4000,0,4000,0,1,109,236,27600
C-directory,wide_fan_out,os_cache_warm,4000,8000,50a7307f71f0aff43822690abf6c6375d531a6ebb7beecfc960681f1be5082f5,1048555,1044555,3133665,1048555,4000,4000,0,4000,983679,1,,,32929
C-structural,wide_fan_out,os_cache_warm,4000,8000,50a7307f71f0aff43822690abf6c6375d531a6ebb7beecfc960681f1be5082f5,1048555,1044555,3133665,1048555,4000,4000,0,4000,2435864,1,,,33713
A0,wide_fan_out,os_cache_warm,4000,8000,50a7307f71f0aff43822690abf6c6375d531a6ebb7beecfc960681f1be5082f5,1048555,2089110,6267330,1048555,4000,4000,0,4000,0,1,,,53693
C-directory,wide_fan_out,os_cache_warm,4000,8000,50a7307f71f0aff43822690abf6c6375d531a6ebb7beecfc960681f1be5082f5,1048555,1044555,3133665,1048555,4000,4000,0,4000,983679,2,,,31975
C-structural,wide_fan_out,os_cache_warm,4000,8000,50a7307f71f0aff43822690abf6c6375d531a6ebb7beecfc960681f1be5082f5,1048555,1044555,3133665,1048555,4000,4000,0,4000,2435864,2,,,34070
A0,wide_fan_out,os_cache_warm,4000,8000,50a7307f71f0aff43822690abf6c6375d531a6ebb7beecfc960681f1be5082f5,1048555,2089110,6267330,1048555,4000,4000,0,4000,0,2,,,53128
A1,wide_fan_out,os_cache_warm,4000,8000,50a7307f71f0aff43822690abf6c6375d531a6ebb7beecfc960681f1be5082f5,1048555,1044555,3133665,1048555,4000,4000,0,4000,0,2,87,336,26341
C-structural,wide_fan_out,os_cache_warm,4000,8000,50a7307f71f0aff43822690abf6c6375d531a6ebb7beecfc960681f1be5082f5,1048555,1044555,3133665,1048555,4000,4000,0,4000,2435864,3,,,34681
A0,wide_fan_out,os_cache_warm,4000,8000,50a7307f71f0aff43822690abf6c6375d531a6ebb7beecfc960681f1be5082f5,1048555,2089110,6267330,1048555,4000,4000,0,4000,0,3,,,53706
A1,wide_fan_out,os_cache_warm,4000,8000,50a7307f71f0aff43822690abf6c6375d531a6ebb7beecfc960681f1be5082f5,1048555,1044555,3133665,1048555,4000,4000,0,4000,0,3,67,174,26507
C-directory,wide_fan_out,os_cache_warm,4000,8000,50a7307f71f0aff43822690abf6c6375d531a6ebb7beecfc960681f1be5082f5,1048555,1044555,3133665,1048555,4000,4000,0,4000,983679,3,,,31637
A0,wide_fan_out,os_cache_warm,4000,8000,50a7307f71f0aff43822690abf6c6375d531a6ebb7beecfc960681f1be5082f5,1048555,2089110,6267330,1048555,4000,4000,0,4000,0,4,,,52637
A1,wide_fan_out,os_cache_warm,4000,8000,50a7307f71f0aff43822690abf6c6375d531a6ebb7beecfc960681f1be5082f5,1048555,1044555,3133665,1048555,4000,4000,0,4000,0,4,115,273,26529
C-directory,wide_fan_out,os_cache_warm,4000,8000,50a7307f71f0aff43822690abf6c6375d531a6ebb7beecfc960681f1be5082f5,1048555,1044555,3133665,1048555,4000,4000,0,4000,983679,4,,,32604
C-structural,wide_fan_out,os_cache_warm,4000,8000,50a7307f71f0aff43822690abf6c6375d531a6ebb7beecfc960681f1be5082f5,1048555,1044555,3133665,1048555,4000,4000,0,4000,2435864,4,,,33785
A1,wide_fan_out,os_cache_warm,4000,8000,50a7307f71f0aff43822690abf6c6375d531a6ebb7beecfc960681f1be5082f5,1048555,1044555,3133665,1048555,4000,4000,0,4000,0,5,106,233,27355
C-directory,wide_fan_out,os_cache_warm,4000,8000,50a7307f71f0aff43822690abf6c6375d531a6ebb7beecfc960681f1be5082f5,1048555,1044555,3133665,1048555,4000,4000,0,4000,983679,5,,,32489
C-structural,wide_fan_out,os_cache_warm,4000,8000,50a7307f71f0aff43822690abf6c6375d531a6ebb7beecfc960681f1be5082f5,1048555,1044555,3133665,1048555,4000,4000,0,4000,2435864,5,,,34725
A0,wide_fan_out,os_cache_warm,4000,8000,50a7307f71f0aff43822690abf6c6375d531a6ebb7beecfc960681f1be5082f5,1048555,2089110,6267330,1048555,4000,4000,0,4000,0,5,,,55454
C-directory,wide_fan_out,os_cache_warm,4000,8000,50a7307f71f0aff43822690abf6c6375d531a6ebb7beecfc960681f1be5082f5,1048555,1044555,3133665,1048555,4000,4000,0,4000,983679,6,,,32116
C-structural,wide_fan_out,os_cache_warm,4000,8000,50a7307f71f0aff43822690abf6c6375d531a6ebb7beecfc960681f1be5082f5,1048555,1044555,3133665,1048555,4000,4000,0,4000,2435864,6,,,34610
A0,wide_fan_out,os_cache_warm,4000,8000,50a7307f71f0aff43822690abf6c6375d531a6ebb7beecfc960681f1be5082f5,1048555,2089110,6267330,1048555,4000,4000,0,4000,0,6,,,53543
A1,wide_fan_out,os_cache_warm,4000,8000,50a7307f71f0aff43822690abf6c6375d531a6ebb7beecfc960681f1be5082f5,1048555,1044555,3133665,1048555,4000,4000,0,4000,0,6,129,318,26462
C-structural,wide_fan_out,os_cache_warm,4000,8000,50a7307f71f0aff43822690abf6c6375d531a6ebb7beecfc960681f1be5082f5,1048555,1044555,3133665,1048555,4000,4000,0,4000,2435864,7,,,33963
A0,wide_fan_out,os_cache_warm,4000,8000,50a7307f71f0aff43822690abf6c6375d531a6ebb7beecfc960681f1be5082f5,1048555,2089110,6267330,1048555,4000,4000,0,4000,0,7,,,52701
A1,wide_fan_out,os_cache_warm,4000,8000,50a7307f71f0aff43822690abf6c6375d531a6ebb7beecfc960681f1be5082f5,1048555,1044555,3133665,1048555,4000,4000,0,4000,0,7,118,247,25528
C-directory,wide_fan_out,os_cache_warm,4000,8000,50a7307f71f0aff43822690abf6c6375d531a6ebb7beecfc960681f1be5082f5,1048555,1044555,3133665,1048555,4000,4000,0,4000,983679,7,,,32473
A0,wide_fan_out,os_cache_warm,4000,8000,50a7307f71f0aff43822690abf6c6375d531a6ebb7beecfc960681f1be5082f5,1048555,2089110,6267330,1048555,4000,4000,0,4000,0,8,,,55439
A1,wide_fan_out,os_cache_warm,4000,8000,50a7307f71f0aff43822690abf6c6375d531a6ebb7beecfc960681f1be5082f5,1048555,1044555,3133665,1048555,4000,4000,0,4000,0,8,101,233,26694
C-directory,wide_fan_out,os_cache_warm,4000,8000,50a7307f71f0aff43822690abf6c6375d531a6ebb7beecfc960681f1be5082f5,1048555,1044555,3133665,1048555,4000,4000,0,4000,983679,8,,,33248
C-structural,wide_fan_out,os_cache_warm,4000,8000,50a7307f71f0aff43822690abf6c6375d531a6ebb7beecfc960681f1be5082f5,1048555,1044555,3133665,1048555,4000,4000,0,4000,2435864,8,,,34008
A1,wide_fan_out,os_cache_warm,4000,8000,50a7307f71f0aff43822690abf6c6375d531a6ebb7beecfc960681f1be5082f5,1048555,1044555,3133665,1048555,4000,4000,0,4000,0,9,137,291,28719
C-directory,wide_fan_out,os_cache_warm,4000,8000,50a7307f71f0aff43822690abf6c6375d531a6ebb7beecfc960681f1be5082f5,1048555,1044555,3133665,1048555,4000,4000,0,4000,983679,9,,,32301
C-structural,wide_fan_out,os_cache_warm,4000,8000,50a7307f71f0aff43822690abf6c6375d531a6ebb7beecfc960681f1be5082f5,1048555,1044555,3133665,1048555,4000,4000,0,4000,2435864,9,,,34222
A0,wide_fan_out,os_cache_warm,4000,8000,50a7307f71f0aff43822690abf6c6375d531a6ebb7beecfc960681f1be5082f5,1048555,2089110,6267330,1048555,4000,4000,0,4000,0,9,,,51891
C-directory,wide_fan_out,os_cache_warm,4000,8000,50a7307f71f0aff43822690abf6c6375d531a6ebb7beecfc960681f1be5082f5,1048555,1044555,3133665,1048555,4000,4000,0,4000,983679,10,,,33403
C-structural,wide_fan_out,os_cache_warm,4000,8000,50a7307f71f0aff43822690abf6c6375d531a6ebb7beecfc960681f1be5082f5,1048555,1044555,3133665,1048555,4000,4000,0,4000,2435864,10,,,34244
A0,wide_fan_out,os_cache_warm,4000,8000,50a7307f71f0aff43822690abf6c6375d531a6ebb7beecfc960681f1be5082f5,1048555,2089110,6267330,1048555,4000,4000,0,4000,0,10,,,55593
A1,wide_fan_out,os_cache_warm,4000,8000,50a7307f71f0aff43822690abf6c6375d531a6ebb7beecfc960681f1be5082f5,1048555,1044555,3133665,1048555,4000,4000,0,4000,0,10,70,175,26948
C-structural,wide_fan_out,os_cache_warm,4000,8000,50a7307f71f0aff43822690abf6c6375d531a6ebb7beecfc960681f1be5082f5,1048555,1044555,3133665,1048555,4000,4000,0,4000,2435864,11,,,34550
A0,wide_fan_out,os_cache_warm,4000,8000,50a7307f71f0aff43822690abf6c6375d531a6ebb7beecfc960681f1be5082f5,1048555,2089110,6267330,1048555,4000,4000,0,4000,0,11,,,52928
A1,wide_fan_out,os_cache_warm,4000,8000,50a7307f71f0aff43822690abf6c6375d531a6ebb7beecfc960681f1be5082f5,1048555,1044555,3133665,1048555,4000,4000,0,4000,0,11,81,212,27845
C-directory,wide_fan_out,os_cache_warm,4000,8000,50a7307f71f0aff43822690abf6c6375d531a6ebb7beecfc960681f1be5082f5,1048555,1044555,3133665,1048555,4000,4000,0,4000,983679,11,,,32705
A0,wide_fan_out,os_cache_warm,4000,8000,50a7307f71f0aff43822690abf6c6375d531a6ebb7beecfc960681f1be5082f5,1048555,2089110,6267330,1048555,4000,4000,0,4000,0,12,,,52337
A1,wide_fan_out,os_cache_warm,4000,8000,50a7307f71f0aff43822690abf6c6375d531a6ebb7beecfc960681f1be5082f5,1048555,1044555,3133665,1048555,4000,4000,0,4000,0,12,116,254,26543
C-directory,wide_fan_out,os_cache_warm,4000,8000,50a7307f71f0aff43822690abf6c6375d531a6ebb7beecfc960681f1be5082f5,1048555,1044555,3133665,1048555,4000,4000,0,4000,983679,12,,,32400
C-structural,wide_fan_out,os_cache_warm,4000,8000,50a7307f71f0aff43822690abf6c6375d531a6ebb7beecfc960681f1be5082f5,1048555,1044555,3133665,1048555,4000,4000,0,4000,2435864,12,,,34044
A1,wide_fan_out,os_cache_warm,4000,8000,50a7307f71f0aff43822690abf6c6375d531a6ebb7beecfc960681f1be5082f5,1048555,1044555,3133665,1048555,4000,4000,0,4000,0,13,123,321,26363
C-directory,wide_fan_out,os_cache_warm,4000,8000,50a7307f71f0aff43822690abf6c6375d531a6ebb7beecfc960681f1be5082f5,1048555,1044555,3133665,1048555,4000,4000,0,4000,983679,13,,,32165
C-structural,wide_fan_out,os_cache_warm,4000,8000,50a7307f71f0aff43822690abf6c6375d531a6ebb7beecfc960681f1be5082f5,1048555,1044555,3133665,1048555,4000,4000,0,4000,2435864,13,,,34297
A0,wide_fan_out,os_cache_warm,4000,8000,50a7307f71f0aff43822690abf6c6375d531a6ebb7beecfc960681f1be5082f5,1048555,2089110,6267330,1048555,4000,4000,0,4000,0,13,,,59084
C-directory,wide_fan_out,os_cache_warm,4000,8000,50a7307f71f0aff43822690abf6c6375d531a6ebb7beecfc960681f1be5082f5,1048555,1044555,3133665,1048555,4000,4000,0,4000,983679,14,,,31693
C-structural,wide_fan_out,os_cache_warm,4000,8000,50a7307f71f0aff43822690abf6c6375d531a6ebb7beecfc960681f1be5082f5,1048555,1044555,3133665,1048555,4000,4000,0,4000,2435864,14,,,34706
A0,wide_fan_out,os_cache_warm,4000,8000,50a7307f71f0aff43822690abf6c6375d531a6ebb7beecfc960681f1be5082f5,1048555,2089110,6267330,1048555,4000,4000,0,4000,0,14,,,53337
A1,wide_fan_out,os_cache_warm,4000,8000,50a7307f71f0aff43822690abf6c6375d531a6ebb7beecfc960681f1be5082f5,1048555,1044555,3133665,1048555,4000,4000,0,4000,0,14,77,198,28307
C-structural,wide_fan_out,os_cache_warm,4000,8000,50a7307f71f0aff43822690abf6c6375d531a6ebb7beecfc960681f1be5082f5,1048555,1044555,3133665,1048555,4000,4000,0,4000,2435864,15,,,35141
A0,wide_fan_out,os_cache_warm,4000,8000,50a7307f71f0aff43822690abf6c6375d531a6ebb7beecfc960681f1be5082f5,1048555,2089110,6267330,1048555,4000,4000,0,4000,0,15,,,59971
A1,wide_fan_out,os_cache_warm,4000,8000,50a7307f71f0aff43822690abf6c6375d531a6ebb7beecfc960681f1be5082f5,1048555,1044555,3133665,1048555,4000,4000,0,4000,0,15,99,218,26870
C-directory,wide_fan_out,os_cache_warm,4000,8000,50a7307f71f0aff43822690abf6c6375d531a6ebb7beecfc960681f1be5082f5,1048555,1044555,3133665,1048555,4000,4000,0,4000,983679,15,,,32993
A0,wide_fan_out,os_cache_warm,4000,8000,50a7307f71f0aff43822690abf6c6375d531a6ebb7beecfc960681f1be5082f5,1048555,2089110,6267330,1048555,4000,4000,0,4000,0,16,,,53854
A1,wide_fan_out,os_cache_warm,4000,8000,50a7307f71f0aff43822690abf6c6375d531a6ebb7beecfc960681f1be5082f5,1048555,1044555,3133665,1048555,4000,4000,0,4000,0,16,65,166,27449
C-directory,wide_fan_out,os_cache_warm,4000,8000,50a7307f71f0aff43822690abf6c6375d531a6ebb7beecfc960681f1be5082f5,1048555,1044555,3133665,1048555,4000,4000,0,4000,983679,16,,,32956
C-structural,wide_fan_out,os_cache_warm,4000,8000,50a7307f71f0aff43822690abf6c6375d531a6ebb7beecfc960681f1be5082f5,1048555,1044555,3133665,1048555,4000,4000,0,4000,2435864,16,,,35842
A1,wide_fan_out,os_cache_warm,4000,8000,50a7307f71f0aff43822690abf6c6375d531a6ebb7beecfc960681f1be5082f5,1048555,1044555,3133665,1048555,4000,4000,0,4000,0,17,119,273,26608
C-directory,wide_fan_out,os_cache_warm,4000,8000,50a7307f71f0aff43822690abf6c6375d531a6ebb7beecfc960681f1be5082f5,1048555,1044555,3133665,1048555,4000,4000,0,4000,983679,17,,,32282
C-structural,wide_fan_out,os_cache_warm,4000,8000,50a7307f71f0aff43822690abf6c6375d531a6ebb7beecfc960681f1be5082f5,1048555,1044555,3133665,1048555,4000,4000,0,4000,2435864,17,,,35236
A0,wide_fan_out,os_cache_warm,4000,8000,50a7307f71f0aff43822690abf6c6375d531a6ebb7beecfc960681f1be5082f5,1048555,2089110,6267330,1048555,4000,4000,0,4000,0,17,,,54665
C-directory,wide_fan_out,os_cache_warm,4000,8000,50a7307f71f0aff43822690abf6c6375d531a6ebb7beecfc960681f1be5082f5,1048555,1044555,3133665,1048555,4000,4000,0,4000,983679,18,,,32166
C-structural,wide_fan_out,os_cache_warm,4000,8000,50a7307f71f0aff43822690abf6c6375d531a6ebb7beecfc960681f1be5082f5,1048555,1044555,3133665,1048555,4000,4000,0,4000,2435864,18,,,34844
A0,wide_fan_out,os_cache_warm,4000,8000,50a7307f71f0aff43822690abf6c6375d531a6ebb7beecfc960681f1be5082f5,1048555,2089110,6267330,1048555,4000,4000,0,4000,0,18,,,57575
A1,wide_fan_out,os_cache_warm,4000,8000,50a7307f71f0aff43822690abf6c6375d531a6ebb7beecfc960681f1be5082f5,1048555,1044555,3133665,1048555,4000,4000,0,4000,0,18,62,169,26344
C-structural,wide_fan_out,os_cache_warm,4000,8000,50a7307f71f0aff43822690abf6c6375d531a6ebb7beecfc960681f1be5082f5,1048555,1044555,3133665,1048555,4000,4000,0,4000,2435864,19,,,34763
A0,wide_fan_out,os_cache_warm,4000,8000,50a7307f71f0aff43822690abf6c6375d531a6ebb7beecfc960681f1be5082f5,1048555,2089110,6267330,1048555,4000,4000,0,4000,0,19,,,55783
A1,wide_fan_out,os_cache_warm,4000,8000,50a7307f71f0aff43822690abf6c6375d531a6ebb7beecfc960681f1be5082f5,1048555,1044555,3133665,1048555,4000,4000,0,4000,0,19,131,274,26113
C-directory,wide_fan_out,os_cache_warm,4000,8000,50a7307f71f0aff43822690abf6c6375d531a6ebb7beecfc960681f1be5082f5,1048555,1044555,3133665,1048555,4000,4000,0,4000,983679,19,,,32641
A0,wide_fan_in,os_cache_warm,4000,8000,7296374ec6dd3895554e9bd854efb47f5242bdd5edb1ed752fe8aab78690962a,30784573,61561146,184683438,30784573,4000,508000,0,256000,0,0,,,1292238
A1,wide_fan_in,os_cache_warm,4000,8000,7296374ec6dd3895554e9bd854efb47f5242bdd5edb1ed752fe8aab78690962a,30784573,30780573,92341719,30784573,4000,508000,0,256000,0,0,123,398,621960
C-directory,wide_fan_in,os_cache_warm,4000,8000,7296374ec6dd3895554e9bd854efb47f5242bdd5edb1ed752fe8aab78690962a,30784573,30780573,92341719,30784573,4000,508000,0,256000,994049,0,,,740404
C-structural,wide_fan_in,os_cache_warm,4000,8000,7296374ec6dd3895554e9bd854efb47f5242bdd5edb1ed752fe8aab78690962a,30784573,30780573,92341719,30784573,4000,508000,0,256000,31486156,0,,,882622
A1,wide_fan_in,os_cache_warm,4000,8000,7296374ec6dd3895554e9bd854efb47f5242bdd5edb1ed752fe8aab78690962a,30784573,30780573,92341719,30784573,4000,508000,0,256000,0,1,124,514,612548
C-directory,wide_fan_in,os_cache_warm,4000,8000,7296374ec6dd3895554e9bd854efb47f5242bdd5edb1ed752fe8aab78690962a,30784573,30780573,92341719,30784573,4000,508000,0,256000,994049,1,,,736095
C-structural,wide_fan_in,os_cache_warm,4000,8000,7296374ec6dd3895554e9bd854efb47f5242bdd5edb1ed752fe8aab78690962a,30784573,30780573,92341719,30784573,4000,508000,0,256000,31486156,1,,,881006
A0,wide_fan_in,os_cache_warm,4000,8000,7296374ec6dd3895554e9bd854efb47f5242bdd5edb1ed752fe8aab78690962a,30784573,61561146,184683438,30784573,4000,508000,0,256000,0,1,,,1263400
C-directory,wide_fan_in,os_cache_warm,4000,8000,7296374ec6dd3895554e9bd854efb47f5242bdd5edb1ed752fe8aab78690962a,30784573,30780573,92341719,30784573,4000,508000,0,256000,994049,2,,,745693
C-structural,wide_fan_in,os_cache_warm,4000,8000,7296374ec6dd3895554e9bd854efb47f5242bdd5edb1ed752fe8aab78690962a,30784573,30780573,92341719,30784573,4000,508000,0,256000,31486156,2,,,878088
A0,wide_fan_in,os_cache_warm,4000,8000,7296374ec6dd3895554e9bd854efb47f5242bdd5edb1ed752fe8aab78690962a,30784573,61561146,184683438,30784573,4000,508000,0,256000,0,2,,,1267681
A1,wide_fan_in,os_cache_warm,4000,8000,7296374ec6dd3895554e9bd854efb47f5242bdd5edb1ed752fe8aab78690962a,30784573,30780573,92341719,30784573,4000,508000,0,256000,0,2,111,371,632314
C-structural,wide_fan_in,os_cache_warm,4000,8000,7296374ec6dd3895554e9bd854efb47f5242bdd5edb1ed752fe8aab78690962a,30784573,30780573,92341719,30784573,4000,508000,0,256000,31486156,3,,,879513
A0,wide_fan_in,os_cache_warm,4000,8000,7296374ec6dd3895554e9bd854efb47f5242bdd5edb1ed752fe8aab78690962a,30784573,61561146,184683438,30784573,4000,508000,0,256000,0,3,,,1256582
A1,wide_fan_in,os_cache_warm,4000,8000,7296374ec6dd3895554e9bd854efb47f5242bdd5edb1ed752fe8aab78690962a,30784573,30780573,92341719,30784573,4000,508000,0,256000,0,3,129,421,615248
C-directory,wide_fan_in,os_cache_warm,4000,8000,7296374ec6dd3895554e9bd854efb47f5242bdd5edb1ed752fe8aab78690962a,30784573,30780573,92341719,30784573,4000,508000,0,256000,994049,3,,,734829
A0,wide_fan_in,os_cache_warm,4000,8000,7296374ec6dd3895554e9bd854efb47f5242bdd5edb1ed752fe8aab78690962a,30784573,61561146,184683438,30784573,4000,508000,0,256000,0,4,,,1267499
A1,wide_fan_in,os_cache_warm,4000,8000,7296374ec6dd3895554e9bd854efb47f5242bdd5edb1ed752fe8aab78690962a,30784573,30780573,92341719,30784573,4000,508000,0,256000,0,4,128,411,615300
C-directory,wide_fan_in,os_cache_warm,4000,8000,7296374ec6dd3895554e9bd854efb47f5242bdd5edb1ed752fe8aab78690962a,30784573,30780573,92341719,30784573,4000,508000,0,256000,994049,4,,,736316
C-structural,wide_fan_in,os_cache_warm,4000,8000,7296374ec6dd3895554e9bd854efb47f5242bdd5edb1ed752fe8aab78690962a,30784573,30780573,92341719,30784573,4000,508000,0,256000,31486156,4,,,880851
A1,wide_fan_in,os_cache_warm,4000,8000,7296374ec6dd3895554e9bd854efb47f5242bdd5edb1ed752fe8aab78690962a,30784573,30780573,92341719,30784573,4000,508000,0,256000,0,5,142,415,614458
C-directory,wide_fan_in,os_cache_warm,4000,8000,7296374ec6dd3895554e9bd854efb47f5242bdd5edb1ed752fe8aab78690962a,30784573,30780573,92341719,30784573,4000,508000,0,256000,994049,5,,,747643
C-structural,wide_fan_in,os_cache_warm,4000,8000,7296374ec6dd3895554e9bd854efb47f5242bdd5edb1ed752fe8aab78690962a,30784573,30780573,92341719,30784573,4000,508000,0,256000,31486156,5,,,881994
A0,wide_fan_in,os_cache_warm,4000,8000,7296374ec6dd3895554e9bd854efb47f5242bdd5edb1ed752fe8aab78690962a,30784573,61561146,184683438,30784573,4000,508000,0,256000,0,5,,,1260226
C-directory,wide_fan_in,os_cache_warm,4000,8000,7296374ec6dd3895554e9bd854efb47f5242bdd5edb1ed752fe8aab78690962a,30784573,30780573,92341719,30784573,4000,508000,0,256000,994049,6,,,729475
C-structural,wide_fan_in,os_cache_warm,4000,8000,7296374ec6dd3895554e9bd854efb47f5242bdd5edb1ed752fe8aab78690962a,30784573,30780573,92341719,30784573,4000,508000,0,256000,31486156,6,,,881906
A0,wide_fan_in,os_cache_warm,4000,8000,7296374ec6dd3895554e9bd854efb47f5242bdd5edb1ed752fe8aab78690962a,30784573,61561146,184683438,30784573,4000,508000,0,256000,0,6,,,1274217
A1,wide_fan_in,os_cache_warm,4000,8000,7296374ec6dd3895554e9bd854efb47f5242bdd5edb1ed752fe8aab78690962a,30784573,30780573,92341719,30784573,4000,508000,0,256000,0,6,126,409,616780
C-structural,wide_fan_in,os_cache_warm,4000,8000,7296374ec6dd3895554e9bd854efb47f5242bdd5edb1ed752fe8aab78690962a,30784573,30780573,92341719,30784573,4000,508000,0,256000,31486156,7,,,881689
A0,wide_fan_in,os_cache_warm,4000,8000,7296374ec6dd3895554e9bd854efb47f5242bdd5edb1ed752fe8aab78690962a,30784573,61561146,184683438,30784573,4000,508000,0,256000,0,7,,,1388628
A1,wide_fan_in,os_cache_warm,4000,8000,7296374ec6dd3895554e9bd854efb47f5242bdd5edb1ed752fe8aab78690962a,30784573,30780573,92341719,30784573,4000,508000,0,256000,0,7,138,415,617570
C-directory,wide_fan_in,os_cache_warm,4000,8000,7296374ec6dd3895554e9bd854efb47f5242bdd5edb1ed752fe8aab78690962a,30784573,30780573,92341719,30784573,4000,508000,0,256000,994049,7,,,769626
A0,wide_fan_in,os_cache_warm,4000,8000,7296374ec6dd3895554e9bd854efb47f5242bdd5edb1ed752fe8aab78690962a,30784573,61561146,184683438,30784573,4000,508000,0,256000,0,8,,,1278723
A1,wide_fan_in,os_cache_warm,4000,8000,7296374ec6dd3895554e9bd854efb47f5242bdd5edb1ed752fe8aab78690962a,30784573,30780573,92341719,30784573,4000,508000,0,256000,0,8,131,392,658742
C-directory,wide_fan_in,os_cache_warm,4000,8000,7296374ec6dd3895554e9bd854efb47f5242bdd5edb1ed752fe8aab78690962a,30784573,30780573,92341719,30784573,4000,508000,0,256000,994049,8,,,740191
C-structural,wide_fan_in,os_cache_warm,4000,8000,7296374ec6dd3895554e9bd854efb47f5242bdd5edb1ed752fe8aab78690962a,30784573,30780573,92341719,30784573,4000,508000,0,256000,31486156,8,,,875105
A1,wide_fan_in,os_cache_warm,4000,8000,7296374ec6dd3895554e9bd854efb47f5242bdd5edb1ed752fe8aab78690962a,30784573,30780573,92341719,30784573,4000,508000,0,256000,0,9,120,391,614759
C-directory,wide_fan_in,os_cache_warm,4000,8000,7296374ec6dd3895554e9bd854efb47f5242bdd5edb1ed752fe8aab78690962a,30784573,30780573,92341719,30784573,4000,508000,0,256000,994049,9,,,731690
C-structural,wide_fan_in,os_cache_warm,4000,8000,7296374ec6dd3895554e9bd854efb47f5242bdd5edb1ed752fe8aab78690962a,30784573,30780573,92341719,30784573,4000,508000,0,256000,31486156,9,,,876197
A0,wide_fan_in,os_cache_warm,4000,8000,7296374ec6dd3895554e9bd854efb47f5242bdd5edb1ed752fe8aab78690962a,30784573,61561146,184683438,30784573,4000,508000,0,256000,0,9,,,1264036
C-directory,wide_fan_in,os_cache_warm,4000,8000,7296374ec6dd3895554e9bd854efb47f5242bdd5edb1ed752fe8aab78690962a,30784573,30780573,92341719,30784573,4000,508000,0,256000,994049,10,,,732296
C-structural,wide_fan_in,os_cache_warm,4000,8000,7296374ec6dd3895554e9bd854efb47f5242bdd5edb1ed752fe8aab78690962a,30784573,30780573,92341719,30784573,4000,508000,0,256000,31486156,10,,,883780
A0,wide_fan_in,os_cache_warm,4000,8000,7296374ec6dd3895554e9bd854efb47f5242bdd5edb1ed752fe8aab78690962a,30784573,61561146,184683438,30784573,4000,508000,0,256000,0,10,,,1322174
A1,wide_fan_in,os_cache_warm,4000,8000,7296374ec6dd3895554e9bd854efb47f5242bdd5edb1ed752fe8aab78690962a,30784573,30780573,92341719,30784573,4000,508000,0,256000,0,10,142,432,616330
C-structural,wide_fan_in,os_cache_warm,4000,8000,7296374ec6dd3895554e9bd854efb47f5242bdd5edb1ed752fe8aab78690962a,30784573,30780573,92341719,30784573,4000,508000,0,256000,31486156,11,,,881822
A0,wide_fan_in,os_cache_warm,4000,8000,7296374ec6dd3895554e9bd854efb47f5242bdd5edb1ed752fe8aab78690962a,30784573,61561146,184683438,30784573,4000,508000,0,256000,0,11,,,1254637
A1,wide_fan_in,os_cache_warm,4000,8000,7296374ec6dd3895554e9bd854efb47f5242bdd5edb1ed752fe8aab78690962a,30784573,30780573,92341719,30784573,4000,508000,0,256000,0,11,134,471,615497
C-directory,wide_fan_in,os_cache_warm,4000,8000,7296374ec6dd3895554e9bd854efb47f5242bdd5edb1ed752fe8aab78690962a,30784573,30780573,92341719,30784573,4000,508000,0,256000,994049,11,,,750354
A0,wide_fan_in,os_cache_warm,4000,8000,7296374ec6dd3895554e9bd854efb47f5242bdd5edb1ed752fe8aab78690962a,30784573,61561146,184683438,30784573,4000,508000,0,256000,0,12,,,1267554
A1,wide_fan_in,os_cache_warm,4000,8000,7296374ec6dd3895554e9bd854efb47f5242bdd5edb1ed752fe8aab78690962a,30784573,30780573,92341719,30784573,4000,508000,0,256000,0,12,90,338,626761
C-directory,wide_fan_in,os_cache_warm,4000,8000,7296374ec6dd3895554e9bd854efb47f5242bdd5edb1ed752fe8aab78690962a,30784573,30780573,92341719,30784573,4000,508000,0,256000,994049,12,,,752211
C-structural,wide_fan_in,os_cache_warm,4000,8000,7296374ec6dd3895554e9bd854efb47f5242bdd5edb1ed752fe8aab78690962a,30784573,30780573,92341719,30784573,4000,508000,0,256000,31486156,12,,,905327
A1,wide_fan_in,os_cache_warm,4000,8000,7296374ec6dd3895554e9bd854efb47f5242bdd5edb1ed752fe8aab78690962a,30784573,30780573,92341719,30784573,4000,508000,0,256000,0,13,155,430,623840
C-directory,wide_fan_in,os_cache_warm,4000,8000,7296374ec6dd3895554e9bd854efb47f5242bdd5edb1ed752fe8aab78690962a,30784573,30780573,92341719,30784573,4000,508000,0,256000,994049,13,,,737636
C-structural,wide_fan_in,os_cache_warm,4000,8000,7296374ec6dd3895554e9bd854efb47f5242bdd5edb1ed752fe8aab78690962a,30784573,30780573,92341719,30784573,4000,508000,0,256000,31486156,13,,,884879
A0,wide_fan_in,os_cache_warm,4000,8000,7296374ec6dd3895554e9bd854efb47f5242bdd5edb1ed752fe8aab78690962a,30784573,61561146,184683438,30784573,4000,508000,0,256000,0,13,,,1260039
C-directory,wide_fan_in,os_cache_warm,4000,8000,7296374ec6dd3895554e9bd854efb47f5242bdd5edb1ed752fe8aab78690962a,30784573,30780573,92341719,30784573,4000,508000,0,256000,994049,14,,,732705
C-structural,wide_fan_in,os_cache_warm,4000,8000,7296374ec6dd3895554e9bd854efb47f5242bdd5edb1ed752fe8aab78690962a,30784573,30780573,92341719,30784573,4000,508000,0,256000,31486156,14,,,903644
A0,wide_fan_in,os_cache_warm,4000,8000,7296374ec6dd3895554e9bd854efb47f5242bdd5edb1ed752fe8aab78690962a,30784573,61561146,184683438,30784573,4000,508000,0,256000,0,14,,,1263819
A1,wide_fan_in,os_cache_warm,4000,8000,7296374ec6dd3895554e9bd854efb47f5242bdd5edb1ed752fe8aab78690962a,30784573,30780573,92341719,30784573,4000,508000,0,256000,0,14,153,424,617641
C-structural,wide_fan_in,os_cache_warm,4000,8000,7296374ec6dd3895554e9bd854efb47f5242bdd5edb1ed752fe8aab78690962a,30784573,30780573,92341719,30784573,4000,508000,0,256000,31486156,15,,,873655
A0,wide_fan_in,os_cache_warm,4000,8000,7296374ec6dd3895554e9bd854efb47f5242bdd5edb1ed752fe8aab78690962a,30784573,61561146,184683438,30784573,4000,508000,0,256000,0,15,,,1246465
A1,wide_fan_in,os_cache_warm,4000,8000,7296374ec6dd3895554e9bd854efb47f5242bdd5edb1ed752fe8aab78690962a,30784573,30780573,92341719,30784573,4000,508000,0,256000,0,15,151,442,615232
C-directory,wide_fan_in,os_cache_warm,4000,8000,7296374ec6dd3895554e9bd854efb47f5242bdd5edb1ed752fe8aab78690962a,30784573,30780573,92341719,30784573,4000,508000,0,256000,994049,15,,,734144
A0,wide_fan_in,os_cache_warm,4000,8000,7296374ec6dd3895554e9bd854efb47f5242bdd5edb1ed752fe8aab78690962a,30784573,61561146,184683438,30784573,4000,508000,0,256000,0,16,,,1271846
A1,wide_fan_in,os_cache_warm,4000,8000,7296374ec6dd3895554e9bd854efb47f5242bdd5edb1ed752fe8aab78690962a,30784573,30780573,92341719,30784573,4000,508000,0,256000,0,16,126,377,624118
C-directory,wide_fan_in,os_cache_warm,4000,8000,7296374ec6dd3895554e9bd854efb47f5242bdd5edb1ed752fe8aab78690962a,30784573,30780573,92341719,30784573,4000,508000,0,256000,994049,16,,,739147
C-structural,wide_fan_in,os_cache_warm,4000,8000,7296374ec6dd3895554e9bd854efb47f5242bdd5edb1ed752fe8aab78690962a,30784573,30780573,92341719,30784573,4000,508000,0,256000,31486156,16,,,1033277
A1,wide_fan_in,os_cache_warm,4000,8000,7296374ec6dd3895554e9bd854efb47f5242bdd5edb1ed752fe8aab78690962a,30784573,30780573,92341719,30784573,4000,508000,0,256000,0,17,134,420,619870
C-directory,wide_fan_in,os_cache_warm,4000,8000,7296374ec6dd3895554e9bd854efb47f5242bdd5edb1ed752fe8aab78690962a,30784573,30780573,92341719,30784573,4000,508000,0,256000,994049,17,,,742742
C-structural,wide_fan_in,os_cache_warm,4000,8000,7296374ec6dd3895554e9bd854efb47f5242bdd5edb1ed752fe8aab78690962a,30784573,30780573,92341719,30784573,4000,508000,0,256000,31486156,17,,,911884
A0,wide_fan_in,os_cache_warm,4000,8000,7296374ec6dd3895554e9bd854efb47f5242bdd5edb1ed752fe8aab78690962a,30784573,61561146,184683438,30784573,4000,508000,0,256000,0,17,,,1329723
C-directory,wide_fan_in,os_cache_warm,4000,8000,7296374ec6dd3895554e9bd854efb47f5242bdd5edb1ed752fe8aab78690962a,30784573,30780573,92341719,30784573,4000,508000,0,256000,994049,18,,,736777
C-structural,wide_fan_in,os_cache_warm,4000,8000,7296374ec6dd3895554e9bd854efb47f5242bdd5edb1ed752fe8aab78690962a,30784573,30780573,92341719,30784573,4000,508000,0,256000,31486156,18,,,878374
A0,wide_fan_in,os_cache_warm,4000,8000,7296374ec6dd3895554e9bd854efb47f5242bdd5edb1ed752fe8aab78690962a,30784573,61561146,184683438,30784573,4000,508000,0,256000,0,18,,,1272181
A1,wide_fan_in,os_cache_warm,4000,8000,7296374ec6dd3895554e9bd854efb47f5242bdd5edb1ed752fe8aab78690962a,30784573,30780573,92341719,30784573,4000,508000,0,256000,0,18,135,403,620174
C-structural,wide_fan_in,os_cache_warm,4000,8000,7296374ec6dd3895554e9bd854efb47f5242bdd5edb1ed752fe8aab78690962a,30784573,30780573,92341719,30784573,4000,508000,0,256000,31486156,19,,,885744
A0,wide_fan_in,os_cache_warm,4000,8000,7296374ec6dd3895554e9bd854efb47f5242bdd5edb1ed752fe8aab78690962a,30784573,61561146,184683438,30784573,4000,508000,0,256000,0,19,,,1261758
A1,wide_fan_in,os_cache_warm,4000,8000,7296374ec6dd3895554e9bd854efb47f5242bdd5edb1ed752fe8aab78690962a,30784573,30780573,92341719,30784573,4000,508000,0,256000,0,19,145,464,616459
C-directory,wide_fan_in,os_cache_warm,4000,8000,7296374ec6dd3895554e9bd854efb47f5242bdd5edb1ed752fe8aab78690962a,30784573,30780573,92341719,30784573,4000,508000,0,256000,994049,19,,,736332
A0,cross_shard_cycle,os_cache_warm,4000,4000,e44319c27dab14525f37a1212d5f9e1c8904efeec42a2405766de81ca8d6a130,868397,1728794,5186382,868397,4000,4000,0,4000,0,0,,,45419
A1,cross_shard_cycle,os_cache_warm,4000,4000,e44319c27dab14525f37a1212d5f9e1c8904efeec42a2405766de81ca8d6a130,868397,864397,2593191,868397,4000,4000,0,4000,0,0,77,185,23448
C-directory,cross_shard_cycle,os_cache_warm,4000,4000,e44319c27dab14525f37a1212d5f9e1c8904efeec42a2405766de81ca8d6a130,868397,864397,2593191,868397,4000,4000,0,4000,959461,0,,,25953
C-structural,cross_shard_cycle,os_cache_warm,4000,4000,e44319c27dab14525f37a1212d5f9e1c8904efeec42a2405766de81ca8d6a130,868397,864397,2593191,868397,4000,4000,0,4000,2331568,0,,,28741
A1,cross_shard_cycle,os_cache_warm,4000,4000,e44319c27dab14525f37a1212d5f9e1c8904efeec42a2405766de81ca8d6a130,868397,864397,2593191,868397,4000,4000,0,4000,0,1,107,228,22387
C-directory,cross_shard_cycle,os_cache_warm,4000,4000,e44319c27dab14525f37a1212d5f9e1c8904efeec42a2405766de81ca8d6a130,868397,864397,2593191,868397,4000,4000,0,4000,959461,1,,,25301
C-structural,cross_shard_cycle,os_cache_warm,4000,4000,e44319c27dab14525f37a1212d5f9e1c8904efeec42a2405766de81ca8d6a130,868397,864397,2593191,868397,4000,4000,0,4000,2331568,1,,,29995
A0,cross_shard_cycle,os_cache_warm,4000,4000,e44319c27dab14525f37a1212d5f9e1c8904efeec42a2405766de81ca8d6a130,868397,1728794,5186382,868397,4000,4000,0,4000,0,1,,,46011
C-directory,cross_shard_cycle,os_cache_warm,4000,4000,e44319c27dab14525f37a1212d5f9e1c8904efeec42a2405766de81ca8d6a130,868397,864397,2593191,868397,4000,4000,0,4000,959461,2,,,25410
C-structural,cross_shard_cycle,os_cache_warm,4000,4000,e44319c27dab14525f37a1212d5f9e1c8904efeec42a2405766de81ca8d6a130,868397,864397,2593191,868397,4000,4000,0,4000,2331568,2,,,30387
A0,cross_shard_cycle,os_cache_warm,4000,4000,e44319c27dab14525f37a1212d5f9e1c8904efeec42a2405766de81ca8d6a130,868397,1728794,5186382,868397,4000,4000,0,4000,0,2,,,45829
A1,cross_shard_cycle,os_cache_warm,4000,4000,e44319c27dab14525f37a1212d5f9e1c8904efeec42a2405766de81ca8d6a130,868397,864397,2593191,868397,4000,4000,0,4000,0,2,119,246,22932
C-structural,cross_shard_cycle,os_cache_warm,4000,4000,e44319c27dab14525f37a1212d5f9e1c8904efeec42a2405766de81ca8d6a130,868397,864397,2593191,868397,4000,4000,0,4000,2331568,3,,,28474
A0,cross_shard_cycle,os_cache_warm,4000,4000,e44319c27dab14525f37a1212d5f9e1c8904efeec42a2405766de81ca8d6a130,868397,1728794,5186382,868397,4000,4000,0,4000,0,3,,,45567
A1,cross_shard_cycle,os_cache_warm,4000,4000,e44319c27dab14525f37a1212d5f9e1c8904efeec42a2405766de81ca8d6a130,868397,864397,2593191,868397,4000,4000,0,4000,0,3,76,187,21273
C-directory,cross_shard_cycle,os_cache_warm,4000,4000,e44319c27dab14525f37a1212d5f9e1c8904efeec42a2405766de81ca8d6a130,868397,864397,2593191,868397,4000,4000,0,4000,959461,3,,,25718
A0,cross_shard_cycle,os_cache_warm,4000,4000,e44319c27dab14525f37a1212d5f9e1c8904efeec42a2405766de81ca8d6a130,868397,1728794,5186382,868397,4000,4000,0,4000,0,4,,,43935
A1,cross_shard_cycle,os_cache_warm,4000,4000,e44319c27dab14525f37a1212d5f9e1c8904efeec42a2405766de81ca8d6a130,868397,864397,2593191,868397,4000,4000,0,4000,0,4,120,254,21950
C-directory,cross_shard_cycle,os_cache_warm,4000,4000,e44319c27dab14525f37a1212d5f9e1c8904efeec42a2405766de81ca8d6a130,868397,864397,2593191,868397,4000,4000,0,4000,959461,4,,,25896
C-structural,cross_shard_cycle,os_cache_warm,4000,4000,e44319c27dab14525f37a1212d5f9e1c8904efeec42a2405766de81ca8d6a130,868397,864397,2593191,868397,4000,4000,0,4000,2331568,4,,,29545
A1,cross_shard_cycle,os_cache_warm,4000,4000,e44319c27dab14525f37a1212d5f9e1c8904efeec42a2405766de81ca8d6a130,868397,864397,2593191,868397,4000,4000,0,4000,0,5,50,139,22179
C-directory,cross_shard_cycle,os_cache_warm,4000,4000,e44319c27dab14525f37a1212d5f9e1c8904efeec42a2405766de81ca8d6a130,868397,864397,2593191,868397,4000,4000,0,4000,959461,5,,,25788
C-structural,cross_shard_cycle,os_cache_warm,4000,4000,e44319c27dab14525f37a1212d5f9e1c8904efeec42a2405766de81ca8d6a130,868397,864397,2593191,868397,4000,4000,0,4000,2331568,5,,,28310
A0,cross_shard_cycle,os_cache_warm,4000,4000,e44319c27dab14525f37a1212d5f9e1c8904efeec42a2405766de81ca8d6a130,868397,1728794,5186382,868397,4000,4000,0,4000,0,5,,,44820
C-directory,cross_shard_cycle,os_cache_warm,4000,4000,e44319c27dab14525f37a1212d5f9e1c8904efeec42a2405766de81ca8d6a130,868397,864397,2593191,868397,4000,4000,0,4000,959461,6,,,25580
C-structural,cross_shard_cycle,os_cache_warm,4000,4000,e44319c27dab14525f37a1212d5f9e1c8904efeec42a2405766de81ca8d6a130,868397,864397,2593191,868397,4000,4000,0,4000,2331568,6,,,28949
A0,cross_shard_cycle,os_cache_warm,4000,4000,e44319c27dab14525f37a1212d5f9e1c8904efeec42a2405766de81ca8d6a130,868397,1728794,5186382,868397,4000,4000,0,4000,0,6,,,45150
A1,cross_shard_cycle,os_cache_warm,4000,4000,e44319c27dab14525f37a1212d5f9e1c8904efeec42a2405766de81ca8d6a130,868397,864397,2593191,868397,4000,4000,0,4000,0,6,133,275,22551
C-structural,cross_shard_cycle,os_cache_warm,4000,4000,e44319c27dab14525f37a1212d5f9e1c8904efeec42a2405766de81ca8d6a130,868397,864397,2593191,868397,4000,4000,0,4000,2331568,7,,,28625
A0,cross_shard_cycle,os_cache_warm,4000,4000,e44319c27dab14525f37a1212d5f9e1c8904efeec42a2405766de81ca8d6a130,868397,1728794,5186382,868397,4000,4000,0,4000,0,7,,,44814
A1,cross_shard_cycle,os_cache_warm,4000,4000,e44319c27dab14525f37a1212d5f9e1c8904efeec42a2405766de81ca8d6a130,868397,864397,2593191,868397,4000,4000,0,4000,0,7,73,167,21642
C-directory,cross_shard_cycle,os_cache_warm,4000,4000,e44319c27dab14525f37a1212d5f9e1c8904efeec42a2405766de81ca8d6a130,868397,864397,2593191,868397,4000,4000,0,4000,959461,7,,,25465
A0,cross_shard_cycle,os_cache_warm,4000,4000,e44319c27dab14525f37a1212d5f9e1c8904efeec42a2405766de81ca8d6a130,868397,1728794,5186382,868397,4000,4000,0,4000,0,8,,,48841
A1,cross_shard_cycle,os_cache_warm,4000,4000,e44319c27dab14525f37a1212d5f9e1c8904efeec42a2405766de81ca8d6a130,868397,864397,2593191,868397,4000,4000,0,4000,0,8,129,305,22063
C-directory,cross_shard_cycle,os_cache_warm,4000,4000,e44319c27dab14525f37a1212d5f9e1c8904efeec42a2405766de81ca8d6a130,868397,864397,2593191,868397,4000,4000,0,4000,959461,8,,,25837
C-structural,cross_shard_cycle,os_cache_warm,4000,4000,e44319c27dab14525f37a1212d5f9e1c8904efeec42a2405766de81ca8d6a130,868397,864397,2593191,868397,4000,4000,0,4000,2331568,8,,,30146
A1,cross_shard_cycle,os_cache_warm,4000,4000,e44319c27dab14525f37a1212d5f9e1c8904efeec42a2405766de81ca8d6a130,868397,864397,2593191,868397,4000,4000,0,4000,0,9,115,253,22010
C-directory,cross_shard_cycle,os_cache_warm,4000,4000,e44319c27dab14525f37a1212d5f9e1c8904efeec42a2405766de81ca8d6a130,868397,864397,2593191,868397,4000,4000,0,4000,959461,9,,,26955
C-structural,cross_shard_cycle,os_cache_warm,4000,4000,e44319c27dab14525f37a1212d5f9e1c8904efeec42a2405766de81ca8d6a130,868397,864397,2593191,868397,4000,4000,0,4000,2331568,9,,,28709
A0,cross_shard_cycle,os_cache_warm,4000,4000,e44319c27dab14525f37a1212d5f9e1c8904efeec42a2405766de81ca8d6a130,868397,1728794,5186382,868397,4000,4000,0,4000,0,9,,,45906
C-directory,cross_shard_cycle,os_cache_warm,4000,4000,e44319c27dab14525f37a1212d5f9e1c8904efeec42a2405766de81ca8d6a130,868397,864397,2593191,868397,4000,4000,0,4000,959461,10,,,25945
C-structural,cross_shard_cycle,os_cache_warm,4000,4000,e44319c27dab14525f37a1212d5f9e1c8904efeec42a2405766de81ca8d6a130,868397,864397,2593191,868397,4000,4000,0,4000,2331568,10,,,28447
A0,cross_shard_cycle,os_cache_warm,4000,4000,e44319c27dab14525f37a1212d5f9e1c8904efeec42a2405766de81ca8d6a130,868397,1728794,5186382,868397,4000,4000,0,4000,0,10,,,44344
A1,cross_shard_cycle,os_cache_warm,4000,4000,e44319c27dab14525f37a1212d5f9e1c8904efeec42a2405766de81ca8d6a130,868397,864397,2593191,868397,4000,4000,0,4000,0,10,55,145,22515
C-structural,cross_shard_cycle,os_cache_warm,4000,4000,e44319c27dab14525f37a1212d5f9e1c8904efeec42a2405766de81ca8d6a130,868397,864397,2593191,868397,4000,4000,0,4000,2331568,11,,,30025
A0,cross_shard_cycle,os_cache_warm,4000,4000,e44319c27dab14525f37a1212d5f9e1c8904efeec42a2405766de81ca8d6a130,868397,1728794,5186382,868397,4000,4000,0,4000,0,11,,,46917
A1,cross_shard_cycle,os_cache_warm,4000,4000,e44319c27dab14525f37a1212d5f9e1c8904efeec42a2405766de81ca8d6a130,868397,864397,2593191,868397,4000,4000,0,4000,0,11,66,164,22128
C-directory,cross_shard_cycle,os_cache_warm,4000,4000,e44319c27dab14525f37a1212d5f9e1c8904efeec42a2405766de81ca8d6a130,868397,864397,2593191,868397,4000,4000,0,4000,959461,11,,,25455
A0,cross_shard_cycle,os_cache_warm,4000,4000,e44319c27dab14525f37a1212d5f9e1c8904efeec42a2405766de81ca8d6a130,868397,1728794,5186382,868397,4000,4000,0,4000,0,12,,,47316
A1,cross_shard_cycle,os_cache_warm,4000,4000,e44319c27dab14525f37a1212d5f9e1c8904efeec42a2405766de81ca8d6a130,868397,864397,2593191,868397,4000,4000,0,4000,0,12,79,208,22306
C-directory,cross_shard_cycle,os_cache_warm,4000,4000,e44319c27dab14525f37a1212d5f9e1c8904efeec42a2405766de81ca8d6a130,868397,864397,2593191,868397,4000,4000,0,4000,959461,12,,,25768
C-structural,cross_shard_cycle,os_cache_warm,4000,4000,e44319c27dab14525f37a1212d5f9e1c8904efeec42a2405766de81ca8d6a130,868397,864397,2593191,868397,4000,4000,0,4000,2331568,12,,,28713
A1,cross_shard_cycle,os_cache_warm,4000,4000,e44319c27dab14525f37a1212d5f9e1c8904efeec42a2405766de81ca8d6a130,868397,864397,2593191,868397,4000,4000,0,4000,0,13,107,233,22499
C-directory,cross_shard_cycle,os_cache_warm,4000,4000,e44319c27dab14525f37a1212d5f9e1c8904efeec42a2405766de81ca8d6a130,868397,864397,2593191,868397,4000,4000,0,4000,959461,13,,,25805
C-structural,cross_shard_cycle,os_cache_warm,4000,4000,e44319c27dab14525f37a1212d5f9e1c8904efeec42a2405766de81ca8d6a130,868397,864397,2593191,868397,4000,4000,0,4000,2331568,13,,,29180
A0,cross_shard_cycle,os_cache_warm,4000,4000,e44319c27dab14525f37a1212d5f9e1c8904efeec42a2405766de81ca8d6a130,868397,1728794,5186382,868397,4000,4000,0,4000,0,13,,,49798
C-directory,cross_shard_cycle,os_cache_warm,4000,4000,e44319c27dab14525f37a1212d5f9e1c8904efeec42a2405766de81ca8d6a130,868397,864397,2593191,868397,4000,4000,0,4000,959461,14,,,26113
C-structural,cross_shard_cycle,os_cache_warm,4000,4000,e44319c27dab14525f37a1212d5f9e1c8904efeec42a2405766de81ca8d6a130,868397,864397,2593191,868397,4000,4000,0,4000,2331568,14,,,28233
A0,cross_shard_cycle,os_cache_warm,4000,4000,e44319c27dab14525f37a1212d5f9e1c8904efeec42a2405766de81ca8d6a130,868397,1728794,5186382,868397,4000,4000,0,4000,0,14,,,47309
A1,cross_shard_cycle,os_cache_warm,4000,4000,e44319c27dab14525f37a1212d5f9e1c8904efeec42a2405766de81ca8d6a130,868397,864397,2593191,868397,4000,4000,0,4000,0,14,117,262,22091
C-structural,cross_shard_cycle,os_cache_warm,4000,4000,e44319c27dab14525f37a1212d5f9e1c8904efeec42a2405766de81ca8d6a130,868397,864397,2593191,868397,4000,4000,0,4000,2331568,15,,,28522
A0,cross_shard_cycle,os_cache_warm,4000,4000,e44319c27dab14525f37a1212d5f9e1c8904efeec42a2405766de81ca8d6a130,868397,1728794,5186382,868397,4000,4000,0,4000,0,15,,,46617
A1,cross_shard_cycle,os_cache_warm,4000,4000,e44319c27dab14525f37a1212d5f9e1c8904efeec42a2405766de81ca8d6a130,868397,864397,2593191,868397,4000,4000,0,4000,0,15,115,245,21990
C-directory,cross_shard_cycle,os_cache_warm,4000,4000,e44319c27dab14525f37a1212d5f9e1c8904efeec42a2405766de81ca8d6a130,868397,864397,2593191,868397,4000,4000,0,4000,959461,15,,,25875
A0,cross_shard_cycle,os_cache_warm,4000,4000,e44319c27dab14525f37a1212d5f9e1c8904efeec42a2405766de81ca8d6a130,868397,1728794,5186382,868397,4000,4000,0,4000,0,16,,,63259
A1,cross_shard_cycle,os_cache_warm,4000,4000,e44319c27dab14525f37a1212d5f9e1c8904efeec42a2405766de81ca8d6a130,868397,864397,2593191,868397,4000,4000,0,4000,0,16,136,303,22451
C-directory,cross_shard_cycle,os_cache_warm,4000,4000,e44319c27dab14525f37a1212d5f9e1c8904efeec42a2405766de81ca8d6a130,868397,864397,2593191,868397,4000,4000,0,4000,959461,16,,,25818
C-structural,cross_shard_cycle,os_cache_warm,4000,4000,e44319c27dab14525f37a1212d5f9e1c8904efeec42a2405766de81ca8d6a130,868397,864397,2593191,868397,4000,4000,0,4000,2331568,16,,,30488
A1,cross_shard_cycle,os_cache_warm,4000,4000,e44319c27dab14525f37a1212d5f9e1c8904efeec42a2405766de81ca8d6a130,868397,864397,2593191,868397,4000,4000,0,4000,0,17,129,294,22585
C-directory,cross_shard_cycle,os_cache_warm,4000,4000,e44319c27dab14525f37a1212d5f9e1c8904efeec42a2405766de81ca8d6a130,868397,864397,2593191,868397,4000,4000,0,4000,959461,17,,,26312
C-structural,cross_shard_cycle,os_cache_warm,4000,4000,e44319c27dab14525f37a1212d5f9e1c8904efeec42a2405766de81ca8d6a130,868397,864397,2593191,868397,4000,4000,0,4000,2331568,17,,,28904
A0,cross_shard_cycle,os_cache_warm,4000,4000,e44319c27dab14525f37a1212d5f9e1c8904efeec42a2405766de81ca8d6a130,868397,1728794,5186382,868397,4000,4000,0,4000,0,17,,,47163
C-directory,cross_shard_cycle,os_cache_warm,4000,4000,e44319c27dab14525f37a1212d5f9e1c8904efeec42a2405766de81ca8d6a130,868397,864397,2593191,868397,4000,4000,0,4000,959461,18,,,28302
C-structural,cross_shard_cycle,os_cache_warm,4000,4000,e44319c27dab14525f37a1212d5f9e1c8904efeec42a2405766de81ca8d6a130,868397,864397,2593191,868397,4000,4000,0,4000,2331568,18,,,28405
A0,cross_shard_cycle,os_cache_warm,4000,4000,e44319c27dab14525f37a1212d5f9e1c8904efeec42a2405766de81ca8d6a130,868397,1728794,5186382,868397,4000,4000,0,4000,0,18,,,45220
A1,cross_shard_cycle,os_cache_warm,4000,4000,e44319c27dab14525f37a1212d5f9e1c8904efeec42a2405766de81ca8d6a130,868397,864397,2593191,868397,4000,4000,0,4000,0,18,102,231,21938
C-structural,cross_shard_cycle,os_cache_warm,4000,4000,e44319c27dab14525f37a1212d5f9e1c8904efeec42a2405766de81ca8d6a130,868397,864397,2593191,868397,4000,4000,0,4000,2331568,19,,,28601
A0,cross_shard_cycle,os_cache_warm,4000,4000,e44319c27dab14525f37a1212d5f9e1c8904efeec42a2405766de81ca8d6a130,868397,1728794,5186382,868397,4000,4000,0,4000,0,19,,,50259
A1,cross_shard_cycle,os_cache_warm,4000,4000,e44319c27dab14525f37a1212d5f9e1c8904efeec42a2405766de81ca8d6a130,868397,864397,2593191,868397,4000,4000,0,4000,0,19,51,150,21862
C-directory,cross_shard_cycle,os_cache_warm,4000,4000,e44319c27dab14525f37a1212d5f9e1c8904efeec42a2405766de81ca8d6a130,868397,864397,2593191,868397,4000,4000,0,4000,959461,19,,,25436
A0,wide_field_presence,os_cache_warm,4000,256000,e59b4c319792ada4211188557a473cd68827487bcc342c7b0ff552f4c29ac74c,12232963,24457926,73373778,12232963,4000,0,0,0,0,0,,,650598
A1,wide_field_presence,os_cache_warm,4000,256000,e59b4c319792ada4211188557a473cd68827487bcc342c7b0ff552f4c29ac74c,12232963,12228963,36686889,12232963,4000,0,0,0,0,0,121,433,314150
C-directory,wide_field_presence,os_cache_warm,4000,256000,e59b4c319792ada4211188557a473cd68827487bcc342c7b0ff552f4c29ac74c,12232963,12228963,36686889,12232963,4000,0,0,0,960269,0,,,451972
C-structural,wide_field_presence,os_cache_warm,4000,256000,e59b4c319792ada4211188557a473cd68827487bcc342c7b0ff552f4c29ac74c,12232963,12228963,36686889,12232963,4000,0,0,0,21868378,0,,,440139
A1,wide_field_presence,os_cache_warm,4000,256000,e59b4c319792ada4211188557a473cd68827487bcc342c7b0ff552f4c29ac74c,12232963,12228963,36686889,12232963,4000,0,0,0,0,1,129,449,310984
C-directory,wide_field_presence,os_cache_warm,4000,256000,e59b4c319792ada4211188557a473cd68827487bcc342c7b0ff552f4c29ac74c,12232963,12228963,36686889,12232963,4000,0,0,0,960269,1,,,439642
C-structural,wide_field_presence,os_cache_warm,4000,256000,e59b4c319792ada4211188557a473cd68827487bcc342c7b0ff552f4c29ac74c,12232963,12228963,36686889,12232963,4000,0,0,0,21868378,1,,,436586
A0,wide_field_presence,os_cache_warm,4000,256000,e59b4c319792ada4211188557a473cd68827487bcc342c7b0ff552f4c29ac74c,12232963,24457926,73373778,12232963,4000,0,0,0,0,1,,,631922
C-directory,wide_field_presence,os_cache_warm,4000,256000,e59b4c319792ada4211188557a473cd68827487bcc342c7b0ff552f4c29ac74c,12232963,12228963,36686889,12232963,4000,0,0,0,960269,2,,,437827
C-structural,wide_field_presence,os_cache_warm,4000,256000,e59b4c319792ada4211188557a473cd68827487bcc342c7b0ff552f4c29ac74c,12232963,12228963,36686889,12232963,4000,0,0,0,21868378,2,,,441307
A0,wide_field_presence,os_cache_warm,4000,256000,e59b4c319792ada4211188557a473cd68827487bcc342c7b0ff552f4c29ac74c,12232963,24457926,73373778,12232963,4000,0,0,0,0,2,,,632243
A1,wide_field_presence,os_cache_warm,4000,256000,e59b4c319792ada4211188557a473cd68827487bcc342c7b0ff552f4c29ac74c,12232963,12228963,36686889,12232963,4000,0,0,0,0,2,108,407,311854
C-structural,wide_field_presence,os_cache_warm,4000,256000,e59b4c319792ada4211188557a473cd68827487bcc342c7b0ff552f4c29ac74c,12232963,12228963,36686889,12232963,4000,0,0,0,21868378,3,,,435138
A0,wide_field_presence,os_cache_warm,4000,256000,e59b4c319792ada4211188557a473cd68827487bcc342c7b0ff552f4c29ac74c,12232963,24457926,73373778,12232963,4000,0,0,0,0,3,,,669628
A1,wide_field_presence,os_cache_warm,4000,256000,e59b4c319792ada4211188557a473cd68827487bcc342c7b0ff552f4c29ac74c,12232963,12228963,36686889,12232963,4000,0,0,0,0,3,157,555,314286
C-directory,wide_field_presence,os_cache_warm,4000,256000,e59b4c319792ada4211188557a473cd68827487bcc342c7b0ff552f4c29ac74c,12232963,12228963,36686889,12232963,4000,0,0,0,960269,3,,,442547
A0,wide_field_presence,os_cache_warm,4000,256000,e59b4c319792ada4211188557a473cd68827487bcc342c7b0ff552f4c29ac74c,12232963,24457926,73373778,12232963,4000,0,0,0,0,4,,,637776
A1,wide_field_presence,os_cache_warm,4000,256000,e59b4c319792ada4211188557a473cd68827487bcc342c7b0ff552f4c29ac74c,12232963,12228963,36686889,12232963,4000,0,0,0,0,4,130,464,332436
C-directory,wide_field_presence,os_cache_warm,4000,256000,e59b4c319792ada4211188557a473cd68827487bcc342c7b0ff552f4c29ac74c,12232963,12228963,36686889,12232963,4000,0,0,0,960269,4,,,436618
C-structural,wide_field_presence,os_cache_warm,4000,256000,e59b4c319792ada4211188557a473cd68827487bcc342c7b0ff552f4c29ac74c,12232963,12228963,36686889,12232963,4000,0,0,0,21868378,4,,,439650
A1,wide_field_presence,os_cache_warm,4000,256000,e59b4c319792ada4211188557a473cd68827487bcc342c7b0ff552f4c29ac74c,12232963,12228963,36686889,12232963,4000,0,0,0,0,5,132,449,312396
C-directory,wide_field_presence,os_cache_warm,4000,256000,e59b4c319792ada4211188557a473cd68827487bcc342c7b0ff552f4c29ac74c,12232963,12228963,36686889,12232963,4000,0,0,0,960269,5,,,445484
C-structural,wide_field_presence,os_cache_warm,4000,256000,e59b4c319792ada4211188557a473cd68827487bcc342c7b0ff552f4c29ac74c,12232963,12228963,36686889,12232963,4000,0,0,0,21868378,5,,,439804
A0,wide_field_presence,os_cache_warm,4000,256000,e59b4c319792ada4211188557a473cd68827487bcc342c7b0ff552f4c29ac74c,12232963,24457926,73373778,12232963,4000,0,0,0,0,5,,,695192
C-directory,wide_field_presence,os_cache_warm,4000,256000,e59b4c319792ada4211188557a473cd68827487bcc342c7b0ff552f4c29ac74c,12232963,12228963,36686889,12232963,4000,0,0,0,960269,6,,,443036
C-structural,wide_field_presence,os_cache_warm,4000,256000,e59b4c319792ada4211188557a473cd68827487bcc342c7b0ff552f4c29ac74c,12232963,12228963,36686889,12232963,4000,0,0,0,21868378,6,,,435949
A0,wide_field_presence,os_cache_warm,4000,256000,e59b4c319792ada4211188557a473cd68827487bcc342c7b0ff552f4c29ac74c,12232963,24457926,73373778,12232963,4000,0,0,0,0,6,,,638171
A1,wide_field_presence,os_cache_warm,4000,256000,e59b4c319792ada4211188557a473cd68827487bcc342c7b0ff552f4c29ac74c,12232963,12228963,36686889,12232963,4000,0,0,0,0,6,129,440,312748
C-structural,wide_field_presence,os_cache_warm,4000,256000,e59b4c319792ada4211188557a473cd68827487bcc342c7b0ff552f4c29ac74c,12232963,12228963,36686889,12232963,4000,0,0,0,21868378,7,,,436721
A0,wide_field_presence,os_cache_warm,4000,256000,e59b4c319792ada4211188557a473cd68827487bcc342c7b0ff552f4c29ac74c,12232963,24457926,73373778,12232963,4000,0,0,0,0,7,,,640873
A1,wide_field_presence,os_cache_warm,4000,256000,e59b4c319792ada4211188557a473cd68827487bcc342c7b0ff552f4c29ac74c,12232963,12228963,36686889,12232963,4000,0,0,0,0,7,124,426,309599
C-directory,wide_field_presence,os_cache_warm,4000,256000,e59b4c319792ada4211188557a473cd68827487bcc342c7b0ff552f4c29ac74c,12232963,12228963,36686889,12232963,4000,0,0,0,960269,7,,,434042
A0,wide_field_presence,os_cache_warm,4000,256000,e59b4c319792ada4211188557a473cd68827487bcc342c7b0ff552f4c29ac74c,12232963,24457926,73373778,12232963,4000,0,0,0,0,8,,,650772
A1,wide_field_presence,os_cache_warm,4000,256000,e59b4c319792ada4211188557a473cd68827487bcc342c7b0ff552f4c29ac74c,12232963,12228963,36686889,12232963,4000,0,0,0,0,8,113,422,312338
C-directory,wide_field_presence,os_cache_warm,4000,256000,e59b4c319792ada4211188557a473cd68827487bcc342c7b0ff552f4c29ac74c,12232963,12228963,36686889,12232963,4000,0,0,0,960269,8,,,437056
C-structural,wide_field_presence,os_cache_warm,4000,256000,e59b4c319792ada4211188557a473cd68827487bcc342c7b0ff552f4c29ac74c,12232963,12228963,36686889,12232963,4000,0,0,0,21868378,8,,,437319
A1,wide_field_presence,os_cache_warm,4000,256000,e59b4c319792ada4211188557a473cd68827487bcc342c7b0ff552f4c29ac74c,12232963,12228963,36686889,12232963,4000,0,0,0,0,9,142,475,311808
C-directory,wide_field_presence,os_cache_warm,4000,256000,e59b4c319792ada4211188557a473cd68827487bcc342c7b0ff552f4c29ac74c,12232963,12228963,36686889,12232963,4000,0,0,0,960269,9,,,437667
C-structural,wide_field_presence,os_cache_warm,4000,256000,e59b4c319792ada4211188557a473cd68827487bcc342c7b0ff552f4c29ac74c,12232963,12228963,36686889,12232963,4000,0,0,0,21868378,9,,,439483
A0,wide_field_presence,os_cache_warm,4000,256000,e59b4c319792ada4211188557a473cd68827487bcc342c7b0ff552f4c29ac74c,12232963,24457926,73373778,12232963,4000,0,0,0,0,9,,,632596
C-directory,wide_field_presence,os_cache_warm,4000,256000,e59b4c319792ada4211188557a473cd68827487bcc342c7b0ff552f4c29ac74c,12232963,12228963,36686889,12232963,4000,0,0,0,960269,10,,,427348
C-structural,wide_field_presence,os_cache_warm,4000,256000,e59b4c319792ada4211188557a473cd68827487bcc342c7b0ff552f4c29ac74c,12232963,12228963,36686889,12232963,4000,0,0,0,21868378,10,,,433963
A0,wide_field_presence,os_cache_warm,4000,256000,e59b4c319792ada4211188557a473cd68827487bcc342c7b0ff552f4c29ac74c,12232963,24457926,73373778,12232963,4000,0,0,0,0,10,,,632524
A1,wide_field_presence,os_cache_warm,4000,256000,e59b4c319792ada4211188557a473cd68827487bcc342c7b0ff552f4c29ac74c,12232963,12228963,36686889,12232963,4000,0,0,0,0,10,163,492,310774
C-structural,wide_field_presence,os_cache_warm,4000,256000,e59b4c319792ada4211188557a473cd68827487bcc342c7b0ff552f4c29ac74c,12232963,12228963,36686889,12232963,4000,0,0,0,21868378,11,,,435614
A0,wide_field_presence,os_cache_warm,4000,256000,e59b4c319792ada4211188557a473cd68827487bcc342c7b0ff552f4c29ac74c,12232963,24457926,73373778,12232963,4000,0,0,0,0,11,,,629401
A1,wide_field_presence,os_cache_warm,4000,256000,e59b4c319792ada4211188557a473cd68827487bcc342c7b0ff552f4c29ac74c,12232963,12228963,36686889,12232963,4000,0,0,0,0,11,128,439,310417
C-directory,wide_field_presence,os_cache_warm,4000,256000,e59b4c319792ada4211188557a473cd68827487bcc342c7b0ff552f4c29ac74c,12232963,12228963,36686889,12232963,4000,0,0,0,960269,11,,,432531
A0,wide_field_presence,os_cache_warm,4000,256000,e59b4c319792ada4211188557a473cd68827487bcc342c7b0ff552f4c29ac74c,12232963,24457926,73373778,12232963,4000,0,0,0,0,12,,,624216
A1,wide_field_presence,os_cache_warm,4000,256000,e59b4c319792ada4211188557a473cd68827487bcc342c7b0ff552f4c29ac74c,12232963,12228963,36686889,12232963,4000,0,0,0,0,12,221,608,308745
C-directory,wide_field_presence,os_cache_warm,4000,256000,e59b4c319792ada4211188557a473cd68827487bcc342c7b0ff552f4c29ac74c,12232963,12228963,36686889,12232963,4000,0,0,0,960269,12,,,431241
C-structural,wide_field_presence,os_cache_warm,4000,256000,e59b4c319792ada4211188557a473cd68827487bcc342c7b0ff552f4c29ac74c,12232963,12228963,36686889,12232963,4000,0,0,0,21868378,12,,,432122
A1,wide_field_presence,os_cache_warm,4000,256000,e59b4c319792ada4211188557a473cd68827487bcc342c7b0ff552f4c29ac74c,12232963,12228963,36686889,12232963,4000,0,0,0,0,13,107,414,311532
C-directory,wide_field_presence,os_cache_warm,4000,256000,e59b4c319792ada4211188557a473cd68827487bcc342c7b0ff552f4c29ac74c,12232963,12228963,36686889,12232963,4000,0,0,0,960269,13,,,438366
C-structural,wide_field_presence,os_cache_warm,4000,256000,e59b4c319792ada4211188557a473cd68827487bcc342c7b0ff552f4c29ac74c,12232963,12228963,36686889,12232963,4000,0,0,0,21868378,13,,,434284
A0,wide_field_presence,os_cache_warm,4000,256000,e59b4c319792ada4211188557a473cd68827487bcc342c7b0ff552f4c29ac74c,12232963,24457926,73373778,12232963,4000,0,0,0,0,13,,,638077
C-directory,wide_field_presence,os_cache_warm,4000,256000,e59b4c319792ada4211188557a473cd68827487bcc342c7b0ff552f4c29ac74c,12232963,12228963,36686889,12232963,4000,0,0,0,960269,14,,,443147
C-structural,wide_field_presence,os_cache_warm,4000,256000,e59b4c319792ada4211188557a473cd68827487bcc342c7b0ff552f4c29ac74c,12232963,12228963,36686889,12232963,4000,0,0,0,21868378,14,,,446842
A0,wide_field_presence,os_cache_warm,4000,256000,e59b4c319792ada4211188557a473cd68827487bcc342c7b0ff552f4c29ac74c,12232963,24457926,73373778,12232963,4000,0,0,0,0,14,,,640229
A1,wide_field_presence,os_cache_warm,4000,256000,e59b4c319792ada4211188557a473cd68827487bcc342c7b0ff552f4c29ac74c,12232963,12228963,36686889,12232963,4000,0,0,0,0,14,140,469,318143
C-structural,wide_field_presence,os_cache_warm,4000,256000,e59b4c319792ada4211188557a473cd68827487bcc342c7b0ff552f4c29ac74c,12232963,12228963,36686889,12232963,4000,0,0,0,21868378,15,,,442163
A0,wide_field_presence,os_cache_warm,4000,256000,e59b4c319792ada4211188557a473cd68827487bcc342c7b0ff552f4c29ac74c,12232963,24457926,73373778,12232963,4000,0,0,0,0,15,,,635246
A1,wide_field_presence,os_cache_warm,4000,256000,e59b4c319792ada4211188557a473cd68827487bcc342c7b0ff552f4c29ac74c,12232963,12228963,36686889,12232963,4000,0,0,0,0,15,103,450,315111
C-directory,wide_field_presence,os_cache_warm,4000,256000,e59b4c319792ada4211188557a473cd68827487bcc342c7b0ff552f4c29ac74c,12232963,12228963,36686889,12232963,4000,0,0,0,960269,15,,,430057
A0,wide_field_presence,os_cache_warm,4000,256000,e59b4c319792ada4211188557a473cd68827487bcc342c7b0ff552f4c29ac74c,12232963,24457926,73373778,12232963,4000,0,0,0,0,16,,,625812
A1,wide_field_presence,os_cache_warm,4000,256000,e59b4c319792ada4211188557a473cd68827487bcc342c7b0ff552f4c29ac74c,12232963,12228963,36686889,12232963,4000,0,0,0,0,16,123,438,311163
C-directory,wide_field_presence,os_cache_warm,4000,256000,e59b4c319792ada4211188557a473cd68827487bcc342c7b0ff552f4c29ac74c,12232963,12228963,36686889,12232963,4000,0,0,0,960269,16,,,433231
C-structural,wide_field_presence,os_cache_warm,4000,256000,e59b4c319792ada4211188557a473cd68827487bcc342c7b0ff552f4c29ac74c,12232963,12228963,36686889,12232963,4000,0,0,0,21868378,16,,,440219
A1,wide_field_presence,os_cache_warm,4000,256000,e59b4c319792ada4211188557a473cd68827487bcc342c7b0ff552f4c29ac74c,12232963,12228963,36686889,12232963,4000,0,0,0,0,17,129,455,313694
C-directory,wide_field_presence,os_cache_warm,4000,256000,e59b4c319792ada4211188557a473cd68827487bcc342c7b0ff552f4c29ac74c,12232963,12228963,36686889,12232963,4000,0,0,0,960269,17,,,433747
C-structural,wide_field_presence,os_cache_warm,4000,256000,e59b4c319792ada4211188557a473cd68827487bcc342c7b0ff552f4c29ac74c,12232963,12228963,36686889,12232963,4000,0,0,0,21868378,17,,,436597
A0,wide_field_presence,os_cache_warm,4000,256000,e59b4c319792ada4211188557a473cd68827487bcc342c7b0ff552f4c29ac74c,12232963,24457926,73373778,12232963,4000,0,0,0,0,17,,,631695
C-directory,wide_field_presence,os_cache_warm,4000,256000,e59b4c319792ada4211188557a473cd68827487bcc342c7b0ff552f4c29ac74c,12232963,12228963,36686889,12232963,4000,0,0,0,960269,18,,,440702
C-structural,wide_field_presence,os_cache_warm,4000,256000,e59b4c319792ada4211188557a473cd68827487bcc342c7b0ff552f4c29ac74c,12232963,12228963,36686889,12232963,4000,0,0,0,21868378,18,,,438897
A0,wide_field_presence,os_cache_warm,4000,256000,e59b4c319792ada4211188557a473cd68827487bcc342c7b0ff552f4c29ac74c,12232963,24457926,73373778,12232963,4000,0,0,0,0,18,,,636669
A1,wide_field_presence,os_cache_warm,4000,256000,e59b4c319792ada4211188557a473cd68827487bcc342c7b0ff552f4c29ac74c,12232963,12228963,36686889,12232963,4000,0,0,0,0,18,127,450,310165
C-structural,wide_field_presence,os_cache_warm,4000,256000,e59b4c319792ada4211188557a473cd68827487bcc342c7b0ff552f4c29ac74c,12232963,12228963,36686889,12232963,4000,0,0,0,21868378,19,,,436352
A0,wide_field_presence,os_cache_warm,4000,256000,e59b4c319792ada4211188557a473cd68827487bcc342c7b0ff552f4c29ac74c,12232963,24457926,73373778,12232963,4000,0,0,0,0,19,,,632901
A1,wide_field_presence,os_cache_warm,4000,256000,e59b4c319792ada4211188557a473cd68827487bcc342c7b0ff552f4c29ac74c,12232963,12228963,36686889,12232963,4000,0,0,0,0,19,124,445,313490
C-directory,wide_field_presence,os_cache_warm,4000,256000,e59b4c319792ada4211188557a473cd68827487bcc342c7b0ff552f4c29ac74c,12232963,12228963,36686889,12232963,4000,0,0,0,960269,19,,,435729
A0,mixed_realistic_game_data,os_cache_warm,4000,20000,81dc3d7853085f4774bf46cc8dbaf5076a98180a59ffbbd143b7a957d5188740,2981929,5955858,17867574,2981929,4000,12000,4000,4000,0,0,,,130690
A1,mixed_realistic_game_data,os_cache_warm,4000,20000,81dc3d7853085f4774bf46cc8dbaf5076a98180a59ffbbd143b7a957d5188740,2981929,2977929,8933787,2981929,4000,12000,4000,4000,0,0,142,312,63705
C-directory,mixed_realistic_game_data,os_cache_warm,4000,20000,81dc3d7853085f4774bf46cc8dbaf5076a98180a59ffbbd143b7a957d5188740,2981929,2977929,8933787,2981929,4000,12000,4000,4000,946172,0,,,80950
C-structural,mixed_realistic_game_data,os_cache_warm,4000,20000,81dc3d7853085f4774bf46cc8dbaf5076a98180a59ffbbd143b7a957d5188740,2981929,2977929,8933787,2981929,4000,12000,4000,4000,4106278,0,,,84136
A1,mixed_realistic_game_data,os_cache_warm,4000,20000,81dc3d7853085f4774bf46cc8dbaf5076a98180a59ffbbd143b7a957d5188740,2981929,2977929,8933787,2981929,4000,12000,4000,4000,0,1,122,277,64732
C-directory,mixed_realistic_game_data,os_cache_warm,4000,20000,81dc3d7853085f4774bf46cc8dbaf5076a98180a59ffbbd143b7a957d5188740,2981929,2977929,8933787,2981929,4000,12000,4000,4000,946172,1,,,80623
C-structural,mixed_realistic_game_data,os_cache_warm,4000,20000,81dc3d7853085f4774bf46cc8dbaf5076a98180a59ffbbd143b7a957d5188740,2981929,2977929,8933787,2981929,4000,12000,4000,4000,4106278,1,,,83695
A0,mixed_realistic_game_data,os_cache_warm,4000,20000,81dc3d7853085f4774bf46cc8dbaf5076a98180a59ffbbd143b7a957d5188740,2981929,5955858,17867574,2981929,4000,12000,4000,4000,0,1,,,128370
C-directory,mixed_realistic_game_data,os_cache_warm,4000,20000,81dc3d7853085f4774bf46cc8dbaf5076a98180a59ffbbd143b7a957d5188740,2981929,2977929,8933787,2981929,4000,12000,4000,4000,946172,2,,,80582
C-structural,mixed_realistic_game_data,os_cache_warm,4000,20000,81dc3d7853085f4774bf46cc8dbaf5076a98180a59ffbbd143b7a957d5188740,2981929,2977929,8933787,2981929,4000,12000,4000,4000,4106278,2,,,84872
A0,mixed_realistic_game_data,os_cache_warm,4000,20000,81dc3d7853085f4774bf46cc8dbaf5076a98180a59ffbbd143b7a957d5188740,2981929,5955858,17867574,2981929,4000,12000,4000,4000,0,2,,,127278
A1,mixed_realistic_game_data,os_cache_warm,4000,20000,81dc3d7853085f4774bf46cc8dbaf5076a98180a59ffbbd143b7a957d5188740,2981929,2977929,8933787,2981929,4000,12000,4000,4000,0,2,100,242,61737
C-structural,mixed_realistic_game_data,os_cache_warm,4000,20000,81dc3d7853085f4774bf46cc8dbaf5076a98180a59ffbbd143b7a957d5188740,2981929,2977929,8933787,2981929,4000,12000,4000,4000,4106278,3,,,84042
A0,mixed_realistic_game_data,os_cache_warm,4000,20000,81dc3d7853085f4774bf46cc8dbaf5076a98180a59ffbbd143b7a957d5188740,2981929,5955858,17867574,2981929,4000,12000,4000,4000,0,3,,,125918
A1,mixed_realistic_game_data,os_cache_warm,4000,20000,81dc3d7853085f4774bf46cc8dbaf5076a98180a59ffbbd143b7a957d5188740,2981929,2977929,8933787,2981929,4000,12000,4000,4000,0,3,96,236,81739
C-directory,mixed_realistic_game_data,os_cache_warm,4000,20000,81dc3d7853085f4774bf46cc8dbaf5076a98180a59ffbbd143b7a957d5188740,2981929,2977929,8933787,2981929,4000,12000,4000,4000,946172,3,,,80051
A0,mixed_realistic_game_data,os_cache_warm,4000,20000,81dc3d7853085f4774bf46cc8dbaf5076a98180a59ffbbd143b7a957d5188740,2981929,5955858,17867574,2981929,4000,12000,4000,4000,0,4,,,125910
A1,mixed_realistic_game_data,os_cache_warm,4000,20000,81dc3d7853085f4774bf46cc8dbaf5076a98180a59ffbbd143b7a957d5188740,2981929,2977929,8933787,2981929,4000,12000,4000,4000,0,4,115,264,63172
C-directory,mixed_realistic_game_data,os_cache_warm,4000,20000,81dc3d7853085f4774bf46cc8dbaf5076a98180a59ffbbd143b7a957d5188740,2981929,2977929,8933787,2981929,4000,12000,4000,4000,946172,4,,,79845
C-structural,mixed_realistic_game_data,os_cache_warm,4000,20000,81dc3d7853085f4774bf46cc8dbaf5076a98180a59ffbbd143b7a957d5188740,2981929,2977929,8933787,2981929,4000,12000,4000,4000,4106278,4,,,84088
A1,mixed_realistic_game_data,os_cache_warm,4000,20000,81dc3d7853085f4774bf46cc8dbaf5076a98180a59ffbbd143b7a957d5188740,2981929,2977929,8933787,2981929,4000,12000,4000,4000,0,5,112,276,62178
C-directory,mixed_realistic_game_data,os_cache_warm,4000,20000,81dc3d7853085f4774bf46cc8dbaf5076a98180a59ffbbd143b7a957d5188740,2981929,2977929,8933787,2981929,4000,12000,4000,4000,946172,5,,,78887
C-structural,mixed_realistic_game_data,os_cache_warm,4000,20000,81dc3d7853085f4774bf46cc8dbaf5076a98180a59ffbbd143b7a957d5188740,2981929,2977929,8933787,2981929,4000,12000,4000,4000,4106278,5,,,82499
A0,mixed_realistic_game_data,os_cache_warm,4000,20000,81dc3d7853085f4774bf46cc8dbaf5076a98180a59ffbbd143b7a957d5188740,2981929,5955858,17867574,2981929,4000,12000,4000,4000,0,5,,,124445
C-directory,mixed_realistic_game_data,os_cache_warm,4000,20000,81dc3d7853085f4774bf46cc8dbaf5076a98180a59ffbbd143b7a957d5188740,2981929,2977929,8933787,2981929,4000,12000,4000,4000,946172,6,,,78267
C-structural,mixed_realistic_game_data,os_cache_warm,4000,20000,81dc3d7853085f4774bf46cc8dbaf5076a98180a59ffbbd143b7a957d5188740,2981929,2977929,8933787,2981929,4000,12000,4000,4000,4106278,6,,,83295
A0,mixed_realistic_game_data,os_cache_warm,4000,20000,81dc3d7853085f4774bf46cc8dbaf5076a98180a59ffbbd143b7a957d5188740,2981929,5955858,17867574,2981929,4000,12000,4000,4000,0,6,,,127985
A1,mixed_realistic_game_data,os_cache_warm,4000,20000,81dc3d7853085f4774bf46cc8dbaf5076a98180a59ffbbd143b7a957d5188740,2981929,2977929,8933787,2981929,4000,12000,4000,4000,0,6,122,286,61232
C-structural,mixed_realistic_game_data,os_cache_warm,4000,20000,81dc3d7853085f4774bf46cc8dbaf5076a98180a59ffbbd143b7a957d5188740,2981929,2977929,8933787,2981929,4000,12000,4000,4000,4106278,7,,,83973
A0,mixed_realistic_game_data,os_cache_warm,4000,20000,81dc3d7853085f4774bf46cc8dbaf5076a98180a59ffbbd143b7a957d5188740,2981929,5955858,17867574,2981929,4000,12000,4000,4000,0,7,,,124139
A1,mixed_realistic_game_data,os_cache_warm,4000,20000,81dc3d7853085f4774bf46cc8dbaf5076a98180a59ffbbd143b7a957d5188740,2981929,2977929,8933787,2981929,4000,12000,4000,4000,0,7,110,288,62740
C-directory,mixed_realistic_game_data,os_cache_warm,4000,20000,81dc3d7853085f4774bf46cc8dbaf5076a98180a59ffbbd143b7a957d5188740,2981929,2977929,8933787,2981929,4000,12000,4000,4000,946172,7,,,80729
A0,mixed_realistic_game_data,os_cache_warm,4000,20000,81dc3d7853085f4774bf46cc8dbaf5076a98180a59ffbbd143b7a957d5188740,2981929,5955858,17867574,2981929,4000,12000,4000,4000,0,8,,,160988
A1,mixed_realistic_game_data,os_cache_warm,4000,20000,81dc3d7853085f4774bf46cc8dbaf5076a98180a59ffbbd143b7a957d5188740,2981929,2977929,8933787,2981929,4000,12000,4000,4000,0,8,134,288,64001
C-directory,mixed_realistic_game_data,os_cache_warm,4000,20000,81dc3d7853085f4774bf46cc8dbaf5076a98180a59ffbbd143b7a957d5188740,2981929,2977929,8933787,2981929,4000,12000,4000,4000,946172,8,,,79218
C-structural,mixed_realistic_game_data,os_cache_warm,4000,20000,81dc3d7853085f4774bf46cc8dbaf5076a98180a59ffbbd143b7a957d5188740,2981929,2977929,8933787,2981929,4000,12000,4000,4000,4106278,8,,,81507
A1,mixed_realistic_game_data,os_cache_warm,4000,20000,81dc3d7853085f4774bf46cc8dbaf5076a98180a59ffbbd143b7a957d5188740,2981929,2977929,8933787,2981929,4000,12000,4000,4000,0,9,103,245,64232
C-directory,mixed_realistic_game_data,os_cache_warm,4000,20000,81dc3d7853085f4774bf46cc8dbaf5076a98180a59ffbbd143b7a957d5188740,2981929,2977929,8933787,2981929,4000,12000,4000,4000,946172,9,,,81115
C-structural,mixed_realistic_game_data,os_cache_warm,4000,20000,81dc3d7853085f4774bf46cc8dbaf5076a98180a59ffbbd143b7a957d5188740,2981929,2977929,8933787,2981929,4000,12000,4000,4000,4106278,9,,,84901
A0,mixed_realistic_game_data,os_cache_warm,4000,20000,81dc3d7853085f4774bf46cc8dbaf5076a98180a59ffbbd143b7a957d5188740,2981929,5955858,17867574,2981929,4000,12000,4000,4000,0,9,,,128280
C-directory,mixed_realistic_game_data,os_cache_warm,4000,20000,81dc3d7853085f4774bf46cc8dbaf5076a98180a59ffbbd143b7a957d5188740,2981929,2977929,8933787,2981929,4000,12000,4000,4000,946172,10,,,79931
C-structural,mixed_realistic_game_data,os_cache_warm,4000,20000,81dc3d7853085f4774bf46cc8dbaf5076a98180a59ffbbd143b7a957d5188740,2981929,2977929,8933787,2981929,4000,12000,4000,4000,4106278,10,,,161415
A0,mixed_realistic_game_data,os_cache_warm,4000,20000,81dc3d7853085f4774bf46cc8dbaf5076a98180a59ffbbd143b7a957d5188740,2981929,5955858,17867574,2981929,4000,12000,4000,4000,0,10,,,133899
A1,mixed_realistic_game_data,os_cache_warm,4000,20000,81dc3d7853085f4774bf46cc8dbaf5076a98180a59ffbbd143b7a957d5188740,2981929,2977929,8933787,2981929,4000,12000,4000,4000,0,10,112,262,72928
C-structural,mixed_realistic_game_data,os_cache_warm,4000,20000,81dc3d7853085f4774bf46cc8dbaf5076a98180a59ffbbd143b7a957d5188740,2981929,2977929,8933787,2981929,4000,12000,4000,4000,4106278,11,,,134640
A0,mixed_realistic_game_data,os_cache_warm,4000,20000,81dc3d7853085f4774bf46cc8dbaf5076a98180a59ffbbd143b7a957d5188740,2981929,5955858,17867574,2981929,4000,12000,4000,4000,0,11,,,129216
A1,mixed_realistic_game_data,os_cache_warm,4000,20000,81dc3d7853085f4774bf46cc8dbaf5076a98180a59ffbbd143b7a957d5188740,2981929,2977929,8933787,2981929,4000,12000,4000,4000,0,11,105,252,66426
C-directory,mixed_realistic_game_data,os_cache_warm,4000,20000,81dc3d7853085f4774bf46cc8dbaf5076a98180a59ffbbd143b7a957d5188740,2981929,2977929,8933787,2981929,4000,12000,4000,4000,946172,11,,,80266
A0,mixed_realistic_game_data,os_cache_warm,4000,20000,81dc3d7853085f4774bf46cc8dbaf5076a98180a59ffbbd143b7a957d5188740,2981929,5955858,17867574,2981929,4000,12000,4000,4000,0,12,,,126693
A1,mixed_realistic_game_data,os_cache_warm,4000,20000,81dc3d7853085f4774bf46cc8dbaf5076a98180a59ffbbd143b7a957d5188740,2981929,2977929,8933787,2981929,4000,12000,4000,4000,0,12,137,309,64420
C-directory,mixed_realistic_game_data,os_cache_warm,4000,20000,81dc3d7853085f4774bf46cc8dbaf5076a98180a59ffbbd143b7a957d5188740,2981929,2977929,8933787,2981929,4000,12000,4000,4000,946172,12,,,78913
C-structural,mixed_realistic_game_data,os_cache_warm,4000,20000,81dc3d7853085f4774bf46cc8dbaf5076a98180a59ffbbd143b7a957d5188740,2981929,2977929,8933787,2981929,4000,12000,4000,4000,4106278,12,,,83547
A1,mixed_realistic_game_data,os_cache_warm,4000,20000,81dc3d7853085f4774bf46cc8dbaf5076a98180a59ffbbd143b7a957d5188740,2981929,2977929,8933787,2981929,4000,12000,4000,4000,0,13,123,303,63880
C-directory,mixed_realistic_game_data,os_cache_warm,4000,20000,81dc3d7853085f4774bf46cc8dbaf5076a98180a59ffbbd143b7a957d5188740,2981929,2977929,8933787,2981929,4000,12000,4000,4000,946172,13,,,80034
C-structural,mixed_realistic_game_data,os_cache_warm,4000,20000,81dc3d7853085f4774bf46cc8dbaf5076a98180a59ffbbd143b7a957d5188740,2981929,2977929,8933787,2981929,4000,12000,4000,4000,4106278,13,,,84046
A0,mixed_realistic_game_data,os_cache_warm,4000,20000,81dc3d7853085f4774bf46cc8dbaf5076a98180a59ffbbd143b7a957d5188740,2981929,5955858,17867574,2981929,4000,12000,4000,4000,0,13,,,123592
C-directory,mixed_realistic_game_data,os_cache_warm,4000,20000,81dc3d7853085f4774bf46cc8dbaf5076a98180a59ffbbd143b7a957d5188740,2981929,2977929,8933787,2981929,4000,12000,4000,4000,946172,14,,,80338
C-structural,mixed_realistic_game_data,os_cache_warm,4000,20000,81dc3d7853085f4774bf46cc8dbaf5076a98180a59ffbbd143b7a957d5188740,2981929,2977929,8933787,2981929,4000,12000,4000,4000,4106278,14,,,83150
A0,mixed_realistic_game_data,os_cache_warm,4000,20000,81dc3d7853085f4774bf46cc8dbaf5076a98180a59ffbbd143b7a957d5188740,2981929,5955858,17867574,2981929,4000,12000,4000,4000,0,14,,,127126
A1,mixed_realistic_game_data,os_cache_warm,4000,20000,81dc3d7853085f4774bf46cc8dbaf5076a98180a59ffbbd143b7a957d5188740,2981929,2977929,8933787,2981929,4000,12000,4000,4000,0,14,87,228,61635
C-structural,mixed_realistic_game_data,os_cache_warm,4000,20000,81dc3d7853085f4774bf46cc8dbaf5076a98180a59ffbbd143b7a957d5188740,2981929,2977929,8933787,2981929,4000,12000,4000,4000,4106278,15,,,83755
A0,mixed_realistic_game_data,os_cache_warm,4000,20000,81dc3d7853085f4774bf46cc8dbaf5076a98180a59ffbbd143b7a957d5188740,2981929,5955858,17867574,2981929,4000,12000,4000,4000,0,15,,,124174
A1,mixed_realistic_game_data,os_cache_warm,4000,20000,81dc3d7853085f4774bf46cc8dbaf5076a98180a59ffbbd143b7a957d5188740,2981929,2977929,8933787,2981929,4000,12000,4000,4000,0,15,92,230,63919
C-directory,mixed_realistic_game_data,os_cache_warm,4000,20000,81dc3d7853085f4774bf46cc8dbaf5076a98180a59ffbbd143b7a957d5188740,2981929,2977929,8933787,2981929,4000,12000,4000,4000,946172,15,,,78936
A0,mixed_realistic_game_data,os_cache_warm,4000,20000,81dc3d7853085f4774bf46cc8dbaf5076a98180a59ffbbd143b7a957d5188740,2981929,5955858,17867574,2981929,4000,12000,4000,4000,0,16,,,124741
A1,mixed_realistic_game_data,os_cache_warm,4000,20000,81dc3d7853085f4774bf46cc8dbaf5076a98180a59ffbbd143b7a957d5188740,2981929,2977929,8933787,2981929,4000,12000,4000,4000,0,16,185,509,61903
C-directory,mixed_realistic_game_data,os_cache_warm,4000,20000,81dc3d7853085f4774bf46cc8dbaf5076a98180a59ffbbd143b7a957d5188740,2981929,2977929,8933787,2981929,4000,12000,4000,4000,946172,16,,,81192
C-structural,mixed_realistic_game_data,os_cache_warm,4000,20000,81dc3d7853085f4774bf46cc8dbaf5076a98180a59ffbbd143b7a957d5188740,2981929,2977929,8933787,2981929,4000,12000,4000,4000,4106278,16,,,82624
A1,mixed_realistic_game_data,os_cache_warm,4000,20000,81dc3d7853085f4774bf46cc8dbaf5076a98180a59ffbbd143b7a957d5188740,2981929,2977929,8933787,2981929,4000,12000,4000,4000,0,17,84,220,62941
C-directory,mixed_realistic_game_data,os_cache_warm,4000,20000,81dc3d7853085f4774bf46cc8dbaf5076a98180a59ffbbd143b7a957d5188740,2981929,2977929,8933787,2981929,4000,12000,4000,4000,946172,17,,,80536
C-structural,mixed_realistic_game_data,os_cache_warm,4000,20000,81dc3d7853085f4774bf46cc8dbaf5076a98180a59ffbbd143b7a957d5188740,2981929,2977929,8933787,2981929,4000,12000,4000,4000,4106278,17,,,82444
A0,mixed_realistic_game_data,os_cache_warm,4000,20000,81dc3d7853085f4774bf46cc8dbaf5076a98180a59ffbbd143b7a957d5188740,2981929,5955858,17867574,2981929,4000,12000,4000,4000,0,17,,,122742
C-directory,mixed_realistic_game_data,os_cache_warm,4000,20000,81dc3d7853085f4774bf46cc8dbaf5076a98180a59ffbbd143b7a957d5188740,2981929,2977929,8933787,2981929,4000,12000,4000,4000,946172,18,,,83332
C-structural,mixed_realistic_game_data,os_cache_warm,4000,20000,81dc3d7853085f4774bf46cc8dbaf5076a98180a59ffbbd143b7a957d5188740,2981929,2977929,8933787,2981929,4000,12000,4000,4000,4106278,18,,,84904
A0,mixed_realistic_game_data,os_cache_warm,4000,20000,81dc3d7853085f4774bf46cc8dbaf5076a98180a59ffbbd143b7a957d5188740,2981929,5955858,17867574,2981929,4000,12000,4000,4000,0,18,,,128064
A1,mixed_realistic_game_data,os_cache_warm,4000,20000,81dc3d7853085f4774bf46cc8dbaf5076a98180a59ffbbd143b7a957d5188740,2981929,2977929,8933787,2981929,4000,12000,4000,4000,0,18,88,230,65916
C-structural,mixed_realistic_game_data,os_cache_warm,4000,20000,81dc3d7853085f4774bf46cc8dbaf5076a98180a59ffbbd143b7a957d5188740,2981929,2977929,8933787,2981929,4000,12000,4000,4000,4106278,19,,,84180
A0,mixed_realistic_game_data,os_cache_warm,4000,20000,81dc3d7853085f4774bf46cc8dbaf5076a98180a59ffbbd143b7a957d5188740,2981929,5955858,17867574,2981929,4000,12000,4000,4000,0,19,,,124917
A1,mixed_realistic_game_data,os_cache_warm,4000,20000,81dc3d7853085f4774bf46cc8dbaf5076a98180a59ffbbd143b7a957d5188740,2981929,2977929,8933787,2981929,4000,12000,4000,4000,0,19,87,227,63476
C-directory,mixed_realistic_game_data,os_cache_warm,4000,20000,81dc3d7853085f4774bf46cc8dbaf5076a98180a59ffbbd143b7a957d5188740,2981929,2977929,8933787,2981929,4000,12000,4000,4000,946172,19,,,80117
A0,payload_unicode_long_record,os_cache_warm,16000,16000,9cdc1d1db9f219b3dcac3cb08df6a977104a9f8a204e6adc240371466f363a47,76048420,152064840,456194520,76048420,16000,0,0,0,0,0,,,1420885
A1,payload_unicode_long_record,os_cache_warm,16000,16000,9cdc1d1db9f219b3dcac3cb08df6a977104a9f8a204e6adc240371466f363a47,76048420,76032420,228097260,76048420,16000,0,0,0,0,0,131,295,762877
C-directory,payload_unicode_long_record,os_cache_warm,16000,16000,9cdc1d1db9f219b3dcac3cb08df6a977104a9f8a204e6adc240371466f363a47,76048420,76032420,228097260,76048420,16000,0,0,0,3980524,0,,,784545
C-structural,payload_unicode_long_record,os_cache_warm,16000,16000,9cdc1d1db9f219b3dcac3cb08df6a977104a9f8a204e6adc240371466f363a47,76048420,76032420,228097260,76048420,16000,0,0,0,5292633,0,,,795290
A1,payload_unicode_long_record,os_cache_warm,16000,16000,9cdc1d1db9f219b3dcac3cb08df6a977104a9f8a204e6adc240371466f363a47,76048420,76032420,228097260,76048420,16000,0,0,0,0,1,139,328,717619
C-directory,payload_unicode_long_record,os_cache_warm,16000,16000,9cdc1d1db9f219b3dcac3cb08df6a977104a9f8a204e6adc240371466f363a47,76048420,76032420,228097260,76048420,16000,0,0,0,3980524,1,,,781244
C-structural,payload_unicode_long_record,os_cache_warm,16000,16000,9cdc1d1db9f219b3dcac3cb08df6a977104a9f8a204e6adc240371466f363a47,76048420,76032420,228097260,76048420,16000,0,0,0,5292633,1,,,809878
A0,payload_unicode_long_record,os_cache_warm,16000,16000,9cdc1d1db9f219b3dcac3cb08df6a977104a9f8a204e6adc240371466f363a47,76048420,152064840,456194520,76048420,16000,0,0,0,0,1,,,1419804
C-directory,payload_unicode_long_record,os_cache_warm,16000,16000,9cdc1d1db9f219b3dcac3cb08df6a977104a9f8a204e6adc240371466f363a47,76048420,76032420,228097260,76048420,16000,0,0,0,3980524,2,,,783988
C-structural,payload_unicode_long_record,os_cache_warm,16000,16000,9cdc1d1db9f219b3dcac3cb08df6a977104a9f8a204e6adc240371466f363a47,76048420,76032420,228097260,76048420,16000,0,0,0,5292633,2,,,802315
A0,payload_unicode_long_record,os_cache_warm,16000,16000,9cdc1d1db9f219b3dcac3cb08df6a977104a9f8a204e6adc240371466f363a47,76048420,152064840,456194520,76048420,16000,0,0,0,0,2,,,1402181
A1,payload_unicode_long_record,os_cache_warm,16000,16000,9cdc1d1db9f219b3dcac3cb08df6a977104a9f8a204e6adc240371466f363a47,76048420,76032420,228097260,76048420,16000,0,0,0,0,2,127,291,713872
C-structural,payload_unicode_long_record,os_cache_warm,16000,16000,9cdc1d1db9f219b3dcac3cb08df6a977104a9f8a204e6adc240371466f363a47,76048420,76032420,228097260,76048420,16000,0,0,0,5292633,3,,,791222
A0,payload_unicode_long_record,os_cache_warm,16000,16000,9cdc1d1db9f219b3dcac3cb08df6a977104a9f8a204e6adc240371466f363a47,76048420,152064840,456194520,76048420,16000,0,0,0,0,3,,,1405259
A1,payload_unicode_long_record,os_cache_warm,16000,16000,9cdc1d1db9f219b3dcac3cb08df6a977104a9f8a204e6adc240371466f363a47,76048420,76032420,228097260,76048420,16000,0,0,0,0,3,140,306,813069
C-directory,payload_unicode_long_record,os_cache_warm,16000,16000,9cdc1d1db9f219b3dcac3cb08df6a977104a9f8a204e6adc240371466f363a47,76048420,76032420,228097260,76048420,16000,0,0,0,3980524,3,,,784184
A0,payload_unicode_long_record,os_cache_warm,16000,16000,9cdc1d1db9f219b3dcac3cb08df6a977104a9f8a204e6adc240371466f363a47,76048420,152064840,456194520,76048420,16000,0,0,0,0,4,,,1411514
A1,payload_unicode_long_record,os_cache_warm,16000,16000,9cdc1d1db9f219b3dcac3cb08df6a977104a9f8a204e6adc240371466f363a47,76048420,76032420,228097260,76048420,16000,0,0,0,0,4,130,296,713535
C-directory,payload_unicode_long_record,os_cache_warm,16000,16000,9cdc1d1db9f219b3dcac3cb08df6a977104a9f8a204e6adc240371466f363a47,76048420,76032420,228097260,76048420,16000,0,0,0,3980524,4,,,783082
C-structural,payload_unicode_long_record,os_cache_warm,16000,16000,9cdc1d1db9f219b3dcac3cb08df6a977104a9f8a204e6adc240371466f363a47,76048420,76032420,228097260,76048420,16000,0,0,0,5292633,4,,,799119
A1,payload_unicode_long_record,os_cache_warm,16000,16000,9cdc1d1db9f219b3dcac3cb08df6a977104a9f8a204e6adc240371466f363a47,76048420,76032420,228097260,76048420,16000,0,0,0,0,5,146,355,722797
C-directory,payload_unicode_long_record,os_cache_warm,16000,16000,9cdc1d1db9f219b3dcac3cb08df6a977104a9f8a204e6adc240371466f363a47,76048420,76032420,228097260,76048420,16000,0,0,0,3980524,5,,,780773
C-structural,payload_unicode_long_record,os_cache_warm,16000,16000,9cdc1d1db9f219b3dcac3cb08df6a977104a9f8a204e6adc240371466f363a47,76048420,76032420,228097260,76048420,16000,0,0,0,5292633,5,,,783060
A0,payload_unicode_long_record,os_cache_warm,16000,16000,9cdc1d1db9f219b3dcac3cb08df6a977104a9f8a204e6adc240371466f363a47,76048420,152064840,456194520,76048420,16000,0,0,0,0,5,,,1403939
C-directory,payload_unicode_long_record,os_cache_warm,16000,16000,9cdc1d1db9f219b3dcac3cb08df6a977104a9f8a204e6adc240371466f363a47,76048420,76032420,228097260,76048420,16000,0,0,0,3980524,6,,,782219
C-structural,payload_unicode_long_record,os_cache_warm,16000,16000,9cdc1d1db9f219b3dcac3cb08df6a977104a9f8a204e6adc240371466f363a47,76048420,76032420,228097260,76048420,16000,0,0,0,5292633,6,,,782483
A0,payload_unicode_long_record,os_cache_warm,16000,16000,9cdc1d1db9f219b3dcac3cb08df6a977104a9f8a204e6adc240371466f363a47,76048420,152064840,456194520,76048420,16000,0,0,0,0,6,,,1400925
A1,payload_unicode_long_record,os_cache_warm,16000,16000,9cdc1d1db9f219b3dcac3cb08df6a977104a9f8a204e6adc240371466f363a47,76048420,76032420,228097260,76048420,16000,0,0,0,0,6,111,282,715728
C-structural,payload_unicode_long_record,os_cache_warm,16000,16000,9cdc1d1db9f219b3dcac3cb08df6a977104a9f8a204e6adc240371466f363a47,76048420,76032420,228097260,76048420,16000,0,0,0,5292633,7,,,781125
A0,payload_unicode_long_record,os_cache_warm,16000,16000,9cdc1d1db9f219b3dcac3cb08df6a977104a9f8a204e6adc240371466f363a47,76048420,152064840,456194520,76048420,16000,0,0,0,0,7,,,1422398
A1,payload_unicode_long_record,os_cache_warm,16000,16000,9cdc1d1db9f219b3dcac3cb08df6a977104a9f8a204e6adc240371466f363a47,76048420,76032420,228097260,76048420,16000,0,0,0,0,7,124,296,715021
C-directory,payload_unicode_long_record,os_cache_warm,16000,16000,9cdc1d1db9f219b3dcac3cb08df6a977104a9f8a204e6adc240371466f363a47,76048420,76032420,228097260,76048420,16000,0,0,0,3980524,7,,,782314
A0,payload_unicode_long_record,os_cache_warm,16000,16000,9cdc1d1db9f219b3dcac3cb08df6a977104a9f8a204e6adc240371466f363a47,76048420,152064840,456194520,76048420,16000,0,0,0,0,8,,,1402789
A1,payload_unicode_long_record,os_cache_warm,16000,16000,9cdc1d1db9f219b3dcac3cb08df6a977104a9f8a204e6adc240371466f363a47,76048420,76032420,228097260,76048420,16000,0,0,0,0,8,112,275,715517
C-directory,payload_unicode_long_record,os_cache_warm,16000,16000,9cdc1d1db9f219b3dcac3cb08df6a977104a9f8a204e6adc240371466f363a47,76048420,76032420,228097260,76048420,16000,0,0,0,3980524,8,,,790868
C-structural,payload_unicode_long_record,os_cache_warm,16000,16000,9cdc1d1db9f219b3dcac3cb08df6a977104a9f8a204e6adc240371466f363a47,76048420,76032420,228097260,76048420,16000,0,0,0,5292633,8,,,822874
A1,payload_unicode_long_record,os_cache_warm,16000,16000,9cdc1d1db9f219b3dcac3cb08df6a977104a9f8a204e6adc240371466f363a47,76048420,76032420,228097260,76048420,16000,0,0,0,0,9,107,268,713668
C-directory,payload_unicode_long_record,os_cache_warm,16000,16000,9cdc1d1db9f219b3dcac3cb08df6a977104a9f8a204e6adc240371466f363a47,76048420,76032420,228097260,76048420,16000,0,0,0,3980524,9,,,781852
C-structural,payload_unicode_long_record,os_cache_warm,16000,16000,9cdc1d1db9f219b3dcac3cb08df6a977104a9f8a204e6adc240371466f363a47,76048420,76032420,228097260,76048420,16000,0,0,0,5292633,9,,,797714
A0,payload_unicode_long_record,os_cache_warm,16000,16000,9cdc1d1db9f219b3dcac3cb08df6a977104a9f8a204e6adc240371466f363a47,76048420,152064840,456194520,76048420,16000,0,0,0,0,9,,,1404083
C-directory,payload_unicode_long_record,os_cache_warm,16000,16000,9cdc1d1db9f219b3dcac3cb08df6a977104a9f8a204e6adc240371466f363a47,76048420,76032420,228097260,76048420,16000,0,0,0,3980524,10,,,793146
C-structural,payload_unicode_long_record,os_cache_warm,16000,16000,9cdc1d1db9f219b3dcac3cb08df6a977104a9f8a204e6adc240371466f363a47,76048420,76032420,228097260,76048420,16000,0,0,0,5292633,10,,,793931
A0,payload_unicode_long_record,os_cache_warm,16000,16000,9cdc1d1db9f219b3dcac3cb08df6a977104a9f8a204e6adc240371466f363a47,76048420,152064840,456194520,76048420,16000,0,0,0,0,10,,,1413995
A1,payload_unicode_long_record,os_cache_warm,16000,16000,9cdc1d1db9f219b3dcac3cb08df6a977104a9f8a204e6adc240371466f363a47,76048420,76032420,228097260,76048420,16000,0,0,0,0,10,123,284,855067
C-structural,payload_unicode_long_record,os_cache_warm,16000,16000,9cdc1d1db9f219b3dcac3cb08df6a977104a9f8a204e6adc240371466f363a47,76048420,76032420,228097260,76048420,16000,0,0,0,5292633,11,,,788049
A0,payload_unicode_long_record,os_cache_warm,16000,16000,9cdc1d1db9f219b3dcac3cb08df6a977104a9f8a204e6adc240371466f363a47,76048420,152064840,456194520,76048420,16000,0,0,0,0,11,,,1798435
A1,payload_unicode_long_record,os_cache_warm,16000,16000,9cdc1d1db9f219b3dcac3cb08df6a977104a9f8a204e6adc240371466f363a47,76048420,76032420,228097260,76048420,16000,0,0,0,0,11,163,432,715075
C-directory,payload_unicode_long_record,os_cache_warm,16000,16000,9cdc1d1db9f219b3dcac3cb08df6a977104a9f8a204e6adc240371466f363a47,76048420,76032420,228097260,76048420,16000,0,0,0,3980524,11,,,780848
A0,payload_unicode_long_record,os_cache_warm,16000,16000,9cdc1d1db9f219b3dcac3cb08df6a977104a9f8a204e6adc240371466f363a47,76048420,152064840,456194520,76048420,16000,0,0,0,0,12,,,1478778
A1,payload_unicode_long_record,os_cache_warm,16000,16000,9cdc1d1db9f219b3dcac3cb08df6a977104a9f8a204e6adc240371466f363a47,76048420,76032420,228097260,76048420,16000,0,0,0,0,12,159,353,803125
C-directory,payload_unicode_long_record,os_cache_warm,16000,16000,9cdc1d1db9f219b3dcac3cb08df6a977104a9f8a204e6adc240371466f363a47,76048420,76032420,228097260,76048420,16000,0,0,0,3980524,12,,,797844
C-structural,payload_unicode_long_record,os_cache_warm,16000,16000,9cdc1d1db9f219b3dcac3cb08df6a977104a9f8a204e6adc240371466f363a47,76048420,76032420,228097260,76048420,16000,0,0,0,5292633,12,,,801928
A1,payload_unicode_long_record,os_cache_warm,16000,16000,9cdc1d1db9f219b3dcac3cb08df6a977104a9f8a204e6adc240371466f363a47,76048420,76032420,228097260,76048420,16000,0,0,0,0,13,130,320,745586
C-directory,payload_unicode_long_record,os_cache_warm,16000,16000,9cdc1d1db9f219b3dcac3cb08df6a977104a9f8a204e6adc240371466f363a47,76048420,76032420,228097260,76048420,16000,0,0,0,3980524,13,,,784479
C-structural,payload_unicode_long_record,os_cache_warm,16000,16000,9cdc1d1db9f219b3dcac3cb08df6a977104a9f8a204e6adc240371466f363a47,76048420,76032420,228097260,76048420,16000,0,0,0,5292633,13,,,828731
A0,payload_unicode_long_record,os_cache_warm,16000,16000,9cdc1d1db9f219b3dcac3cb08df6a977104a9f8a204e6adc240371466f363a47,76048420,152064840,456194520,76048420,16000,0,0,0,0,13,,,1531371
C-directory,payload_unicode_long_record,os_cache_warm,16000,16000,9cdc1d1db9f219b3dcac3cb08df6a977104a9f8a204e6adc240371466f363a47,76048420,76032420,228097260,76048420,16000,0,0,0,3980524,14,,,819823
C-structural,payload_unicode_long_record,os_cache_warm,16000,16000,9cdc1d1db9f219b3dcac3cb08df6a977104a9f8a204e6adc240371466f363a47,76048420,76032420,228097260,76048420,16000,0,0,0,5292633,14,,,786163
A0,payload_unicode_long_record,os_cache_warm,16000,16000,9cdc1d1db9f219b3dcac3cb08df6a977104a9f8a204e6adc240371466f363a47,76048420,152064840,456194520,76048420,16000,0,0,0,0,14,,,1422108
A1,payload_unicode_long_record,os_cache_warm,16000,16000,9cdc1d1db9f219b3dcac3cb08df6a977104a9f8a204e6adc240371466f363a47,76048420,76032420,228097260,76048420,16000,0,0,0,0,14,122,329,813589
C-structural,payload_unicode_long_record,os_cache_warm,16000,16000,9cdc1d1db9f219b3dcac3cb08df6a977104a9f8a204e6adc240371466f363a47,76048420,76032420,228097260,76048420,16000,0,0,0,5292633,15,,,800989
A0,payload_unicode_long_record,os_cache_warm,16000,16000,9cdc1d1db9f219b3dcac3cb08df6a977104a9f8a204e6adc240371466f363a47,76048420,152064840,456194520,76048420,16000,0,0,0,0,15,,,1478072
A1,payload_unicode_long_record,os_cache_warm,16000,16000,9cdc1d1db9f219b3dcac3cb08df6a977104a9f8a204e6adc240371466f363a47,76048420,76032420,228097260,76048420,16000,0,0,0,0,15,166,395,827493
C-directory,payload_unicode_long_record,os_cache_warm,16000,16000,9cdc1d1db9f219b3dcac3cb08df6a977104a9f8a204e6adc240371466f363a47,76048420,76032420,228097260,76048420,16000,0,0,0,3980524,15,,,821325
A0,payload_unicode_long_record,os_cache_warm,16000,16000,9cdc1d1db9f219b3dcac3cb08df6a977104a9f8a204e6adc240371466f363a47,76048420,152064840,456194520,76048420,16000,0,0,0,0,16,,,1486413
A1,payload_unicode_long_record,os_cache_warm,16000,16000,9cdc1d1db9f219b3dcac3cb08df6a977104a9f8a204e6adc240371466f363a47,76048420,76032420,228097260,76048420,16000,0,0,0,0,16,136,313,834946
C-directory,payload_unicode_long_record,os_cache_warm,16000,16000,9cdc1d1db9f219b3dcac3cb08df6a977104a9f8a204e6adc240371466f363a47,76048420,76032420,228097260,76048420,16000,0,0,0,3980524,16,,,802460
C-structural,payload_unicode_long_record,os_cache_warm,16000,16000,9cdc1d1db9f219b3dcac3cb08df6a977104a9f8a204e6adc240371466f363a47,76048420,76032420,228097260,76048420,16000,0,0,0,5292633,16,,,815661
A1,payload_unicode_long_record,os_cache_warm,16000,16000,9cdc1d1db9f219b3dcac3cb08df6a977104a9f8a204e6adc240371466f363a47,76048420,76032420,228097260,76048420,16000,0,0,0,0,17,123,295,731573
C-directory,payload_unicode_long_record,os_cache_warm,16000,16000,9cdc1d1db9f219b3dcac3cb08df6a977104a9f8a204e6adc240371466f363a47,76048420,76032420,228097260,76048420,16000,0,0,0,3980524,17,,,793788
C-structural,payload_unicode_long_record,os_cache_warm,16000,16000,9cdc1d1db9f219b3dcac3cb08df6a977104a9f8a204e6adc240371466f363a47,76048420,76032420,228097260,76048420,16000,0,0,0,5292633,17,,,795877
A0,payload_unicode_long_record,os_cache_warm,16000,16000,9cdc1d1db9f219b3dcac3cb08df6a977104a9f8a204e6adc240371466f363a47,76048420,152064840,456194520,76048420,16000,0,0,0,0,17,,,1539749
C-directory,payload_unicode_long_record,os_cache_warm,16000,16000,9cdc1d1db9f219b3dcac3cb08df6a977104a9f8a204e6adc240371466f363a47,76048420,76032420,228097260,76048420,16000,0,0,0,3980524,18,,,786170
C-structural,payload_unicode_long_record,os_cache_warm,16000,16000,9cdc1d1db9f219b3dcac3cb08df6a977104a9f8a204e6adc240371466f363a47,76048420,76032420,228097260,76048420,16000,0,0,0,5292633,18,,,778793
A0,payload_unicode_long_record,os_cache_warm,16000,16000,9cdc1d1db9f219b3dcac3cb08df6a977104a9f8a204e6adc240371466f363a47,76048420,152064840,456194520,76048420,16000,0,0,0,0,18,,,1649543
A1,payload_unicode_long_record,os_cache_warm,16000,16000,9cdc1d1db9f219b3dcac3cb08df6a977104a9f8a204e6adc240371466f363a47,76048420,76032420,228097260,76048420,16000,0,0,0,0,18,169,395,831006
C-structural,payload_unicode_long_record,os_cache_warm,16000,16000,9cdc1d1db9f219b3dcac3cb08df6a977104a9f8a204e6adc240371466f363a47,76048420,76032420,228097260,76048420,16000,0,0,0,5292633,19,,,801226
A0,payload_unicode_long_record,os_cache_warm,16000,16000,9cdc1d1db9f219b3dcac3cb08df6a977104a9f8a204e6adc240371466f363a47,76048420,152064840,456194520,76048420,16000,0,0,0,0,19,,,1452817
A1,payload_unicode_long_record,os_cache_warm,16000,16000,9cdc1d1db9f219b3dcac3cb08df6a977104a9f8a204e6adc240371466f363a47,76048420,76032420,228097260,76048420,16000,0,0,0,0,19,135,313,714585
C-directory,payload_unicode_long_record,os_cache_warm,16000,16000,9cdc1d1db9f219b3dcac3cb08df6a977104a9f8a204e6adc240371466f363a47,76048420,76032420,228097260,76048420,16000,0,0,0,3980524,19,,,786061
A0,reference_heavy,os_cache_warm,16000,256000,a97419c018bfb105b958224738fb7e326dd996547574f1e1e6ef5a9c3e640fd5,21283778,42535556,127606668,21283778,16000,0,256000,0,0,0,,,885555
A1,reference_heavy,os_cache_warm,16000,256000,a97419c018bfb105b958224738fb7e326dd996547574f1e1e6ef5a9c3e640fd5,21283778,21267778,63803334,21283778,16000,0,256000,0,0,0,150,376,412913
C-directory,reference_heavy,os_cache_warm,16000,256000,a97419c018bfb105b958224738fb7e326dd996547574f1e1e6ef5a9c3e640fd5,21283778,21267778,63803334,21283778,16000,0,256000,0,4068894,0,,,623431
C-structural,reference_heavy,os_cache_warm,16000,256000,a97419c018bfb105b958224738fb7e326dd996547574f1e1e6ef5a9c3e640fd5,21283778,21267778,63803334,21283778,16000,0,256000,0,60133002,0,,,614434
A1,reference_heavy,os_cache_warm,16000,256000,a97419c018bfb105b958224738fb7e326dd996547574f1e1e6ef5a9c3e640fd5,21283778,21267778,63803334,21283778,16000,0,256000,0,0,1,165,385,405408
C-directory,reference_heavy,os_cache_warm,16000,256000,a97419c018bfb105b958224738fb7e326dd996547574f1e1e6ef5a9c3e640fd5,21283778,21267778,63803334,21283778,16000,0,256000,0,4068894,1,,,624245
C-structural,reference_heavy,os_cache_warm,16000,256000,a97419c018bfb105b958224738fb7e326dd996547574f1e1e6ef5a9c3e640fd5,21283778,21267778,63803334,21283778,16000,0,256000,0,60133002,1,,,630810
A0,reference_heavy,os_cache_warm,16000,256000,a97419c018bfb105b958224738fb7e326dd996547574f1e1e6ef5a9c3e640fd5,21283778,42535556,127606668,21283778,16000,0,256000,0,0,1,,,900048
C-directory,reference_heavy,os_cache_warm,16000,256000,a97419c018bfb105b958224738fb7e326dd996547574f1e1e6ef5a9c3e640fd5,21283778,21267778,63803334,21283778,16000,0,256000,0,4068894,2,,,605403
C-structural,reference_heavy,os_cache_warm,16000,256000,a97419c018bfb105b958224738fb7e326dd996547574f1e1e6ef5a9c3e640fd5,21283778,21267778,63803334,21283778,16000,0,256000,0,60133002,2,,,606342
A0,reference_heavy,os_cache_warm,16000,256000,a97419c018bfb105b958224738fb7e326dd996547574f1e1e6ef5a9c3e640fd5,21283778,42535556,127606668,21283778,16000,0,256000,0,0,2,,,871017
A1,reference_heavy,os_cache_warm,16000,256000,a97419c018bfb105b958224738fb7e326dd996547574f1e1e6ef5a9c3e640fd5,21283778,21267778,63803334,21283778,16000,0,256000,0,0,2,134,342,405531
C-structural,reference_heavy,os_cache_warm,16000,256000,a97419c018bfb105b958224738fb7e326dd996547574f1e1e6ef5a9c3e640fd5,21283778,21267778,63803334,21283778,16000,0,256000,0,60133002,3,,,591047
A0,reference_heavy,os_cache_warm,16000,256000,a97419c018bfb105b958224738fb7e326dd996547574f1e1e6ef5a9c3e640fd5,21283778,42535556,127606668,21283778,16000,0,256000,0,0,3,,,873481
A1,reference_heavy,os_cache_warm,16000,256000,a97419c018bfb105b958224738fb7e326dd996547574f1e1e6ef5a9c3e640fd5,21283778,21267778,63803334,21283778,16000,0,256000,0,0,3,134,338,404888
C-directory,reference_heavy,os_cache_warm,16000,256000,a97419c018bfb105b958224738fb7e326dd996547574f1e1e6ef5a9c3e640fd5,21283778,21267778,63803334,21283778,16000,0,256000,0,4068894,3,,,600195
A0,reference_heavy,os_cache_warm,16000,256000,a97419c018bfb105b958224738fb7e326dd996547574f1e1e6ef5a9c3e640fd5,21283778,42535556,127606668,21283778,16000,0,256000,0,0,4,,,864945
A1,reference_heavy,os_cache_warm,16000,256000,a97419c018bfb105b958224738fb7e326dd996547574f1e1e6ef5a9c3e640fd5,21283778,21267778,63803334,21283778,16000,0,256000,0,0,4,126,321,403581
C-directory,reference_heavy,os_cache_warm,16000,256000,a97419c018bfb105b958224738fb7e326dd996547574f1e1e6ef5a9c3e640fd5,21283778,21267778,63803334,21283778,16000,0,256000,0,4068894,4,,,604299
C-structural,reference_heavy,os_cache_warm,16000,256000,a97419c018bfb105b958224738fb7e326dd996547574f1e1e6ef5a9c3e640fd5,21283778,21267778,63803334,21283778,16000,0,256000,0,60133002,4,,,752872
A1,reference_heavy,os_cache_warm,16000,256000,a97419c018bfb105b958224738fb7e326dd996547574f1e1e6ef5a9c3e640fd5,21283778,21267778,63803334,21283778,16000,0,256000,0,0,5,255,542,533550
C-directory,reference_heavy,os_cache_warm,16000,256000,a97419c018bfb105b958224738fb7e326dd996547574f1e1e6ef5a9c3e640fd5,21283778,21267778,63803334,21283778,16000,0,256000,0,4068894,5,,,597998
C-structural,reference_heavy,os_cache_warm,16000,256000,a97419c018bfb105b958224738fb7e326dd996547574f1e1e6ef5a9c3e640fd5,21283778,21267778,63803334,21283778,16000,0,256000,0,60133002,5,,,592052
A0,reference_heavy,os_cache_warm,16000,256000,a97419c018bfb105b958224738fb7e326dd996547574f1e1e6ef5a9c3e640fd5,21283778,42535556,127606668,21283778,16000,0,256000,0,0,5,,,854264
C-directory,reference_heavy,os_cache_warm,16000,256000,a97419c018bfb105b958224738fb7e326dd996547574f1e1e6ef5a9c3e640fd5,21283778,21267778,63803334,21283778,16000,0,256000,0,4068894,6,,,723834
C-structural,reference_heavy,os_cache_warm,16000,256000,a97419c018bfb105b958224738fb7e326dd996547574f1e1e6ef5a9c3e640fd5,21283778,21267778,63803334,21283778,16000,0,256000,0,60133002,6,,,623062
A0,reference_heavy,os_cache_warm,16000,256000,a97419c018bfb105b958224738fb7e326dd996547574f1e1e6ef5a9c3e640fd5,21283778,42535556,127606668,21283778,16000,0,256000,0,0,6,,,899919
A1,reference_heavy,os_cache_warm,16000,256000,a97419c018bfb105b958224738fb7e326dd996547574f1e1e6ef5a9c3e640fd5,21283778,21267778,63803334,21283778,16000,0,256000,0,0,6,14361,14633,471778
C-structural,reference_heavy,os_cache_warm,16000,256000,a97419c018bfb105b958224738fb7e326dd996547574f1e1e6ef5a9c3e640fd5,21283778,21267778,63803334,21283778,16000,0,256000,0,60133002,7,,,635559
A0,reference_heavy,os_cache_warm,16000,256000,a97419c018bfb105b958224738fb7e326dd996547574f1e1e6ef5a9c3e640fd5,21283778,42535556,127606668,21283778,16000,0,256000,0,0,7,,,928398
A1,reference_heavy,os_cache_warm,16000,256000,a97419c018bfb105b958224738fb7e326dd996547574f1e1e6ef5a9c3e640fd5,21283778,21267778,63803334,21283778,16000,0,256000,0,0,7,126,349,423065
C-directory,reference_heavy,os_cache_warm,16000,256000,a97419c018bfb105b958224738fb7e326dd996547574f1e1e6ef5a9c3e640fd5,21283778,21267778,63803334,21283778,16000,0,256000,0,4068894,7,,,611260
A0,reference_heavy,os_cache_warm,16000,256000,a97419c018bfb105b958224738fb7e326dd996547574f1e1e6ef5a9c3e640fd5,21283778,42535556,127606668,21283778,16000,0,256000,0,0,8,,,853148
A1,reference_heavy,os_cache_warm,16000,256000,a97419c018bfb105b958224738fb7e326dd996547574f1e1e6ef5a9c3e640fd5,21283778,21267778,63803334,21283778,16000,0,256000,0,0,8,132,327,402135
C-directory,reference_heavy,os_cache_warm,16000,256000,a97419c018bfb105b958224738fb7e326dd996547574f1e1e6ef5a9c3e640fd5,21283778,21267778,63803334,21283778,16000,0,256000,0,4068894,8,,,618103
C-structural,reference_heavy,os_cache_warm,16000,256000,a97419c018bfb105b958224738fb7e326dd996547574f1e1e6ef5a9c3e640fd5,21283778,21267778,63803334,21283778,16000,0,256000,0,60133002,8,,,594509
A1,reference_heavy,os_cache_warm,16000,256000,a97419c018bfb105b958224738fb7e326dd996547574f1e1e6ef5a9c3e640fd5,21283778,21267778,63803334,21283778,16000,0,256000,0,0,9,135,333,406531
C-directory,reference_heavy,os_cache_warm,16000,256000,a97419c018bfb105b958224738fb7e326dd996547574f1e1e6ef5a9c3e640fd5,21283778,21267778,63803334,21283778,16000,0,256000,0,4068894,9,,,595987
C-structural,reference_heavy,os_cache_warm,16000,256000,a97419c018bfb105b958224738fb7e326dd996547574f1e1e6ef5a9c3e640fd5,21283778,21267778,63803334,21283778,16000,0,256000,0,60133002,9,,,599694
A0,reference_heavy,os_cache_warm,16000,256000,a97419c018bfb105b958224738fb7e326dd996547574f1e1e6ef5a9c3e640fd5,21283778,42535556,127606668,21283778,16000,0,256000,0,0,9,,,844224
C-directory,reference_heavy,os_cache_warm,16000,256000,a97419c018bfb105b958224738fb7e326dd996547574f1e1e6ef5a9c3e640fd5,21283778,21267778,63803334,21283778,16000,0,256000,0,4068894,10,,,603521
C-structural,reference_heavy,os_cache_warm,16000,256000,a97419c018bfb105b958224738fb7e326dd996547574f1e1e6ef5a9c3e640fd5,21283778,21267778,63803334,21283778,16000,0,256000,0,60133002,10,,,613268
A0,reference_heavy,os_cache_warm,16000,256000,a97419c018bfb105b958224738fb7e326dd996547574f1e1e6ef5a9c3e640fd5,21283778,42535556,127606668,21283778,16000,0,256000,0,0,10,,,879176
A1,reference_heavy,os_cache_warm,16000,256000,a97419c018bfb105b958224738fb7e326dd996547574f1e1e6ef5a9c3e640fd5,21283778,21267778,63803334,21283778,16000,0,256000,0,0,10,138,356,423416
C-structural,reference_heavy,os_cache_warm,16000,256000,a97419c018bfb105b958224738fb7e326dd996547574f1e1e6ef5a9c3e640fd5,21283778,21267778,63803334,21283778,16000,0,256000,0,60133002,11,,,608043
A0,reference_heavy,os_cache_warm,16000,256000,a97419c018bfb105b958224738fb7e326dd996547574f1e1e6ef5a9c3e640fd5,21283778,42535556,127606668,21283778,16000,0,256000,0,0,11,,,871040
A1,reference_heavy,os_cache_warm,16000,256000,a97419c018bfb105b958224738fb7e326dd996547574f1e1e6ef5a9c3e640fd5,21283778,21267778,63803334,21283778,16000,0,256000,0,0,11,134,345,418632
C-directory,reference_heavy,os_cache_warm,16000,256000,a97419c018bfb105b958224738fb7e326dd996547574f1e1e6ef5a9c3e640fd5,21283778,21267778,63803334,21283778,16000,0,256000,0,4068894,11,,,800037
A0,reference_heavy,os_cache_warm,16000,256000,a97419c018bfb105b958224738fb7e326dd996547574f1e1e6ef5a9c3e640fd5,21283778,42535556,127606668,21283778,16000,0,256000,0,0,12,,,889621
A1,reference_heavy,os_cache_warm,16000,256000,a97419c018bfb105b958224738fb7e326dd996547574f1e1e6ef5a9c3e640fd5,21283778,21267778,63803334,21283778,16000,0,256000,0,0,12,177,422,431783
C-directory,reference_heavy,os_cache_warm,16000,256000,a97419c018bfb105b958224738fb7e326dd996547574f1e1e6ef5a9c3e640fd5,21283778,21267778,63803334,21283778,16000,0,256000,0,4068894,12,,,623945
C-structural,reference_heavy,os_cache_warm,16000,256000,a97419c018bfb105b958224738fb7e326dd996547574f1e1e6ef5a9c3e640fd5,21283778,21267778,63803334,21283778,16000,0,256000,0,60133002,12,,,640248
A1,reference_heavy,os_cache_warm,16000,256000,a97419c018bfb105b958224738fb7e326dd996547574f1e1e6ef5a9c3e640fd5,21283778,21267778,63803334,21283778,16000,0,256000,0,0,13,168,413,434271
C-directory,reference_heavy,os_cache_warm,16000,256000,a97419c018bfb105b958224738fb7e326dd996547574f1e1e6ef5a9c3e640fd5,21283778,21267778,63803334,21283778,16000,0,256000,0,4068894,13,,,607844
C-structural,reference_heavy,os_cache_warm,16000,256000,a97419c018bfb105b958224738fb7e326dd996547574f1e1e6ef5a9c3e640fd5,21283778,21267778,63803334,21283778,16000,0,256000,0,60133002,13,,,614404
A0,reference_heavy,os_cache_warm,16000,256000,a97419c018bfb105b958224738fb7e326dd996547574f1e1e6ef5a9c3e640fd5,21283778,42535556,127606668,21283778,16000,0,256000,0,0,13,,,907068
C-directory,reference_heavy,os_cache_warm,16000,256000,a97419c018bfb105b958224738fb7e326dd996547574f1e1e6ef5a9c3e640fd5,21283778,21267778,63803334,21283778,16000,0,256000,0,4068894,14,,,627880
C-structural,reference_heavy,os_cache_warm,16000,256000,a97419c018bfb105b958224738fb7e326dd996547574f1e1e6ef5a9c3e640fd5,21283778,21267778,63803334,21283778,16000,0,256000,0,60133002,14,,,619920
A0,reference_heavy,os_cache_warm,16000,256000,a97419c018bfb105b958224738fb7e326dd996547574f1e1e6ef5a9c3e640fd5,21283778,42535556,127606668,21283778,16000,0,256000,0,0,14,,,891554
A1,reference_heavy,os_cache_warm,16000,256000,a97419c018bfb105b958224738fb7e326dd996547574f1e1e6ef5a9c3e640fd5,21283778,21267778,63803334,21283778,16000,0,256000,0,0,14,171,371,417057
C-structural,reference_heavy,os_cache_warm,16000,256000,a97419c018bfb105b958224738fb7e326dd996547574f1e1e6ef5a9c3e640fd5,21283778,21267778,63803334,21283778,16000,0,256000,0,60133002,15,,,596422
A0,reference_heavy,os_cache_warm,16000,256000,a97419c018bfb105b958224738fb7e326dd996547574f1e1e6ef5a9c3e640fd5,21283778,42535556,127606668,21283778,16000,0,256000,0,0,15,,,853448
A1,reference_heavy,os_cache_warm,16000,256000,a97419c018bfb105b958224738fb7e326dd996547574f1e1e6ef5a9c3e640fd5,21283778,21267778,63803334,21283778,16000,0,256000,0,0,15,120,321,417696
C-directory,reference_heavy,os_cache_warm,16000,256000,a97419c018bfb105b958224738fb7e326dd996547574f1e1e6ef5a9c3e640fd5,21283778,21267778,63803334,21283778,16000,0,256000,0,4068894,15,,,820361
A0,reference_heavy,os_cache_warm,16000,256000,a97419c018bfb105b958224738fb7e326dd996547574f1e1e6ef5a9c3e640fd5,21283778,42535556,127606668,21283778,16000,0,256000,0,0,16,,,850897
A1,reference_heavy,os_cache_warm,16000,256000,a97419c018bfb105b958224738fb7e326dd996547574f1e1e6ef5a9c3e640fd5,21283778,21267778,63803334,21283778,16000,0,256000,0,0,16,131,340,406178
C-directory,reference_heavy,os_cache_warm,16000,256000,a97419c018bfb105b958224738fb7e326dd996547574f1e1e6ef5a9c3e640fd5,21283778,21267778,63803334,21283778,16000,0,256000,0,4068894,16,,,594555
C-structural,reference_heavy,os_cache_warm,16000,256000,a97419c018bfb105b958224738fb7e326dd996547574f1e1e6ef5a9c3e640fd5,21283778,21267778,63803334,21283778,16000,0,256000,0,60133002,16,,,596689
A1,reference_heavy,os_cache_warm,16000,256000,a97419c018bfb105b958224738fb7e326dd996547574f1e1e6ef5a9c3e640fd5,21283778,21267778,63803334,21283778,16000,0,256000,0,0,17,133,332,413317
C-directory,reference_heavy,os_cache_warm,16000,256000,a97419c018bfb105b958224738fb7e326dd996547574f1e1e6ef5a9c3e640fd5,21283778,21267778,63803334,21283778,16000,0,256000,0,4068894,17,,,604459
C-structural,reference_heavy,os_cache_warm,16000,256000,a97419c018bfb105b958224738fb7e326dd996547574f1e1e6ef5a9c3e640fd5,21283778,21267778,63803334,21283778,16000,0,256000,0,60133002,17,,,606988
A0,reference_heavy,os_cache_warm,16000,256000,a97419c018bfb105b958224738fb7e326dd996547574f1e1e6ef5a9c3e640fd5,21283778,42535556,127606668,21283778,16000,0,256000,0,0,17,,,1009016
C-directory,reference_heavy,os_cache_warm,16000,256000,a97419c018bfb105b958224738fb7e326dd996547574f1e1e6ef5a9c3e640fd5,21283778,21267778,63803334,21283778,16000,0,256000,0,4068894,18,,,623776
C-structural,reference_heavy,os_cache_warm,16000,256000,a97419c018bfb105b958224738fb7e326dd996547574f1e1e6ef5a9c3e640fd5,21283778,21267778,63803334,21283778,16000,0,256000,0,60133002,18,,,621851
A0,reference_heavy,os_cache_warm,16000,256000,a97419c018bfb105b958224738fb7e326dd996547574f1e1e6ef5a9c3e640fd5,21283778,42535556,127606668,21283778,16000,0,256000,0,0,18,,,894785
A1,reference_heavy,os_cache_warm,16000,256000,a97419c018bfb105b958224738fb7e326dd996547574f1e1e6ef5a9c3e640fd5,21283778,21267778,63803334,21283778,16000,0,256000,0,0,18,131,399,434321
C-structural,reference_heavy,os_cache_warm,16000,256000,a97419c018bfb105b958224738fb7e326dd996547574f1e1e6ef5a9c3e640fd5,21283778,21267778,63803334,21283778,16000,0,256000,0,60133002,19,,,646499
A0,reference_heavy,os_cache_warm,16000,256000,a97419c018bfb105b958224738fb7e326dd996547574f1e1e6ef5a9c3e640fd5,21283778,42535556,127606668,21283778,16000,0,256000,0,0,19,,,992492
A1,reference_heavy,os_cache_warm,16000,256000,a97419c018bfb105b958224738fb7e326dd996547574f1e1e6ef5a9c3e640fd5,21283778,21267778,63803334,21283778,16000,0,256000,0,0,19,123,336,409719
C-directory,reference_heavy,os_cache_warm,16000,256000,a97419c018bfb105b958224738fb7e326dd996547574f1e1e6ef5a9c3e640fd5,21283778,21267778,63803334,21283778,16000,0,256000,0,4068894,19,,,599211
A0,formula_edge_heavy,os_cache_warm,16000,32000,6ca4c3216cb4633241269d5a6bd8666d6fcd81e3e50f4828c87618b73cc95054,32512573,64993146,194979438,32512573,16000,496000,0,256000,0,0,,,1428915
A1,formula_edge_heavy,os_cache_warm,16000,32000,6ca4c3216cb4633241269d5a6bd8666d6fcd81e3e50f4828c87618b73cc95054,32512573,32496573,97489719,32512573,16000,496000,0,256000,0,0,150,409,843241
C-directory,formula_edge_heavy,os_cache_warm,16000,32000,6ca4c3216cb4633241269d5a6bd8666d6fcd81e3e50f4828c87618b73cc95054,32512573,32496573,97489719,32512573,16000,496000,0,256000,3975601,0,,,831555
C-structural,formula_edge_heavy,os_cache_warm,16000,32000,6ca4c3216cb4633241269d5a6bd8666d6fcd81e3e50f4828c87618b73cc95054,32512573,32496573,97489719,32512573,16000,496000,0,256000,38391708,0,,,953645
A1,formula_edge_heavy,os_cache_warm,16000,32000,6ca4c3216cb4633241269d5a6bd8666d6fcd81e3e50f4828c87618b73cc95054,32512573,32496573,97489719,32512573,16000,496000,0,256000,0,1,174,394,779496
C-directory,formula_edge_heavy,os_cache_warm,16000,32000,6ca4c3216cb4633241269d5a6bd8666d6fcd81e3e50f4828c87618b73cc95054,32512573,32496573,97489719,32512573,16000,496000,0,256000,3975601,1,,,938317
C-structural,formula_edge_heavy,os_cache_warm,16000,32000,6ca4c3216cb4633241269d5a6bd8666d6fcd81e3e50f4828c87618b73cc95054,32512573,32496573,97489719,32512573,16000,496000,0,256000,38391708,1,,,997677
A0,formula_edge_heavy,os_cache_warm,16000,32000,6ca4c3216cb4633241269d5a6bd8666d6fcd81e3e50f4828c87618b73cc95054,32512573,64993146,194979438,32512573,16000,496000,0,256000,0,1,,,1458927
C-directory,formula_edge_heavy,os_cache_warm,16000,32000,6ca4c3216cb4633241269d5a6bd8666d6fcd81e3e50f4828c87618b73cc95054,32512573,32496573,97489719,32512573,16000,496000,0,256000,3975601,2,,,894646
C-structural,formula_edge_heavy,os_cache_warm,16000,32000,6ca4c3216cb4633241269d5a6bd8666d6fcd81e3e50f4828c87618b73cc95054,32512573,32496573,97489719,32512573,16000,496000,0,256000,38391708,2,,,987163
A0,formula_edge_heavy,os_cache_warm,16000,32000,6ca4c3216cb4633241269d5a6bd8666d6fcd81e3e50f4828c87618b73cc95054,32512573,64993146,194979438,32512573,16000,496000,0,256000,0,2,,,1551447
A1,formula_edge_heavy,os_cache_warm,16000,32000,6ca4c3216cb4633241269d5a6bd8666d6fcd81e3e50f4828c87618b73cc95054,32512573,32496573,97489719,32512573,16000,496000,0,256000,0,2,148,346,726014
C-structural,formula_edge_heavy,os_cache_warm,16000,32000,6ca4c3216cb4633241269d5a6bd8666d6fcd81e3e50f4828c87618b73cc95054,32512573,32496573,97489719,32512573,16000,496000,0,256000,38391708,3,,,953097
A0,formula_edge_heavy,os_cache_warm,16000,32000,6ca4c3216cb4633241269d5a6bd8666d6fcd81e3e50f4828c87618b73cc95054,32512573,64993146,194979438,32512573,16000,496000,0,256000,0,3,,,1470797
A1,formula_edge_heavy,os_cache_warm,16000,32000,6ca4c3216cb4633241269d5a6bd8666d6fcd81e3e50f4828c87618b73cc95054,32512573,32496573,97489719,32512573,16000,496000,0,256000,0,3,221,456,785172
C-directory,formula_edge_heavy,os_cache_warm,16000,32000,6ca4c3216cb4633241269d5a6bd8666d6fcd81e3e50f4828c87618b73cc95054,32512573,32496573,97489719,32512573,16000,496000,0,256000,3975601,3,,,842371
A0,formula_edge_heavy,os_cache_warm,16000,32000,6ca4c3216cb4633241269d5a6bd8666d6fcd81e3e50f4828c87618b73cc95054,32512573,64993146,194979438,32512573,16000,496000,0,256000,0,4,,,1465358
A1,formula_edge_heavy,os_cache_warm,16000,32000,6ca4c3216cb4633241269d5a6bd8666d6fcd81e3e50f4828c87618b73cc95054,32512573,32496573,97489719,32512573,16000,496000,0,256000,0,4,146,322,727181
C-directory,formula_edge_heavy,os_cache_warm,16000,32000,6ca4c3216cb4633241269d5a6bd8666d6fcd81e3e50f4828c87618b73cc95054,32512573,32496573,97489719,32512573,16000,496000,0,256000,3975601,4,,,856657
C-structural,formula_edge_heavy,os_cache_warm,16000,32000,6ca4c3216cb4633241269d5a6bd8666d6fcd81e3e50f4828c87618b73cc95054,32512573,32496573,97489719,32512573,16000,496000,0,256000,38391708,4,,,999825
A1,formula_edge_heavy,os_cache_warm,16000,32000,6ca4c3216cb4633241269d5a6bd8666d6fcd81e3e50f4828c87618b73cc95054,32512573,32496573,97489719,32512573,16000,496000,0,256000,0,5,137,337,730514
C-directory,formula_edge_heavy,os_cache_warm,16000,32000,6ca4c3216cb4633241269d5a6bd8666d6fcd81e3e50f4828c87618b73cc95054,32512573,32496573,97489719,32512573,16000,496000,0,256000,3975601,5,,,938977
C-structural,formula_edge_heavy,os_cache_warm,16000,32000,6ca4c3216cb4633241269d5a6bd8666d6fcd81e3e50f4828c87618b73cc95054,32512573,32496573,97489719,32512573,16000,496000,0,256000,38391708,5,,,983073
A0,formula_edge_heavy,os_cache_warm,16000,32000,6ca4c3216cb4633241269d5a6bd8666d6fcd81e3e50f4828c87618b73cc95054,32512573,64993146,194979438,32512573,16000,496000,0,256000,0,5,,,1713356
C-directory,formula_edge_heavy,os_cache_warm,16000,32000,6ca4c3216cb4633241269d5a6bd8666d6fcd81e3e50f4828c87618b73cc95054,32512573,32496573,97489719,32512573,16000,496000,0,256000,3975601,6,,,1016499
C-structural,formula_edge_heavy,os_cache_warm,16000,32000,6ca4c3216cb4633241269d5a6bd8666d6fcd81e3e50f4828c87618b73cc95054,32512573,32496573,97489719,32512573,16000,496000,0,256000,38391708,6,,,1093366
A0,formula_edge_heavy,os_cache_warm,16000,32000,6ca4c3216cb4633241269d5a6bd8666d6fcd81e3e50f4828c87618b73cc95054,32512573,64993146,194979438,32512573,16000,496000,0,256000,0,6,,,1747278
A1,formula_edge_heavy,os_cache_warm,16000,32000,6ca4c3216cb4633241269d5a6bd8666d6fcd81e3e50f4828c87618b73cc95054,32512573,32496573,97489719,32512573,16000,496000,0,256000,0,6,191,403,1322100
C-structural,formula_edge_heavy,os_cache_warm,16000,32000,6ca4c3216cb4633241269d5a6bd8666d6fcd81e3e50f4828c87618b73cc95054,32512573,32496573,97489719,32512573,16000,496000,0,256000,38391708,7,,,1592892
A0,formula_edge_heavy,os_cache_warm,16000,32000,6ca4c3216cb4633241269d5a6bd8666d6fcd81e3e50f4828c87618b73cc95054,32512573,64993146,194979438,32512573,16000,496000,0,256000,0,7,,,1683049
A1,formula_edge_heavy,os_cache_warm,16000,32000,6ca4c3216cb4633241269d5a6bd8666d6fcd81e3e50f4828c87618b73cc95054,32512573,32496573,97489719,32512573,16000,496000,0,256000,0,7,314,545,1109866
C-directory,formula_edge_heavy,os_cache_warm,16000,32000,6ca4c3216cb4633241269d5a6bd8666d6fcd81e3e50f4828c87618b73cc95054,32512573,32496573,97489719,32512573,16000,496000,0,256000,3975601,7,,,985846
A0,formula_edge_heavy,os_cache_warm,16000,32000,6ca4c3216cb4633241269d5a6bd8666d6fcd81e3e50f4828c87618b73cc95054,32512573,64993146,194979438,32512573,16000,496000,0,256000,0,8,,,1464733
A1,formula_edge_heavy,os_cache_warm,16000,32000,6ca4c3216cb4633241269d5a6bd8666d6fcd81e3e50f4828c87618b73cc95054,32512573,32496573,97489719,32512573,16000,496000,0,256000,0,8,203,402,710076
C-directory,formula_edge_heavy,os_cache_warm,16000,32000,6ca4c3216cb4633241269d5a6bd8666d6fcd81e3e50f4828c87618b73cc95054,32512573,32496573,97489719,32512573,16000,496000,0,256000,3975601,8,,,842065
C-structural,formula_edge_heavy,os_cache_warm,16000,32000,6ca4c3216cb4633241269d5a6bd8666d6fcd81e3e50f4828c87618b73cc95054,32512573,32496573,97489719,32512573,16000,496000,0,256000,38391708,8,,,967565
A1,formula_edge_heavy,os_cache_warm,16000,32000,6ca4c3216cb4633241269d5a6bd8666d6fcd81e3e50f4828c87618b73cc95054,32512573,32496573,97489719,32512573,16000,496000,0,256000,0,9,148,320,700865
C-directory,formula_edge_heavy,os_cache_warm,16000,32000,6ca4c3216cb4633241269d5a6bd8666d6fcd81e3e50f4828c87618b73cc95054,32512573,32496573,97489719,32512573,16000,496000,0,256000,3975601,9,,,851940
C-structural,formula_edge_heavy,os_cache_warm,16000,32000,6ca4c3216cb4633241269d5a6bd8666d6fcd81e3e50f4828c87618b73cc95054,32512573,32496573,97489719,32512573,16000,496000,0,256000,38391708,9,,,1051751
A0,formula_edge_heavy,os_cache_warm,16000,32000,6ca4c3216cb4633241269d5a6bd8666d6fcd81e3e50f4828c87618b73cc95054,32512573,64993146,194979438,32512573,16000,496000,0,256000,0,9,,,1642632
C-directory,formula_edge_heavy,os_cache_warm,16000,32000,6ca4c3216cb4633241269d5a6bd8666d6fcd81e3e50f4828c87618b73cc95054,32512573,32496573,97489719,32512573,16000,496000,0,256000,3975601,10,,,857374
C-structural,formula_edge_heavy,os_cache_warm,16000,32000,6ca4c3216cb4633241269d5a6bd8666d6fcd81e3e50f4828c87618b73cc95054,32512573,32496573,97489719,32512573,16000,496000,0,256000,38391708,10,,,989701
A0,formula_edge_heavy,os_cache_warm,16000,32000,6ca4c3216cb4633241269d5a6bd8666d6fcd81e3e50f4828c87618b73cc95054,32512573,64993146,194979438,32512573,16000,496000,0,256000,0,10,,,1479560
A1,formula_edge_heavy,os_cache_warm,16000,32000,6ca4c3216cb4633241269d5a6bd8666d6fcd81e3e50f4828c87618b73cc95054,32512573,32496573,97489719,32512573,16000,496000,0,256000,0,10,92,275,729604
C-structural,formula_edge_heavy,os_cache_warm,16000,32000,6ca4c3216cb4633241269d5a6bd8666d6fcd81e3e50f4828c87618b73cc95054,32512573,32496573,97489719,32512573,16000,496000,0,256000,38391708,11,,,979161
A0,formula_edge_heavy,os_cache_warm,16000,32000,6ca4c3216cb4633241269d5a6bd8666d6fcd81e3e50f4828c87618b73cc95054,32512573,64993146,194979438,32512573,16000,496000,0,256000,0,11,,,1481674
A1,formula_edge_heavy,os_cache_warm,16000,32000,6ca4c3216cb4633241269d5a6bd8666d6fcd81e3e50f4828c87618b73cc95054,32512573,32496573,97489719,32512573,16000,496000,0,256000,0,11,148,355,706883
C-directory,formula_edge_heavy,os_cache_warm,16000,32000,6ca4c3216cb4633241269d5a6bd8666d6fcd81e3e50f4828c87618b73cc95054,32512573,32496573,97489719,32512573,16000,496000,0,256000,3975601,11,,,853257
A0,formula_edge_heavy,os_cache_warm,16000,32000,6ca4c3216cb4633241269d5a6bd8666d6fcd81e3e50f4828c87618b73cc95054,32512573,64993146,194979438,32512573,16000,496000,0,256000,0,12,,,1587958
A1,formula_edge_heavy,os_cache_warm,16000,32000,6ca4c3216cb4633241269d5a6bd8666d6fcd81e3e50f4828c87618b73cc95054,32512573,32496573,97489719,32512573,16000,496000,0,256000,0,12,159,399,699261
C-directory,formula_edge_heavy,os_cache_warm,16000,32000,6ca4c3216cb4633241269d5a6bd8666d6fcd81e3e50f4828c87618b73cc95054,32512573,32496573,97489719,32512573,16000,496000,0,256000,3975601,12,,,884798
C-structural,formula_edge_heavy,os_cache_warm,16000,32000,6ca4c3216cb4633241269d5a6bd8666d6fcd81e3e50f4828c87618b73cc95054,32512573,32496573,97489719,32512573,16000,496000,0,256000,38391708,12,,,1005096
A1,formula_edge_heavy,os_cache_warm,16000,32000,6ca4c3216cb4633241269d5a6bd8666d6fcd81e3e50f4828c87618b73cc95054,32512573,32496573,97489719,32512573,16000,496000,0,256000,0,13,146,330,726554
C-directory,formula_edge_heavy,os_cache_warm,16000,32000,6ca4c3216cb4633241269d5a6bd8666d6fcd81e3e50f4828c87618b73cc95054,32512573,32496573,97489719,32512573,16000,496000,0,256000,3975601,13,,,834072
C-structural,formula_edge_heavy,os_cache_warm,16000,32000,6ca4c3216cb4633241269d5a6bd8666d6fcd81e3e50f4828c87618b73cc95054,32512573,32496573,97489719,32512573,16000,496000,0,256000,38391708,13,,,957833
A0,formula_edge_heavy,os_cache_warm,16000,32000,6ca4c3216cb4633241269d5a6bd8666d6fcd81e3e50f4828c87618b73cc95054,32512573,64993146,194979438,32512573,16000,496000,0,256000,0,13,,,1446069
C-directory,formula_edge_heavy,os_cache_warm,16000,32000,6ca4c3216cb4633241269d5a6bd8666d6fcd81e3e50f4828c87618b73cc95054,32512573,32496573,97489719,32512573,16000,496000,0,256000,3975601,14,,,822484
C-structural,formula_edge_heavy,os_cache_warm,16000,32000,6ca4c3216cb4633241269d5a6bd8666d6fcd81e3e50f4828c87618b73cc95054,32512573,32496573,97489719,32512573,16000,496000,0,256000,38391708,14,,,954607
A0,formula_edge_heavy,os_cache_warm,16000,32000,6ca4c3216cb4633241269d5a6bd8666d6fcd81e3e50f4828c87618b73cc95054,32512573,64993146,194979438,32512573,16000,496000,0,256000,0,14,,,1439952
A1,formula_edge_heavy,os_cache_warm,16000,32000,6ca4c3216cb4633241269d5a6bd8666d6fcd81e3e50f4828c87618b73cc95054,32512573,32496573,97489719,32512573,16000,496000,0,256000,0,14,125,292,701605
C-structural,formula_edge_heavy,os_cache_warm,16000,32000,6ca4c3216cb4633241269d5a6bd8666d6fcd81e3e50f4828c87618b73cc95054,32512573,32496573,97489719,32512573,16000,496000,0,256000,38391708,15,,,960730
A0,formula_edge_heavy,os_cache_warm,16000,32000,6ca4c3216cb4633241269d5a6bd8666d6fcd81e3e50f4828c87618b73cc95054,32512573,64993146,194979438,32512573,16000,496000,0,256000,0,15,,,1439965
A1,formula_edge_heavy,os_cache_warm,16000,32000,6ca4c3216cb4633241269d5a6bd8666d6fcd81e3e50f4828c87618b73cc95054,32512573,32496573,97489719,32512573,16000,496000,0,256000,0,15,129,319,698324
C-directory,formula_edge_heavy,os_cache_warm,16000,32000,6ca4c3216cb4633241269d5a6bd8666d6fcd81e3e50f4828c87618b73cc95054,32512573,32496573,97489719,32512573,16000,496000,0,256000,3975601,15,,,831002
A0,formula_edge_heavy,os_cache_warm,16000,32000,6ca4c3216cb4633241269d5a6bd8666d6fcd81e3e50f4828c87618b73cc95054,32512573,64993146,194979438,32512573,16000,496000,0,256000,0,16,,,1452676
A1,formula_edge_heavy,os_cache_warm,16000,32000,6ca4c3216cb4633241269d5a6bd8666d6fcd81e3e50f4828c87618b73cc95054,32512573,32496573,97489719,32512573,16000,496000,0,256000,0,16,124,295,717079
C-directory,formula_edge_heavy,os_cache_warm,16000,32000,6ca4c3216cb4633241269d5a6bd8666d6fcd81e3e50f4828c87618b73cc95054,32512573,32496573,97489719,32512573,16000,496000,0,256000,3975601,16,,,840743
C-structural,formula_edge_heavy,os_cache_warm,16000,32000,6ca4c3216cb4633241269d5a6bd8666d6fcd81e3e50f4828c87618b73cc95054,32512573,32496573,97489719,32512573,16000,496000,0,256000,38391708,16,,,970489
A1,formula_edge_heavy,os_cache_warm,16000,32000,6ca4c3216cb4633241269d5a6bd8666d6fcd81e3e50f4828c87618b73cc95054,32512573,32496573,97489719,32512573,16000,496000,0,256000,0,17,143,323,699075
C-directory,formula_edge_heavy,os_cache_warm,16000,32000,6ca4c3216cb4633241269d5a6bd8666d6fcd81e3e50f4828c87618b73cc95054,32512573,32496573,97489719,32512573,16000,496000,0,256000,3975601,17,,,822611
C-structural,formula_edge_heavy,os_cache_warm,16000,32000,6ca4c3216cb4633241269d5a6bd8666d6fcd81e3e50f4828c87618b73cc95054,32512573,32496573,97489719,32512573,16000,496000,0,256000,38391708,17,,,958983
A0,formula_edge_heavy,os_cache_warm,16000,32000,6ca4c3216cb4633241269d5a6bd8666d6fcd81e3e50f4828c87618b73cc95054,32512573,64993146,194979438,32512573,16000,496000,0,256000,0,17,,,1441449
C-directory,formula_edge_heavy,os_cache_warm,16000,32000,6ca4c3216cb4633241269d5a6bd8666d6fcd81e3e50f4828c87618b73cc95054,32512573,32496573,97489719,32512573,16000,496000,0,256000,3975601,18,,,848986
C-structural,formula_edge_heavy,os_cache_warm,16000,32000,6ca4c3216cb4633241269d5a6bd8666d6fcd81e3e50f4828c87618b73cc95054,32512573,32496573,97489719,32512573,16000,496000,0,256000,38391708,18,,,995966
A0,formula_edge_heavy,os_cache_warm,16000,32000,6ca4c3216cb4633241269d5a6bd8666d6fcd81e3e50f4828c87618b73cc95054,32512573,64993146,194979438,32512573,16000,496000,0,256000,0,18,,,1450940
A1,formula_edge_heavy,os_cache_warm,16000,32000,6ca4c3216cb4633241269d5a6bd8666d6fcd81e3e50f4828c87618b73cc95054,32512573,32496573,97489719,32512573,16000,496000,0,256000,0,18,125,289,713012
C-structural,formula_edge_heavy,os_cache_warm,16000,32000,6ca4c3216cb4633241269d5a6bd8666d6fcd81e3e50f4828c87618b73cc95054,32512573,32496573,97489719,32512573,16000,496000,0,256000,38391708,19,,,1104410
A0,formula_edge_heavy,os_cache_warm,16000,32000,6ca4c3216cb4633241269d5a6bd8666d6fcd81e3e50f4828c87618b73cc95054,32512573,64993146,194979438,32512573,16000,496000,0,256000,0,19,,,1453851
A1,formula_edge_heavy,os_cache_warm,16000,32000,6ca4c3216cb4633241269d5a6bd8666d6fcd81e3e50f4828c87618b73cc95054,32512573,32496573,97489719,32512573,16000,496000,0,256000,0,19,166,407,757832
C-directory,formula_edge_heavy,os_cache_warm,16000,32000,6ca4c3216cb4633241269d5a6bd8666d6fcd81e3e50f4828c87618b73cc95054,32512573,32496573,97489719,32512573,16000,496000,0,256000,3975601,19,,,845476
A0,formula_ast_heavy,os_cache_warm,16000,32000,0a2fe13efbf26c5cc0cd1a0f099245fc27ed864faf01890f0c74425f87608f76,129280573,258529146,775587438,129280573,16000,4080000,0,0,0,0,,,6954297
A1,formula_ast_heavy,os_cache_warm,16000,32000,0a2fe13efbf26c5cc0cd1a0f099245fc27ed864faf01890f0c74425f87608f76,129280573,129264573,387793719,129280573,16000,4080000,0,0,0,0,141,471,3483585
C-directory,formula_ast_heavy,os_cache_warm,16000,32000,0a2fe13efbf26c5cc0cd1a0f099245fc27ed864faf01890f0c74425f87608f76,129280573,129264573,387793719,129280573,16000,4080000,0,0,3982145,0,,,3701253
C-structural,formula_ast_heavy,os_cache_warm,16000,32000,0a2fe13efbf26c5cc0cd1a0f099245fc27ed864faf01890f0c74425f87608f76,129280573,129264573,387793719,129280573,16000,4080000,0,0,7982253,0,,,3829293
A1,formula_ast_heavy,os_cache_warm,16000,32000,0a2fe13efbf26c5cc0cd1a0f099245fc27ed864faf01890f0c74425f87608f76,129280573,129264573,387793719,129280573,16000,4080000,0,0,0,1,115,419,3461755
C-directory,formula_ast_heavy,os_cache_warm,16000,32000,0a2fe13efbf26c5cc0cd1a0f099245fc27ed864faf01890f0c74425f87608f76,129280573,129264573,387793719,129280573,16000,4080000,0,0,3982145,1,,,3775967
C-structural,formula_ast_heavy,os_cache_warm,16000,32000,0a2fe13efbf26c5cc0cd1a0f099245fc27ed864faf01890f0c74425f87608f76,129280573,129264573,387793719,129280573,16000,4080000,0,0,7982253,1,,,3744618
A0,formula_ast_heavy,os_cache_warm,16000,32000,0a2fe13efbf26c5cc0cd1a0f099245fc27ed864faf01890f0c74425f87608f76,129280573,258529146,775587438,129280573,16000,4080000,0,0,0,1,,,6897824
C-directory,formula_ast_heavy,os_cache_warm,16000,32000,0a2fe13efbf26c5cc0cd1a0f099245fc27ed864faf01890f0c74425f87608f76,129280573,129264573,387793719,129280573,16000,4080000,0,0,3982145,2,,,3691714
C-structural,formula_ast_heavy,os_cache_warm,16000,32000,0a2fe13efbf26c5cc0cd1a0f099245fc27ed864faf01890f0c74425f87608f76,129280573,129264573,387793719,129280573,16000,4080000,0,0,7982253,2,,,3795709
A0,formula_ast_heavy,os_cache_warm,16000,32000,0a2fe13efbf26c5cc0cd1a0f099245fc27ed864faf01890f0c74425f87608f76,129280573,258529146,775587438,129280573,16000,4080000,0,0,0,2,,,6807190
A1,formula_ast_heavy,os_cache_warm,16000,32000,0a2fe13efbf26c5cc0cd1a0f099245fc27ed864faf01890f0c74425f87608f76,129280573,129264573,387793719,129280573,16000,4080000,0,0,0,2,154,544,3787299
C-structural,formula_ast_heavy,os_cache_warm,16000,32000,0a2fe13efbf26c5cc0cd1a0f099245fc27ed864faf01890f0c74425f87608f76,129280573,129264573,387793719,129280573,16000,4080000,0,0,7982253,3,,,3722170
A0,formula_ast_heavy,os_cache_warm,16000,32000,0a2fe13efbf26c5cc0cd1a0f099245fc27ed864faf01890f0c74425f87608f76,129280573,258529146,775587438,129280573,16000,4080000,0,0,0,3,,,7002155
A1,formula_ast_heavy,os_cache_warm,16000,32000,0a2fe13efbf26c5cc0cd1a0f099245fc27ed864faf01890f0c74425f87608f76,129280573,129264573,387793719,129280573,16000,4080000,0,0,0,3,171,570,3487331
C-directory,formula_ast_heavy,os_cache_warm,16000,32000,0a2fe13efbf26c5cc0cd1a0f099245fc27ed864faf01890f0c74425f87608f76,129280573,129264573,387793719,129280573,16000,4080000,0,0,3982145,3,,,3983318
A0,formula_ast_heavy,os_cache_warm,16000,32000,0a2fe13efbf26c5cc0cd1a0f099245fc27ed864faf01890f0c74425f87608f76,129280573,258529146,775587438,129280573,16000,4080000,0,0,0,4,,,6926410
A1,formula_ast_heavy,os_cache_warm,16000,32000,0a2fe13efbf26c5cc0cd1a0f099245fc27ed864faf01890f0c74425f87608f76,129280573,129264573,387793719,129280573,16000,4080000,0,0,0,4,178,617,3534761
C-directory,formula_ast_heavy,os_cache_warm,16000,32000,0a2fe13efbf26c5cc0cd1a0f099245fc27ed864faf01890f0c74425f87608f76,129280573,129264573,387793719,129280573,16000,4080000,0,0,3982145,4,,,3749140
C-structural,formula_ast_heavy,os_cache_warm,16000,32000,0a2fe13efbf26c5cc0cd1a0f099245fc27ed864faf01890f0c74425f87608f76,129280573,129264573,387793719,129280573,16000,4080000,0,0,7982253,4,,,3781910
A1,formula_ast_heavy,os_cache_warm,16000,32000,0a2fe13efbf26c5cc0cd1a0f099245fc27ed864faf01890f0c74425f87608f76,129280573,129264573,387793719,129280573,16000,4080000,0,0,0,5,139,490,3552488
C-directory,formula_ast_heavy,os_cache_warm,16000,32000,0a2fe13efbf26c5cc0cd1a0f099245fc27ed864faf01890f0c74425f87608f76,129280573,129264573,387793719,129280573,16000,4080000,0,0,3982145,5,,,3703145
C-structural,formula_ast_heavy,os_cache_warm,16000,32000,0a2fe13efbf26c5cc0cd1a0f099245fc27ed864faf01890f0c74425f87608f76,129280573,129264573,387793719,129280573,16000,4080000,0,0,7982253,5,,,3811060
A0,formula_ast_heavy,os_cache_warm,16000,32000,0a2fe13efbf26c5cc0cd1a0f099245fc27ed864faf01890f0c74425f87608f76,129280573,258529146,775587438,129280573,16000,4080000,0,0,0,5,,,7302482
C-directory,formula_ast_heavy,os_cache_warm,16000,32000,0a2fe13efbf26c5cc0cd1a0f099245fc27ed864faf01890f0c74425f87608f76,129280573,129264573,387793719,129280573,16000,4080000,0,0,3982145,6,,,3663611
C-structural,formula_ast_heavy,os_cache_warm,16000,32000,0a2fe13efbf26c5cc0cd1a0f099245fc27ed864faf01890f0c74425f87608f76,129280573,129264573,387793719,129280573,16000,4080000,0,0,7982253,6,,,3698169
A0,formula_ast_heavy,os_cache_warm,16000,32000,0a2fe13efbf26c5cc0cd1a0f099245fc27ed864faf01890f0c74425f87608f76,129280573,258529146,775587438,129280573,16000,4080000,0,0,0,6,,,6936063
A1,formula_ast_heavy,os_cache_warm,16000,32000,0a2fe13efbf26c5cc0cd1a0f099245fc27ed864faf01890f0c74425f87608f76,129280573,129264573,387793719,129280573,16000,4080000,0,0,0,6,165,584,3499912
C-structural,formula_ast_heavy,os_cache_warm,16000,32000,0a2fe13efbf26c5cc0cd1a0f099245fc27ed864faf01890f0c74425f87608f76,129280573,129264573,387793719,129280573,16000,4080000,0,0,7982253,7,,,4012739
A0,formula_ast_heavy,os_cache_warm,16000,32000,0a2fe13efbf26c5cc0cd1a0f099245fc27ed864faf01890f0c74425f87608f76,129280573,258529146,775587438,129280573,16000,4080000,0,0,0,7,,,6945353
A1,formula_ast_heavy,os_cache_warm,16000,32000,0a2fe13efbf26c5cc0cd1a0f099245fc27ed864faf01890f0c74425f87608f76,129280573,129264573,387793719,129280573,16000,4080000,0,0,0,7,169,536,3440745
C-directory,formula_ast_heavy,os_cache_warm,16000,32000,0a2fe13efbf26c5cc0cd1a0f099245fc27ed864faf01890f0c74425f87608f76,129280573,129264573,387793719,129280573,16000,4080000,0,0,3982145,7,,,3701406
A0,formula_ast_heavy,os_cache_warm,16000,32000,0a2fe13efbf26c5cc0cd1a0f099245fc27ed864faf01890f0c74425f87608f76,129280573,258529146,775587438,129280573,16000,4080000,0,0,0,8,,,7089995
A1,formula_ast_heavy,os_cache_warm,16000,32000,0a2fe13efbf26c5cc0cd1a0f099245fc27ed864faf01890f0c74425f87608f76,129280573,129264573,387793719,129280573,16000,4080000,0,0,0,8,156,508,3487386
C-directory,formula_ast_heavy,os_cache_warm,16000,32000,0a2fe13efbf26c5cc0cd1a0f099245fc27ed864faf01890f0c74425f87608f76,129280573,129264573,387793719,129280573,16000,4080000,0,0,3982145,8,,,3811853
C-structural,formula_ast_heavy,os_cache_warm,16000,32000,0a2fe13efbf26c5cc0cd1a0f099245fc27ed864faf01890f0c74425f87608f76,129280573,129264573,387793719,129280573,16000,4080000,0,0,7982253,8,,,4085271
A1,formula_ast_heavy,os_cache_warm,16000,32000,0a2fe13efbf26c5cc0cd1a0f099245fc27ed864faf01890f0c74425f87608f76,129280573,129264573,387793719,129280573,16000,4080000,0,0,0,9,145,520,3418412
C-directory,formula_ast_heavy,os_cache_warm,16000,32000,0a2fe13efbf26c5cc0cd1a0f099245fc27ed864faf01890f0c74425f87608f76,129280573,129264573,387793719,129280573,16000,4080000,0,0,3982145,9,,,3684178
C-structural,formula_ast_heavy,os_cache_warm,16000,32000,0a2fe13efbf26c5cc0cd1a0f099245fc27ed864faf01890f0c74425f87608f76,129280573,129264573,387793719,129280573,16000,4080000,0,0,7982253,9,,,3695468
A0,formula_ast_heavy,os_cache_warm,16000,32000,0a2fe13efbf26c5cc0cd1a0f099245fc27ed864faf01890f0c74425f87608f76,129280573,258529146,775587438,129280573,16000,4080000,0,0,0,9,,,6903007
C-directory,formula_ast_heavy,os_cache_warm,16000,32000,0a2fe13efbf26c5cc0cd1a0f099245fc27ed864faf01890f0c74425f87608f76,129280573,129264573,387793719,129280573,16000,4080000,0,0,3982145,10,,,3757347
C-structural,formula_ast_heavy,os_cache_warm,16000,32000,0a2fe13efbf26c5cc0cd1a0f099245fc27ed864faf01890f0c74425f87608f76,129280573,129264573,387793719,129280573,16000,4080000,0,0,7982253,10,,,3764262
A0,formula_ast_heavy,os_cache_warm,16000,32000,0a2fe13efbf26c5cc0cd1a0f099245fc27ed864faf01890f0c74425f87608f76,129280573,258529146,775587438,129280573,16000,4080000,0,0,0,10,,,6872889
A1,formula_ast_heavy,os_cache_warm,16000,32000,0a2fe13efbf26c5cc0cd1a0f099245fc27ed864faf01890f0c74425f87608f76,129280573,129264573,387793719,129280573,16000,4080000,0,0,0,10,160,545,3476133
C-structural,formula_ast_heavy,os_cache_warm,16000,32000,0a2fe13efbf26c5cc0cd1a0f099245fc27ed864faf01890f0c74425f87608f76,129280573,129264573,387793719,129280573,16000,4080000,0,0,7982253,11,,,3670014
A0,formula_ast_heavy,os_cache_warm,16000,32000,0a2fe13efbf26c5cc0cd1a0f099245fc27ed864faf01890f0c74425f87608f76,129280573,258529146,775587438,129280573,16000,4080000,0,0,0,11,,,7026878
A1,formula_ast_heavy,os_cache_warm,16000,32000,0a2fe13efbf26c5cc0cd1a0f099245fc27ed864faf01890f0c74425f87608f76,129280573,129264573,387793719,129280573,16000,4080000,0,0,0,11,139,480,3491693
C-directory,formula_ast_heavy,os_cache_warm,16000,32000,0a2fe13efbf26c5cc0cd1a0f099245fc27ed864faf01890f0c74425f87608f76,129280573,129264573,387793719,129280573,16000,4080000,0,0,3982145,11,,,4019299
A0,formula_ast_heavy,os_cache_warm,16000,32000,0a2fe13efbf26c5cc0cd1a0f099245fc27ed864faf01890f0c74425f87608f76,129280573,258529146,775587438,129280573,16000,4080000,0,0,0,12,,,6988766
A1,formula_ast_heavy,os_cache_warm,16000,32000,0a2fe13efbf26c5cc0cd1a0f099245fc27ed864faf01890f0c74425f87608f76,129280573,129264573,387793719,129280573,16000,4080000,0,0,0,12,137,465,3462386
C-directory,formula_ast_heavy,os_cache_warm,16000,32000,0a2fe13efbf26c5cc0cd1a0f099245fc27ed864faf01890f0c74425f87608f76,129280573,129264573,387793719,129280573,16000,4080000,0,0,3982145,12,,,3688555
C-structural,formula_ast_heavy,os_cache_warm,16000,32000,0a2fe13efbf26c5cc0cd1a0f099245fc27ed864faf01890f0c74425f87608f76,129280573,129264573,387793719,129280573,16000,4080000,0,0,7982253,12,,,3694901
A1,formula_ast_heavy,os_cache_warm,16000,32000,0a2fe13efbf26c5cc0cd1a0f099245fc27ed864faf01890f0c74425f87608f76,129280573,129264573,387793719,129280573,16000,4080000,0,0,0,13,140,518,3439317
C-directory,formula_ast_heavy,os_cache_warm,16000,32000,0a2fe13efbf26c5cc0cd1a0f099245fc27ed864faf01890f0c74425f87608f76,129280573,129264573,387793719,129280573,16000,4080000,0,0,3982145,13,,,3999644
C-structural,formula_ast_heavy,os_cache_warm,16000,32000,0a2fe13efbf26c5cc0cd1a0f099245fc27ed864faf01890f0c74425f87608f76,129280573,129264573,387793719,129280573,16000,4080000,0,0,7982253,13,,,3843471
A0,formula_ast_heavy,os_cache_warm,16000,32000,0a2fe13efbf26c5cc0cd1a0f099245fc27ed864faf01890f0c74425f87608f76,129280573,258529146,775587438,129280573,16000,4080000,0,0,0,13,,,7238640
C-directory,formula_ast_heavy,os_cache_warm,16000,32000,0a2fe13efbf26c5cc0cd1a0f099245fc27ed864faf01890f0c74425f87608f76,129280573,129264573,387793719,129280573,16000,4080000,0,0,3982145,14,,,3707919
C-structural,formula_ast_heavy,os_cache_warm,16000,32000,0a2fe13efbf26c5cc0cd1a0f099245fc27ed864faf01890f0c74425f87608f76,129280573,129264573,387793719,129280573,16000,4080000,0,0,7982253,14,,,3714038
A0,formula_ast_heavy,os_cache_warm,16000,32000,0a2fe13efbf26c5cc0cd1a0f099245fc27ed864faf01890f0c74425f87608f76,129280573,258529146,775587438,129280573,16000,4080000,0,0,0,14,,,6980153
A1,formula_ast_heavy,os_cache_warm,16000,32000,0a2fe13efbf26c5cc0cd1a0f099245fc27ed864faf01890f0c74425f87608f76,129280573,129264573,387793719,129280573,16000,4080000,0,0,0,14,186,611,3444745
C-structural,formula_ast_heavy,os_cache_warm,16000,32000,0a2fe13efbf26c5cc0cd1a0f099245fc27ed864faf01890f0c74425f87608f76,129280573,129264573,387793719,129280573,16000,4080000,0,0,7982253,15,,,3687692
A0,formula_ast_heavy,os_cache_warm,16000,32000,0a2fe13efbf26c5cc0cd1a0f099245fc27ed864faf01890f0c74425f87608f76,129280573,258529146,775587438,129280573,16000,4080000,0,0,0,15,,,6995126
A1,formula_ast_heavy,os_cache_warm,16000,32000,0a2fe13efbf26c5cc0cd1a0f099245fc27ed864faf01890f0c74425f87608f76,129280573,129264573,387793719,129280573,16000,4080000,0,0,0,15,173,561,3444550
C-directory,formula_ast_heavy,os_cache_warm,16000,32000,0a2fe13efbf26c5cc0cd1a0f099245fc27ed864faf01890f0c74425f87608f76,129280573,129264573,387793719,129280573,16000,4080000,0,0,3982145,15,,,3916979
A0,formula_ast_heavy,os_cache_warm,16000,32000,0a2fe13efbf26c5cc0cd1a0f099245fc27ed864faf01890f0c74425f87608f76,129280573,258529146,775587438,129280573,16000,4080000,0,0,0,16,,,7158319
A1,formula_ast_heavy,os_cache_warm,16000,32000,0a2fe13efbf26c5cc0cd1a0f099245fc27ed864faf01890f0c74425f87608f76,129280573,129264573,387793719,129280573,16000,4080000,0,0,0,16,404,920,3570796
C-directory,formula_ast_heavy,os_cache_warm,16000,32000,0a2fe13efbf26c5cc0cd1a0f099245fc27ed864faf01890f0c74425f87608f76,129280573,129264573,387793719,129280573,16000,4080000,0,0,3982145,16,,,3683615
C-structural,formula_ast_heavy,os_cache_warm,16000,32000,0a2fe13efbf26c5cc0cd1a0f099245fc27ed864faf01890f0c74425f87608f76,129280573,129264573,387793719,129280573,16000,4080000,0,0,7982253,16,,,3727278
A1,formula_ast_heavy,os_cache_warm,16000,32000,0a2fe13efbf26c5cc0cd1a0f099245fc27ed864faf01890f0c74425f87608f76,129280573,129264573,387793719,129280573,16000,4080000,0,0,0,17,136,488,3412973
C-directory,formula_ast_heavy,os_cache_warm,16000,32000,0a2fe13efbf26c5cc0cd1a0f099245fc27ed864faf01890f0c74425f87608f76,129280573,129264573,387793719,129280573,16000,4080000,0,0,3982145,17,,,3648867
C-structural,formula_ast_heavy,os_cache_warm,16000,32000,0a2fe13efbf26c5cc0cd1a0f099245fc27ed864faf01890f0c74425f87608f76,129280573,129264573,387793719,129280573,16000,4080000,0,0,7982253,17,,,3701784
A0,formula_ast_heavy,os_cache_warm,16000,32000,0a2fe13efbf26c5cc0cd1a0f099245fc27ed864faf01890f0c74425f87608f76,129280573,258529146,775587438,129280573,16000,4080000,0,0,0,17,,,6969325
C-directory,formula_ast_heavy,os_cache_warm,16000,32000,0a2fe13efbf26c5cc0cd1a0f099245fc27ed864faf01890f0c74425f87608f76,129280573,129264573,387793719,129280573,16000,4080000,0,0,3982145,18,,,3876325
C-structural,formula_ast_heavy,os_cache_warm,16000,32000,0a2fe13efbf26c5cc0cd1a0f099245fc27ed864faf01890f0c74425f87608f76,129280573,129264573,387793719,129280573,16000,4080000,0,0,7982253,18,,,4074948
A0,formula_ast_heavy,os_cache_warm,16000,32000,0a2fe13efbf26c5cc0cd1a0f099245fc27ed864faf01890f0c74425f87608f76,129280573,258529146,775587438,129280573,16000,4080000,0,0,0,18,,,7169282
A1,formula_ast_heavy,os_cache_warm,16000,32000,0a2fe13efbf26c5cc0cd1a0f099245fc27ed864faf01890f0c74425f87608f76,129280573,129264573,387793719,129280573,16000,4080000,0,0,0,18,139,487,3534199
C-structural,formula_ast_heavy,os_cache_warm,16000,32000,0a2fe13efbf26c5cc0cd1a0f099245fc27ed864faf01890f0c74425f87608f76,129280573,129264573,387793719,129280573,16000,4080000,0,0,7982253,19,,,3743786
A0,formula_ast_heavy,os_cache_warm,16000,32000,0a2fe13efbf26c5cc0cd1a0f099245fc27ed864faf01890f0c74425f87608f76,129280573,258529146,775587438,129280573,16000,4080000,0,0,0,19,,,6914191
A1,formula_ast_heavy,os_cache_warm,16000,32000,0a2fe13efbf26c5cc0cd1a0f099245fc27ed864faf01890f0c74425f87608f76,129280573,129264573,387793719,129280573,16000,4080000,0,0,0,19,155,542,3478019
C-directory,formula_ast_heavy,os_cache_warm,16000,32000,0a2fe13efbf26c5cc0cd1a0f099245fc27ed864faf01890f0c74425f87608f76,129280573,129264573,387793719,129280573,16000,4080000,0,0,3982145,19,,,3653316
A0,deep_dependency_chain,os_cache_warm,16000,16000,7c78218a41707f7e4e299ef06ef6f40d654c4e145ddd9aa613a187f110f66fe5,3472323,6912646,20737938,3472323,16000,15999,0,15999,0,0,,,216112
A1,deep_dependency_chain,os_cache_warm,16000,16000,7c78218a41707f7e4e299ef06ef6f40d654c4e145ddd9aa613a187f110f66fe5,3472323,3456323,10368969,3472323,16000,15999,0,15999,0,0,110,235,93652
C-directory,deep_dependency_chain,os_cache_warm,16000,16000,7c78218a41707f7e4e299ef06ef6f40d654c4e145ddd9aa613a187f110f66fe5,3472323,3456323,10368969,3472323,16000,15999,0,15999,3848089,0,,,109497
C-structural,deep_dependency_chain,os_cache_warm,16000,16000,7c78218a41707f7e4e299ef06ef6f40d654c4e145ddd9aa613a187f110f66fe5,3472323,3456323,10368969,3472323,16000,15999,0,15999,9335933,0,,,122588
A1,deep_dependency_chain,os_cache_warm,16000,16000,7c78218a41707f7e4e299ef06ef6f40d654c4e145ddd9aa613a187f110f66fe5,3472323,3456323,10368969,3472323,16000,15999,0,15999,0,1,211,373,94067
C-directory,deep_dependency_chain,os_cache_warm,16000,16000,7c78218a41707f7e4e299ef06ef6f40d654c4e145ddd9aa613a187f110f66fe5,3472323,3456323,10368969,3472323,16000,15999,0,15999,3848089,1,,,107082
C-structural,deep_dependency_chain,os_cache_warm,16000,16000,7c78218a41707f7e4e299ef06ef6f40d654c4e145ddd9aa613a187f110f66fe5,3472323,3456323,10368969,3472323,16000,15999,0,15999,9335933,1,,,123354
A0,deep_dependency_chain,os_cache_warm,16000,16000,7c78218a41707f7e4e299ef06ef6f40d654c4e145ddd9aa613a187f110f66fe5,3472323,6912646,20737938,3472323,16000,15999,0,15999,0,1,,,207672
C-directory,deep_dependency_chain,os_cache_warm,16000,16000,7c78218a41707f7e4e299ef06ef6f40d654c4e145ddd9aa613a187f110f66fe5,3472323,3456323,10368969,3472323,16000,15999,0,15999,3848089,2,,,109127
C-structural,deep_dependency_chain,os_cache_warm,16000,16000,7c78218a41707f7e4e299ef06ef6f40d654c4e145ddd9aa613a187f110f66fe5,3472323,3456323,10368969,3472323,16000,15999,0,15999,9335933,2,,,122444
A0,deep_dependency_chain,os_cache_warm,16000,16000,7c78218a41707f7e4e299ef06ef6f40d654c4e145ddd9aa613a187f110f66fe5,3472323,6912646,20737938,3472323,16000,15999,0,15999,0,2,,,228116
A1,deep_dependency_chain,os_cache_warm,16000,16000,7c78218a41707f7e4e299ef06ef6f40d654c4e145ddd9aa613a187f110f66fe5,3472323,3456323,10368969,3472323,16000,15999,0,15999,0,2,114,237,93149
C-structural,deep_dependency_chain,os_cache_warm,16000,16000,7c78218a41707f7e4e299ef06ef6f40d654c4e145ddd9aa613a187f110f66fe5,3472323,3456323,10368969,3472323,16000,15999,0,15999,9335933,3,,,124179
A0,deep_dependency_chain,os_cache_warm,16000,16000,7c78218a41707f7e4e299ef06ef6f40d654c4e145ddd9aa613a187f110f66fe5,3472323,6912646,20737938,3472323,16000,15999,0,15999,0,3,,,205878
A1,deep_dependency_chain,os_cache_warm,16000,16000,7c78218a41707f7e4e299ef06ef6f40d654c4e145ddd9aa613a187f110f66fe5,3472323,3456323,10368969,3472323,16000,15999,0,15999,0,3,121,251,93785
C-directory,deep_dependency_chain,os_cache_warm,16000,16000,7c78218a41707f7e4e299ef06ef6f40d654c4e145ddd9aa613a187f110f66fe5,3472323,3456323,10368969,3472323,16000,15999,0,15999,3848089,3,,,107206
A0,deep_dependency_chain,os_cache_warm,16000,16000,7c78218a41707f7e4e299ef06ef6f40d654c4e145ddd9aa613a187f110f66fe5,3472323,6912646,20737938,3472323,16000,15999,0,15999,0,4,,,204775
A1,deep_dependency_chain,os_cache_warm,16000,16000,7c78218a41707f7e4e299ef06ef6f40d654c4e145ddd9aa613a187f110f66fe5,3472323,3456323,10368969,3472323,16000,15999,0,15999,0,4,103,225,95927
C-directory,deep_dependency_chain,os_cache_warm,16000,16000,7c78218a41707f7e4e299ef06ef6f40d654c4e145ddd9aa613a187f110f66fe5,3472323,3456323,10368969,3472323,16000,15999,0,15999,3848089,4,,,109451
C-structural,deep_dependency_chain,os_cache_warm,16000,16000,7c78218a41707f7e4e299ef06ef6f40d654c4e145ddd9aa613a187f110f66fe5,3472323,3456323,10368969,3472323,16000,15999,0,15999,9335933,4,,,122640
A1,deep_dependency_chain,os_cache_warm,16000,16000,7c78218a41707f7e4e299ef06ef6f40d654c4e145ddd9aa613a187f110f66fe5,3472323,3456323,10368969,3472323,16000,15999,0,15999,0,5,123,254,95232
C-directory,deep_dependency_chain,os_cache_warm,16000,16000,7c78218a41707f7e4e299ef06ef6f40d654c4e145ddd9aa613a187f110f66fe5,3472323,3456323,10368969,3472323,16000,15999,0,15999,3848089,5,,,110696
C-structural,deep_dependency_chain,os_cache_warm,16000,16000,7c78218a41707f7e4e299ef06ef6f40d654c4e145ddd9aa613a187f110f66fe5,3472323,3456323,10368969,3472323,16000,15999,0,15999,9335933,5,,,123368
A0,deep_dependency_chain,os_cache_warm,16000,16000,7c78218a41707f7e4e299ef06ef6f40d654c4e145ddd9aa613a187f110f66fe5,3472323,6912646,20737938,3472323,16000,15999,0,15999,0,5,,,218818
C-directory,deep_dependency_chain,os_cache_warm,16000,16000,7c78218a41707f7e4e299ef06ef6f40d654c4e145ddd9aa613a187f110f66fe5,3472323,3456323,10368969,3472323,16000,15999,0,15999,3848089,6,,,108876
C-structural,deep_dependency_chain,os_cache_warm,16000,16000,7c78218a41707f7e4e299ef06ef6f40d654c4e145ddd9aa613a187f110f66fe5,3472323,3456323,10368969,3472323,16000,15999,0,15999,9335933,6,,,123524
A0,deep_dependency_chain,os_cache_warm,16000,16000,7c78218a41707f7e4e299ef06ef6f40d654c4e145ddd9aa613a187f110f66fe5,3472323,6912646,20737938,3472323,16000,15999,0,15999,0,6,,,200705
A1,deep_dependency_chain,os_cache_warm,16000,16000,7c78218a41707f7e4e299ef06ef6f40d654c4e145ddd9aa613a187f110f66fe5,3472323,3456323,10368969,3472323,16000,15999,0,15999,0,6,129,278,93276
C-structural,deep_dependency_chain,os_cache_warm,16000,16000,7c78218a41707f7e4e299ef06ef6f40d654c4e145ddd9aa613a187f110f66fe5,3472323,3456323,10368969,3472323,16000,15999,0,15999,9335933,7,,,120481
A0,deep_dependency_chain,os_cache_warm,16000,16000,7c78218a41707f7e4e299ef06ef6f40d654c4e145ddd9aa613a187f110f66fe5,3472323,6912646,20737938,3472323,16000,15999,0,15999,0,7,,,208583
A1,deep_dependency_chain,os_cache_warm,16000,16000,7c78218a41707f7e4e299ef06ef6f40d654c4e145ddd9aa613a187f110f66fe5,3472323,3456323,10368969,3472323,16000,15999,0,15999,0,7,107,230,94449
C-directory,deep_dependency_chain,os_cache_warm,16000,16000,7c78218a41707f7e4e299ef06ef6f40d654c4e145ddd9aa613a187f110f66fe5,3472323,3456323,10368969,3472323,16000,15999,0,15999,3848089,7,,,108662
A0,deep_dependency_chain,os_cache_warm,16000,16000,7c78218a41707f7e4e299ef06ef6f40d654c4e145ddd9aa613a187f110f66fe5,3472323,6912646,20737938,3472323,16000,15999,0,15999,0,8,,,201378
A1,deep_dependency_chain,os_cache_warm,16000,16000,7c78218a41707f7e4e299ef06ef6f40d654c4e145ddd9aa613a187f110f66fe5,3472323,3456323,10368969,3472323,16000,15999,0,15999,0,8,110,233,92013
C-directory,deep_dependency_chain,os_cache_warm,16000,16000,7c78218a41707f7e4e299ef06ef6f40d654c4e145ddd9aa613a187f110f66fe5,3472323,3456323,10368969,3472323,16000,15999,0,15999,3848089,8,,,108055
C-structural,deep_dependency_chain,os_cache_warm,16000,16000,7c78218a41707f7e4e299ef06ef6f40d654c4e145ddd9aa613a187f110f66fe5,3472323,3456323,10368969,3472323,16000,15999,0,15999,9335933,8,,,120355
A1,deep_dependency_chain,os_cache_warm,16000,16000,7c78218a41707f7e4e299ef06ef6f40d654c4e145ddd9aa613a187f110f66fe5,3472323,3456323,10368969,3472323,16000,15999,0,15999,0,9,111,229,95401
C-directory,deep_dependency_chain,os_cache_warm,16000,16000,7c78218a41707f7e4e299ef06ef6f40d654c4e145ddd9aa613a187f110f66fe5,3472323,3456323,10368969,3472323,16000,15999,0,15999,3848089,9,,,108277
C-structural,deep_dependency_chain,os_cache_warm,16000,16000,7c78218a41707f7e4e299ef06ef6f40d654c4e145ddd9aa613a187f110f66fe5,3472323,3456323,10368969,3472323,16000,15999,0,15999,9335933,9,,,122516
A0,deep_dependency_chain,os_cache_warm,16000,16000,7c78218a41707f7e4e299ef06ef6f40d654c4e145ddd9aa613a187f110f66fe5,3472323,6912646,20737938,3472323,16000,15999,0,15999,0,9,,,207795
C-directory,deep_dependency_chain,os_cache_warm,16000,16000,7c78218a41707f7e4e299ef06ef6f40d654c4e145ddd9aa613a187f110f66fe5,3472323,3456323,10368969,3472323,16000,15999,0,15999,3848089,10,,,108269
C-structural,deep_dependency_chain,os_cache_warm,16000,16000,7c78218a41707f7e4e299ef06ef6f40d654c4e145ddd9aa613a187f110f66fe5,3472323,3456323,10368969,3472323,16000,15999,0,15999,9335933,10,,,121873
A0,deep_dependency_chain,os_cache_warm,16000,16000,7c78218a41707f7e4e299ef06ef6f40d654c4e145ddd9aa613a187f110f66fe5,3472323,6912646,20737938,3472323,16000,15999,0,15999,0,10,,,221038
A1,deep_dependency_chain,os_cache_warm,16000,16000,7c78218a41707f7e4e299ef06ef6f40d654c4e145ddd9aa613a187f110f66fe5,3472323,3456323,10368969,3472323,16000,15999,0,15999,0,10,143,321,108861
C-structural,deep_dependency_chain,os_cache_warm,16000,16000,7c78218a41707f7e4e299ef06ef6f40d654c4e145ddd9aa613a187f110f66fe5,3472323,3456323,10368969,3472323,16000,15999,0,15999,9335933,11,,,123172
A0,deep_dependency_chain,os_cache_warm,16000,16000,7c78218a41707f7e4e299ef06ef6f40d654c4e145ddd9aa613a187f110f66fe5,3472323,6912646,20737938,3472323,16000,15999,0,15999,0,11,,,227442
A1,deep_dependency_chain,os_cache_warm,16000,16000,7c78218a41707f7e4e299ef06ef6f40d654c4e145ddd9aa613a187f110f66fe5,3472323,3456323,10368969,3472323,16000,15999,0,15999,0,11,113,232,92425
C-directory,deep_dependency_chain,os_cache_warm,16000,16000,7c78218a41707f7e4e299ef06ef6f40d654c4e145ddd9aa613a187f110f66fe5,3472323,3456323,10368969,3472323,16000,15999,0,15999,3848089,11,,,108091
A0,deep_dependency_chain,os_cache_warm,16000,16000,7c78218a41707f7e4e299ef06ef6f40d654c4e145ddd9aa613a187f110f66fe5,3472323,6912646,20737938,3472323,16000,15999,0,15999,0,12,,,197761
A1,deep_dependency_chain,os_cache_warm,16000,16000,7c78218a41707f7e4e299ef06ef6f40d654c4e145ddd9aa613a187f110f66fe5,3472323,3456323,10368969,3472323,16000,15999,0,15999,0,12,124,268,95245
C-directory,deep_dependency_chain,os_cache_warm,16000,16000,7c78218a41707f7e4e299ef06ef6f40d654c4e145ddd9aa613a187f110f66fe5,3472323,3456323,10368969,3472323,16000,15999,0,15999,3848089,12,,,107603
C-structural,deep_dependency_chain,os_cache_warm,16000,16000,7c78218a41707f7e4e299ef06ef6f40d654c4e145ddd9aa613a187f110f66fe5,3472323,3456323,10368969,3472323,16000,15999,0,15999,9335933,12,,,121021
A1,deep_dependency_chain,os_cache_warm,16000,16000,7c78218a41707f7e4e299ef06ef6f40d654c4e145ddd9aa613a187f110f66fe5,3472323,3456323,10368969,3472323,16000,15999,0,15999,0,13,142,288,97970
C-directory,deep_dependency_chain,os_cache_warm,16000,16000,7c78218a41707f7e4e299ef06ef6f40d654c4e145ddd9aa613a187f110f66fe5,3472323,3456323,10368969,3472323,16000,15999,0,15999,3848089,13,,,107830
C-structural,deep_dependency_chain,os_cache_warm,16000,16000,7c78218a41707f7e4e299ef06ef6f40d654c4e145ddd9aa613a187f110f66fe5,3472323,3456323,10368969,3472323,16000,15999,0,15999,9335933,13,,,130018
A0,deep_dependency_chain,os_cache_warm,16000,16000,7c78218a41707f7e4e299ef06ef6f40d654c4e145ddd9aa613a187f110f66fe5,3472323,6912646,20737938,3472323,16000,15999,0,15999,0,13,,,265202
C-directory,deep_dependency_chain,os_cache_warm,16000,16000,7c78218a41707f7e4e299ef06ef6f40d654c4e145ddd9aa613a187f110f66fe5,3472323,3456323,10368969,3472323,16000,15999,0,15999,3848089,14,,,109801
C-structural,deep_dependency_chain,os_cache_warm,16000,16000,7c78218a41707f7e4e299ef06ef6f40d654c4e145ddd9aa613a187f110f66fe5,3472323,3456323,10368969,3472323,16000,15999,0,15999,9335933,14,,,124689
A0,deep_dependency_chain,os_cache_warm,16000,16000,7c78218a41707f7e4e299ef06ef6f40d654c4e145ddd9aa613a187f110f66fe5,3472323,6912646,20737938,3472323,16000,15999,0,15999,0,14,,,208443
A1,deep_dependency_chain,os_cache_warm,16000,16000,7c78218a41707f7e4e299ef06ef6f40d654c4e145ddd9aa613a187f110f66fe5,3472323,3456323,10368969,3472323,16000,15999,0,15999,0,14,145,303,94769
C-structural,deep_dependency_chain,os_cache_warm,16000,16000,7c78218a41707f7e4e299ef06ef6f40d654c4e145ddd9aa613a187f110f66fe5,3472323,3456323,10368969,3472323,16000,15999,0,15999,9335933,15,,,125797
A0,deep_dependency_chain,os_cache_warm,16000,16000,7c78218a41707f7e4e299ef06ef6f40d654c4e145ddd9aa613a187f110f66fe5,3472323,6912646,20737938,3472323,16000,15999,0,15999,0,15,,,209276
A1,deep_dependency_chain,os_cache_warm,16000,16000,7c78218a41707f7e4e299ef06ef6f40d654c4e145ddd9aa613a187f110f66fe5,3472323,3456323,10368969,3472323,16000,15999,0,15999,0,15,123,254,98511
C-directory,deep_dependency_chain,os_cache_warm,16000,16000,7c78218a41707f7e4e299ef06ef6f40d654c4e145ddd9aa613a187f110f66fe5,3472323,3456323,10368969,3472323,16000,15999,0,15999,3848089,15,,,106596
A0,deep_dependency_chain,os_cache_warm,16000,16000,7c78218a41707f7e4e299ef06ef6f40d654c4e145ddd9aa613a187f110f66fe5,3472323,6912646,20737938,3472323,16000,15999,0,15999,0,16,,,205467
A1,deep_dependency_chain,os_cache_warm,16000,16000,7c78218a41707f7e4e299ef06ef6f40d654c4e145ddd9aa613a187f110f66fe5,3472323,3456323,10368969,3472323,16000,15999,0,15999,0,16,112,235,94641
C-directory,deep_dependency_chain,os_cache_warm,16000,16000,7c78218a41707f7e4e299ef06ef6f40d654c4e145ddd9aa613a187f110f66fe5,3472323,3456323,10368969,3472323,16000,15999,0,15999,3848089,16,,,106958
C-structural,deep_dependency_chain,os_cache_warm,16000,16000,7c78218a41707f7e4e299ef06ef6f40d654c4e145ddd9aa613a187f110f66fe5,3472323,3456323,10368969,3472323,16000,15999,0,15999,9335933,16,,,123754
A1,deep_dependency_chain,os_cache_warm,16000,16000,7c78218a41707f7e4e299ef06ef6f40d654c4e145ddd9aa613a187f110f66fe5,3472323,3456323,10368969,3472323,16000,15999,0,15999,0,17,127,280,95138
C-directory,deep_dependency_chain,os_cache_warm,16000,16000,7c78218a41707f7e4e299ef06ef6f40d654c4e145ddd9aa613a187f110f66fe5,3472323,3456323,10368969,3472323,16000,15999,0,15999,3848089,17,,,120030
C-structural,deep_dependency_chain,os_cache_warm,16000,16000,7c78218a41707f7e4e299ef06ef6f40d654c4e145ddd9aa613a187f110f66fe5,3472323,3456323,10368969,3472323,16000,15999,0,15999,9335933,17,,,124125
A0,deep_dependency_chain,os_cache_warm,16000,16000,7c78218a41707f7e4e299ef06ef6f40d654c4e145ddd9aa613a187f110f66fe5,3472323,6912646,20737938,3472323,16000,15999,0,15999,0,17,,,209248
C-directory,deep_dependency_chain,os_cache_warm,16000,16000,7c78218a41707f7e4e299ef06ef6f40d654c4e145ddd9aa613a187f110f66fe5,3472323,3456323,10368969,3472323,16000,15999,0,15999,3848089,18,,,108391
C-structural,deep_dependency_chain,os_cache_warm,16000,16000,7c78218a41707f7e4e299ef06ef6f40d654c4e145ddd9aa613a187f110f66fe5,3472323,3456323,10368969,3472323,16000,15999,0,15999,9335933,18,,,121675
A0,deep_dependency_chain,os_cache_warm,16000,16000,7c78218a41707f7e4e299ef06ef6f40d654c4e145ddd9aa613a187f110f66fe5,3472323,6912646,20737938,3472323,16000,15999,0,15999,0,18,,,213159
A1,deep_dependency_chain,os_cache_warm,16000,16000,7c78218a41707f7e4e299ef06ef6f40d654c4e145ddd9aa613a187f110f66fe5,3472323,3456323,10368969,3472323,16000,15999,0,15999,0,18,125,248,94911
C-structural,deep_dependency_chain,os_cache_warm,16000,16000,7c78218a41707f7e4e299ef06ef6f40d654c4e145ddd9aa613a187f110f66fe5,3472323,3456323,10368969,3472323,16000,15999,0,15999,9335933,19,,,123833
A0,deep_dependency_chain,os_cache_warm,16000,16000,7c78218a41707f7e4e299ef06ef6f40d654c4e145ddd9aa613a187f110f66fe5,3472323,6912646,20737938,3472323,16000,15999,0,15999,0,19,,,205802
A1,deep_dependency_chain,os_cache_warm,16000,16000,7c78218a41707f7e4e299ef06ef6f40d654c4e145ddd9aa613a187f110f66fe5,3472323,3456323,10368969,3472323,16000,15999,0,15999,0,19,112,244,94643
C-directory,deep_dependency_chain,os_cache_warm,16000,16000,7c78218a41707f7e4e299ef06ef6f40d654c4e145ddd9aa613a187f110f66fe5,3472323,3456323,10368969,3472323,16000,15999,0,15999,3848089,19,,,109025
A0,wide_fan_out,os_cache_warm,16000,32000,80767bd41707e8031f4b4abcbe80beef1279fdf32d71ae41cacfcd83a33ac51a,4192555,8353110,25059330,4192555,16000,16000,0,16000,0,0,,,239458
A1,wide_fan_out,os_cache_warm,16000,32000,80767bd41707e8031f4b4abcbe80beef1279fdf32d71ae41cacfcd83a33ac51a,4192555,4176555,12529665,4192555,16000,16000,0,16000,0,0,114,244,110024
C-directory,wide_fan_out,os_cache_warm,16000,32000,80767bd41707e8031f4b4abcbe80beef1279fdf32d71ae41cacfcd83a33ac51a,4192555,4176555,12529665,4192555,16000,16000,0,16000,3945567,0,,,134899
C-structural,wide_fan_out,os_cache_warm,16000,32000,80767bd41707e8031f4b4abcbe80beef1279fdf32d71ae41cacfcd83a33ac51a,4192555,4176555,12529665,4192555,16000,16000,0,16000,9753752,0,,,141590
A1,wide_fan_out,os_cache_warm,16000,32000,80767bd41707e8031f4b4abcbe80beef1279fdf32d71ae41cacfcd83a33ac51a,4192555,4176555,12529665,4192555,16000,16000,0,16000,0,1,98,225,117173
C-directory,wide_fan_out,os_cache_warm,16000,32000,80767bd41707e8031f4b4abcbe80beef1279fdf32d71ae41cacfcd83a33ac51a,4192555,4176555,12529665,4192555,16000,16000,0,16000,3945567,1,,,136630
C-structural,wide_fan_out,os_cache_warm,16000,32000,80767bd41707e8031f4b4abcbe80beef1279fdf32d71ae41cacfcd83a33ac51a,4192555,4176555,12529665,4192555,16000,16000,0,16000,9753752,1,,,146669
A0,wide_fan_out,os_cache_warm,16000,32000,80767bd41707e8031f4b4abcbe80beef1279fdf32d71ae41cacfcd83a33ac51a,4192555,8353110,25059330,4192555,16000,16000,0,16000,0,1,,,236448
C-directory,wide_fan_out,os_cache_warm,16000,32000,80767bd41707e8031f4b4abcbe80beef1279fdf32d71ae41cacfcd83a33ac51a,4192555,4176555,12529665,4192555,16000,16000,0,16000,3945567,2,,,138571
C-structural,wide_fan_out,os_cache_warm,16000,32000,80767bd41707e8031f4b4abcbe80beef1279fdf32d71ae41cacfcd83a33ac51a,4192555,4176555,12529665,4192555,16000,16000,0,16000,9753752,2,,,141558
A0,wide_fan_out,os_cache_warm,16000,32000,80767bd41707e8031f4b4abcbe80beef1279fdf32d71ae41cacfcd83a33ac51a,4192555,8353110,25059330,4192555,16000,16000,0,16000,0,2,,,246617
A1,wide_fan_out,os_cache_warm,16000,32000,80767bd41707e8031f4b4abcbe80beef1279fdf32d71ae41cacfcd83a33ac51a,4192555,4176555,12529665,4192555,16000,16000,0,16000,0,2,111,237,112624
C-structural,wide_fan_out,os_cache_warm,16000,32000,80767bd41707e8031f4b4abcbe80beef1279fdf32d71ae41cacfcd83a33ac51a,4192555,4176555,12529665,4192555,16000,16000,0,16000,9753752,3,,,142373
A0,wide_fan_out,os_cache_warm,16000,32000,80767bd41707e8031f4b4abcbe80beef1279fdf32d71ae41cacfcd83a33ac51a,4192555,8353110,25059330,4192555,16000,16000,0,16000,0,3,,,246290
A1,wide_fan_out,os_cache_warm,16000,32000,80767bd41707e8031f4b4abcbe80beef1279fdf32d71ae41cacfcd83a33ac51a,4192555,4176555,12529665,4192555,16000,16000,0,16000,0,3,86,207,116826
C-directory,wide_fan_out,os_cache_warm,16000,32000,80767bd41707e8031f4b4abcbe80beef1279fdf32d71ae41cacfcd83a33ac51a,4192555,4176555,12529665,4192555,16000,16000,0,16000,3945567,3,,,139926
A0,wide_fan_out,os_cache_warm,16000,32000,80767bd41707e8031f4b4abcbe80beef1279fdf32d71ae41cacfcd83a33ac51a,4192555,8353110,25059330,4192555,16000,16000,0,16000,0,4,,,246557
A1,wide_fan_out,os_cache_warm,16000,32000,80767bd41707e8031f4b4abcbe80beef1279fdf32d71ae41cacfcd83a33ac51a,4192555,4176555,12529665,4192555,16000,16000,0,16000,0,4,107,247,115474
C-directory,wide_fan_out,os_cache_warm,16000,32000,80767bd41707e8031f4b4abcbe80beef1279fdf32d71ae41cacfcd83a33ac51a,4192555,4176555,12529665,4192555,16000,16000,0,16000,3945567,4,,,133268
C-structural,wide_fan_out,os_cache_warm,16000,32000,80767bd41707e8031f4b4abcbe80beef1279fdf32d71ae41cacfcd83a33ac51a,4192555,4176555,12529665,4192555,16000,16000,0,16000,9753752,4,,,147373
A1,wide_fan_out,os_cache_warm,16000,32000,80767bd41707e8031f4b4abcbe80beef1279fdf32d71ae41cacfcd83a33ac51a,4192555,4176555,12529665,4192555,16000,16000,0,16000,0,5,123,270,115272
C-directory,wide_fan_out,os_cache_warm,16000,32000,80767bd41707e8031f4b4abcbe80beef1279fdf32d71ae41cacfcd83a33ac51a,4192555,4176555,12529665,4192555,16000,16000,0,16000,3945567,5,,,138537
C-structural,wide_fan_out,os_cache_warm,16000,32000,80767bd41707e8031f4b4abcbe80beef1279fdf32d71ae41cacfcd83a33ac51a,4192555,4176555,12529665,4192555,16000,16000,0,16000,9753752,5,,,145984
A0,wide_fan_out,os_cache_warm,16000,32000,80767bd41707e8031f4b4abcbe80beef1279fdf32d71ae41cacfcd83a33ac51a,4192555,8353110,25059330,4192555,16000,16000,0,16000,0,5,,,246680
C-directory,wide_fan_out,os_cache_warm,16000,32000,80767bd41707e8031f4b4abcbe80beef1279fdf32d71ae41cacfcd83a33ac51a,4192555,4176555,12529665,4192555,16000,16000,0,16000,3945567,6,,,133116
C-structural,wide_fan_out,os_cache_warm,16000,32000,80767bd41707e8031f4b4abcbe80beef1279fdf32d71ae41cacfcd83a33ac51a,4192555,4176555,12529665,4192555,16000,16000,0,16000,9753752,6,,,145903
A0,wide_fan_out,os_cache_warm,16000,32000,80767bd41707e8031f4b4abcbe80beef1279fdf32d71ae41cacfcd83a33ac51a,4192555,8353110,25059330,4192555,16000,16000,0,16000,0,6,,,243661
A1,wide_fan_out,os_cache_warm,16000,32000,80767bd41707e8031f4b4abcbe80beef1279fdf32d71ae41cacfcd83a33ac51a,4192555,4176555,12529665,4192555,16000,16000,0,16000,0,6,102,228,113999
C-structural,wide_fan_out,os_cache_warm,16000,32000,80767bd41707e8031f4b4abcbe80beef1279fdf32d71ae41cacfcd83a33ac51a,4192555,4176555,12529665,4192555,16000,16000,0,16000,9753752,7,,,144524
A0,wide_fan_out,os_cache_warm,16000,32000,80767bd41707e8031f4b4abcbe80beef1279fdf32d71ae41cacfcd83a33ac51a,4192555,8353110,25059330,4192555,16000,16000,0,16000,0,7,,,239336
A1,wide_fan_out,os_cache_warm,16000,32000,80767bd41707e8031f4b4abcbe80beef1279fdf32d71ae41cacfcd83a33ac51a,4192555,4176555,12529665,4192555,16000,16000,0,16000,0,7,105,231,113598
C-directory,wide_fan_out,os_cache_warm,16000,32000,80767bd41707e8031f4b4abcbe80beef1279fdf32d71ae41cacfcd83a33ac51a,4192555,4176555,12529665,4192555,16000,16000,0,16000,3945567,7,,,134528
A0,wide_fan_out,os_cache_warm,16000,32000,80767bd41707e8031f4b4abcbe80beef1279fdf32d71ae41cacfcd83a33ac51a,4192555,8353110,25059330,4192555,16000,16000,0,16000,0,8,,,235266
A1,wide_fan_out,os_cache_warm,16000,32000,80767bd41707e8031f4b4abcbe80beef1279fdf32d71ae41cacfcd83a33ac51a,4192555,4176555,12529665,4192555,16000,16000,0,16000,0,8,104,234,113434
C-directory,wide_fan_out,os_cache_warm,16000,32000,80767bd41707e8031f4b4abcbe80beef1279fdf32d71ae41cacfcd83a33ac51a,4192555,4176555,12529665,4192555,16000,16000,0,16000,3945567,8,,,131558
C-structural,wide_fan_out,os_cache_warm,16000,32000,80767bd41707e8031f4b4abcbe80beef1279fdf32d71ae41cacfcd83a33ac51a,4192555,4176555,12529665,4192555,16000,16000,0,16000,9753752,8,,,145049
A1,wide_fan_out,os_cache_warm,16000,32000,80767bd41707e8031f4b4abcbe80beef1279fdf32d71ae41cacfcd83a33ac51a,4192555,4176555,12529665,4192555,16000,16000,0,16000,0,9,115,251,111066
C-directory,wide_fan_out,os_cache_warm,16000,32000,80767bd41707e8031f4b4abcbe80beef1279fdf32d71ae41cacfcd83a33ac51a,4192555,4176555,12529665,4192555,16000,16000,0,16000,3945567,9,,,133501
C-structural,wide_fan_out,os_cache_warm,16000,32000,80767bd41707e8031f4b4abcbe80beef1279fdf32d71ae41cacfcd83a33ac51a,4192555,4176555,12529665,4192555,16000,16000,0,16000,9753752,9,,,143100
A0,wide_fan_out,os_cache_warm,16000,32000,80767bd41707e8031f4b4abcbe80beef1279fdf32d71ae41cacfcd83a33ac51a,4192555,8353110,25059330,4192555,16000,16000,0,16000,0,9,,,235669
C-directory,wide_fan_out,os_cache_warm,16000,32000,80767bd41707e8031f4b4abcbe80beef1279fdf32d71ae41cacfcd83a33ac51a,4192555,4176555,12529665,4192555,16000,16000,0,16000,3945567,10,,,131939
C-structural,wide_fan_out,os_cache_warm,16000,32000,80767bd41707e8031f4b4abcbe80beef1279fdf32d71ae41cacfcd83a33ac51a,4192555,4176555,12529665,4192555,16000,16000,0,16000,9753752,10,,,147648
A0,wide_fan_out,os_cache_warm,16000,32000,80767bd41707e8031f4b4abcbe80beef1279fdf32d71ae41cacfcd83a33ac51a,4192555,8353110,25059330,4192555,16000,16000,0,16000,0,10,,,259911
A1,wide_fan_out,os_cache_warm,16000,32000,80767bd41707e8031f4b4abcbe80beef1279fdf32d71ae41cacfcd83a33ac51a,4192555,4176555,12529665,4192555,16000,16000,0,16000,0,10,112,256,115080
C-structural,wide_fan_out,os_cache_warm,16000,32000,80767bd41707e8031f4b4abcbe80beef1279fdf32d71ae41cacfcd83a33ac51a,4192555,4176555,12529665,4192555,16000,16000,0,16000,9753752,11,,,150086
A0,wide_fan_out,os_cache_warm,16000,32000,80767bd41707e8031f4b4abcbe80beef1279fdf32d71ae41cacfcd83a33ac51a,4192555,8353110,25059330,4192555,16000,16000,0,16000,0,11,,,237544
A1,wide_fan_out,os_cache_warm,16000,32000,80767bd41707e8031f4b4abcbe80beef1279fdf32d71ae41cacfcd83a33ac51a,4192555,4176555,12529665,4192555,16000,16000,0,16000,0,11,113,262,110643
C-directory,wide_fan_out,os_cache_warm,16000,32000,80767bd41707e8031f4b4abcbe80beef1279fdf32d71ae41cacfcd83a33ac51a,4192555,4176555,12529665,4192555,16000,16000,0,16000,3945567,11,,,136408
A0,wide_fan_out,os_cache_warm,16000,32000,80767bd41707e8031f4b4abcbe80beef1279fdf32d71ae41cacfcd83a33ac51a,4192555,8353110,25059330,4192555,16000,16000,0,16000,0,12,,,244209
A1,wide_fan_out,os_cache_warm,16000,32000,80767bd41707e8031f4b4abcbe80beef1279fdf32d71ae41cacfcd83a33ac51a,4192555,4176555,12529665,4192555,16000,16000,0,16000,0,12,101,227,114427
C-directory,wide_fan_out,os_cache_warm,16000,32000,80767bd41707e8031f4b4abcbe80beef1279fdf32d71ae41cacfcd83a33ac51a,4192555,4176555,12529665,4192555,16000,16000,0,16000,3945567,12,,,139177
C-structural,wide_fan_out,os_cache_warm,16000,32000,80767bd41707e8031f4b4abcbe80beef1279fdf32d71ae41cacfcd83a33ac51a,4192555,4176555,12529665,4192555,16000,16000,0,16000,9753752,12,,,144945
A1,wide_fan_out,os_cache_warm,16000,32000,80767bd41707e8031f4b4abcbe80beef1279fdf32d71ae41cacfcd83a33ac51a,4192555,4176555,12529665,4192555,16000,16000,0,16000,0,13,112,242,115688
C-directory,wide_fan_out,os_cache_warm,16000,32000,80767bd41707e8031f4b4abcbe80beef1279fdf32d71ae41cacfcd83a33ac51a,4192555,4176555,12529665,4192555,16000,16000,0,16000,3945567,13,,,136921
C-structural,wide_fan_out,os_cache_warm,16000,32000,80767bd41707e8031f4b4abcbe80beef1279fdf32d71ae41cacfcd83a33ac51a,4192555,4176555,12529665,4192555,16000,16000,0,16000,9753752,13,,,177737
A0,wide_fan_out,os_cache_warm,16000,32000,80767bd41707e8031f4b4abcbe80beef1279fdf32d71ae41cacfcd83a33ac51a,4192555,8353110,25059330,4192555,16000,16000,0,16000,0,13,,,239607
C-directory,wide_fan_out,os_cache_warm,16000,32000,80767bd41707e8031f4b4abcbe80beef1279fdf32d71ae41cacfcd83a33ac51a,4192555,4176555,12529665,4192555,16000,16000,0,16000,3945567,14,,,135615
C-structural,wide_fan_out,os_cache_warm,16000,32000,80767bd41707e8031f4b4abcbe80beef1279fdf32d71ae41cacfcd83a33ac51a,4192555,4176555,12529665,4192555,16000,16000,0,16000,9753752,14,,,145478
A0,wide_fan_out,os_cache_warm,16000,32000,80767bd41707e8031f4b4abcbe80beef1279fdf32d71ae41cacfcd83a33ac51a,4192555,8353110,25059330,4192555,16000,16000,0,16000,0,14,,,238608
A1,wide_fan_out,os_cache_warm,16000,32000,80767bd41707e8031f4b4abcbe80beef1279fdf32d71ae41cacfcd83a33ac51a,4192555,4176555,12529665,4192555,16000,16000,0,16000,0,14,134,283,116015
C-structural,wide_fan_out,os_cache_warm,16000,32000,80767bd41707e8031f4b4abcbe80beef1279fdf32d71ae41cacfcd83a33ac51a,4192555,4176555,12529665,4192555,16000,16000,0,16000,9753752,15,,,147055
A0,wide_fan_out,os_cache_warm,16000,32000,80767bd41707e8031f4b4abcbe80beef1279fdf32d71ae41cacfcd83a33ac51a,4192555,8353110,25059330,4192555,16000,16000,0,16000,0,15,,,243658
A1,wide_fan_out,os_cache_warm,16000,32000,80767bd41707e8031f4b4abcbe80beef1279fdf32d71ae41cacfcd83a33ac51a,4192555,4176555,12529665,4192555,16000,16000,0,16000,0,15,128,261,114765
C-directory,wide_fan_out,os_cache_warm,16000,32000,80767bd41707e8031f4b4abcbe80beef1279fdf32d71ae41cacfcd83a33ac51a,4192555,4176555,12529665,4192555,16000,16000,0,16000,3945567,15,,,142859
A0,wide_fan_out,os_cache_warm,16000,32000,80767bd41707e8031f4b4abcbe80beef1279fdf32d71ae41cacfcd83a33ac51a,4192555,8353110,25059330,4192555,16000,16000,0,16000,0,16,,,237723
A1,wide_fan_out,os_cache_warm,16000,32000,80767bd41707e8031f4b4abcbe80beef1279fdf32d71ae41cacfcd83a33ac51a,4192555,4176555,12529665,4192555,16000,16000,0,16000,0,16,128,272,113654
C-directory,wide_fan_out,os_cache_warm,16000,32000,80767bd41707e8031f4b4abcbe80beef1279fdf32d71ae41cacfcd83a33ac51a,4192555,4176555,12529665,4192555,16000,16000,0,16000,3945567,16,,,137087
C-structural,wide_fan_out,os_cache_warm,16000,32000,80767bd41707e8031f4b4abcbe80beef1279fdf32d71ae41cacfcd83a33ac51a,4192555,4176555,12529665,4192555,16000,16000,0,16000,9753752,16,,,145846
A1,wide_fan_out,os_cache_warm,16000,32000,80767bd41707e8031f4b4abcbe80beef1279fdf32d71ae41cacfcd83a33ac51a,4192555,4176555,12529665,4192555,16000,16000,0,16000,0,17,107,245,112339
C-directory,wide_fan_out,os_cache_warm,16000,32000,80767bd41707e8031f4b4abcbe80beef1279fdf32d71ae41cacfcd83a33ac51a,4192555,4176555,12529665,4192555,16000,16000,0,16000,3945567,17,,,135412
C-structural,wide_fan_out,os_cache_warm,16000,32000,80767bd41707e8031f4b4abcbe80beef1279fdf32d71ae41cacfcd83a33ac51a,4192555,4176555,12529665,4192555,16000,16000,0,16000,9753752,17,,,143810
A0,wide_fan_out,os_cache_warm,16000,32000,80767bd41707e8031f4b4abcbe80beef1279fdf32d71ae41cacfcd83a33ac51a,4192555,8353110,25059330,4192555,16000,16000,0,16000,0,17,,,232328
C-directory,wide_fan_out,os_cache_warm,16000,32000,80767bd41707e8031f4b4abcbe80beef1279fdf32d71ae41cacfcd83a33ac51a,4192555,4176555,12529665,4192555,16000,16000,0,16000,3945567,18,,,132671
C-structural,wide_fan_out,os_cache_warm,16000,32000,80767bd41707e8031f4b4abcbe80beef1279fdf32d71ae41cacfcd83a33ac51a,4192555,4176555,12529665,4192555,16000,16000,0,16000,9753752,18,,,140453
A0,wide_fan_out,os_cache_warm,16000,32000,80767bd41707e8031f4b4abcbe80beef1279fdf32d71ae41cacfcd83a33ac51a,4192555,8353110,25059330,4192555,16000,16000,0,16000,0,18,,,239398
A1,wide_fan_out,os_cache_warm,16000,32000,80767bd41707e8031f4b4abcbe80beef1279fdf32d71ae41cacfcd83a33ac51a,4192555,4176555,12529665,4192555,16000,16000,0,16000,0,18,121,258,115071
C-structural,wide_fan_out,os_cache_warm,16000,32000,80767bd41707e8031f4b4abcbe80beef1279fdf32d71ae41cacfcd83a33ac51a,4192555,4176555,12529665,4192555,16000,16000,0,16000,9753752,19,,,153916
A0,wide_fan_out,os_cache_warm,16000,32000,80767bd41707e8031f4b4abcbe80beef1279fdf32d71ae41cacfcd83a33ac51a,4192555,8353110,25059330,4192555,16000,16000,0,16000,0,19,,,243750
A1,wide_fan_out,os_cache_warm,16000,32000,80767bd41707e8031f4b4abcbe80beef1279fdf32d71ae41cacfcd83a33ac51a,4192555,4176555,12529665,4192555,16000,16000,0,16000,0,19,141,306,116885
C-directory,wide_fan_out,os_cache_warm,16000,32000,80767bd41707e8031f4b4abcbe80beef1279fdf32d71ae41cacfcd83a33ac51a,4192555,4176555,12529665,4192555,16000,16000,0,16000,3945567,19,,,133771
A0,wide_fan_in,os_cache_warm,16000,32000,1a4d484cf83b9bfccacdc39fab00edb7a469e4ffc0d8ba102c61b61e9f9f5669,123136573,246241146,738723438,123136573,16000,2032000,0,1024000,0,0,,,5140504
A1,wide_fan_in,os_cache_warm,16000,32000,1a4d484cf83b9bfccacdc39fab00edb7a469e4ffc0d8ba102c61b61e9f9f5669,123136573,123120573,369361719,123136573,16000,2032000,0,1024000,0,0,139,418,2542118
C-directory,wide_fan_in,os_cache_warm,16000,32000,1a4d484cf83b9bfccacdc39fab00edb7a469e4ffc0d8ba102c61b61e9f9f5669,123136573,123120573,369361719,123136573,16000,2032000,0,1024000,3982049,0,,,2965480
C-structural,wide_fan_in,os_cache_warm,16000,32000,1a4d484cf83b9bfccacdc39fab00edb7a469e4ffc0d8ba102c61b61e9f9f5669,123136573,123120573,369361719,123136573,16000,2032000,0,1024000,125950156,0,,,3768224
A1,wide_fan_in,os_cache_warm,16000,32000,1a4d484cf83b9bfccacdc39fab00edb7a469e4ffc0d8ba102c61b61e9f9f5669,123136573,123120573,369361719,123136573,16000,2032000,0,1024000,0,1,150,429,2830686
C-directory,wide_fan_in,os_cache_warm,16000,32000,1a4d484cf83b9bfccacdc39fab00edb7a469e4ffc0d8ba102c61b61e9f9f5669,123136573,123120573,369361719,123136573,16000,2032000,0,1024000,3982049,1,,,2953952
C-structural,wide_fan_in,os_cache_warm,16000,32000,1a4d484cf83b9bfccacdc39fab00edb7a469e4ffc0d8ba102c61b61e9f9f5669,123136573,123120573,369361719,123136573,16000,2032000,0,1024000,125950156,1,,,3633298
A0,wide_fan_in,os_cache_warm,16000,32000,1a4d484cf83b9bfccacdc39fab00edb7a469e4ffc0d8ba102c61b61e9f9f5669,123136573,246241146,738723438,123136573,16000,2032000,0,1024000,0,1,,,5155077
C-directory,wide_fan_in,os_cache_warm,16000,32000,1a4d484cf83b9bfccacdc39fab00edb7a469e4ffc0d8ba102c61b61e9f9f5669,123136573,123120573,369361719,123136573,16000,2032000,0,1024000,3982049,2,,,2960034
C-structural,wide_fan_in,os_cache_warm,16000,32000,1a4d484cf83b9bfccacdc39fab00edb7a469e4ffc0d8ba102c61b61e9f9f5669,123136573,123120573,369361719,123136573,16000,2032000,0,1024000,125950156,2,,,3684655
A0,wide_fan_in,os_cache_warm,16000,32000,1a4d484cf83b9bfccacdc39fab00edb7a469e4ffc0d8ba102c61b61e9f9f5669,123136573,246241146,738723438,123136573,16000,2032000,0,1024000,0,2,,,5181746
A1,wide_fan_in,os_cache_warm,16000,32000,1a4d484cf83b9bfccacdc39fab00edb7a469e4ffc0d8ba102c61b61e9f9f5669,123136573,123120573,369361719,123136573,16000,2032000,0,1024000,0,2,148,448,2513270
C-structural,wide_fan_in,os_cache_warm,16000,32000,1a4d484cf83b9bfccacdc39fab00edb7a469e4ffc0d8ba102c61b61e9f9f5669,123136573,123120573,369361719,123136573,16000,2032000,0,1024000,125950156,3,,,3709146
A0,wide_fan_in,os_cache_warm,16000,32000,1a4d484cf83b9bfccacdc39fab00edb7a469e4ffc0d8ba102c61b61e9f9f5669,123136573,246241146,738723438,123136573,16000,2032000,0,1024000,0,3,,,5226889
A1,wide_fan_in,os_cache_warm,16000,32000,1a4d484cf83b9bfccacdc39fab00edb7a469e4ffc0d8ba102c61b61e9f9f5669,123136573,123120573,369361719,123136573,16000,2032000,0,1024000,0,3,125,393,2544798
C-directory,wide_fan_in,os_cache_warm,16000,32000,1a4d484cf83b9bfccacdc39fab00edb7a469e4ffc0d8ba102c61b61e9f9f5669,123136573,123120573,369361719,123136573,16000,2032000,0,1024000,3982049,3,,,2961870
A0,wide_fan_in,os_cache_warm,16000,32000,1a4d484cf83b9bfccacdc39fab00edb7a469e4ffc0d8ba102c61b61e9f9f5669,123136573,246241146,738723438,123136573,16000,2032000,0,1024000,0,4,,,5115080
A1,wide_fan_in,os_cache_warm,16000,32000,1a4d484cf83b9bfccacdc39fab00edb7a469e4ffc0d8ba102c61b61e9f9f5669,123136573,123120573,369361719,123136573,16000,2032000,0,1024000,0,4,177,483,2476589
C-directory,wide_fan_in,os_cache_warm,16000,32000,1a4d484cf83b9bfccacdc39fab00edb7a469e4ffc0d8ba102c61b61e9f9f5669,123136573,123120573,369361719,123136573,16000,2032000,0,1024000,3982049,4,,,2952726
C-structural,wide_fan_in,os_cache_warm,16000,32000,1a4d484cf83b9bfccacdc39fab00edb7a469e4ffc0d8ba102c61b61e9f9f5669,123136573,123120573,369361719,123136573,16000,2032000,0,1024000,125950156,4,,,3656881
A1,wide_fan_in,os_cache_warm,16000,32000,1a4d484cf83b9bfccacdc39fab00edb7a469e4ffc0d8ba102c61b61e9f9f5669,123136573,123120573,369361719,123136573,16000,2032000,0,1024000,0,5,279,615,2514688
C-directory,wide_fan_in,os_cache_warm,16000,32000,1a4d484cf83b9bfccacdc39fab00edb7a469e4ffc0d8ba102c61b61e9f9f5669,123136573,123120573,369361719,123136573,16000,2032000,0,1024000,3982049,5,,,3017140
C-structural,wide_fan_in,os_cache_warm,16000,32000,1a4d484cf83b9bfccacdc39fab00edb7a469e4ffc0d8ba102c61b61e9f9f5669,123136573,123120573,369361719,123136573,16000,2032000,0,1024000,125950156,5,,,3571701
A0,wide_fan_in,os_cache_warm,16000,32000,1a4d484cf83b9bfccacdc39fab00edb7a469e4ffc0d8ba102c61b61e9f9f5669,123136573,246241146,738723438,123136573,16000,2032000,0,1024000,0,5,,,5117056
C-directory,wide_fan_in,os_cache_warm,16000,32000,1a4d484cf83b9bfccacdc39fab00edb7a469e4ffc0d8ba102c61b61e9f9f5669,123136573,123120573,369361719,123136573,16000,2032000,0,1024000,3982049,6,,,2966871
C-structural,wide_fan_in,os_cache_warm,16000,32000,1a4d484cf83b9bfccacdc39fab00edb7a469e4ffc0d8ba102c61b61e9f9f5669,123136573,123120573,369361719,123136573,16000,2032000,0,1024000,125950156,6,,,3609360
A0,wide_fan_in,os_cache_warm,16000,32000,1a4d484cf83b9bfccacdc39fab00edb7a469e4ffc0d8ba102c61b61e9f9f5669,123136573,246241146,738723438,123136573,16000,2032000,0,1024000,0,6,,,5096056
A1,wide_fan_in,os_cache_warm,16000,32000,1a4d484cf83b9bfccacdc39fab00edb7a469e4ffc0d8ba102c61b61e9f9f5669,123136573,123120573,369361719,123136573,16000,2032000,0,1024000,0,6,126,425,2565198
C-structural,wide_fan_in,os_cache_warm,16000,32000,1a4d484cf83b9bfccacdc39fab00edb7a469e4ffc0d8ba102c61b61e9f9f5669,123136573,123120573,369361719,123136573,16000,2032000,0,1024000,125950156,7,,,3620714
A0,wide_fan_in,os_cache_warm,16000,32000,1a4d484cf83b9bfccacdc39fab00edb7a469e4ffc0d8ba102c61b61e9f9f5669,123136573,246241146,738723438,123136573,16000,2032000,0,1024000,0,7,,,5169082
A1,wide_fan_in,os_cache_warm,16000,32000,1a4d484cf83b9bfccacdc39fab00edb7a469e4ffc0d8ba102c61b61e9f9f5669,123136573,123120573,369361719,123136573,16000,2032000,0,1024000,0,7,142,430,2562974
C-directory,wide_fan_in,os_cache_warm,16000,32000,1a4d484cf83b9bfccacdc39fab00edb7a469e4ffc0d8ba102c61b61e9f9f5669,123136573,123120573,369361719,123136573,16000,2032000,0,1024000,3982049,7,,,2977662
A0,wide_fan_in,os_cache_warm,16000,32000,1a4d484cf83b9bfccacdc39fab00edb7a469e4ffc0d8ba102c61b61e9f9f5669,123136573,246241146,738723438,123136573,16000,2032000,0,1024000,0,8,,,5306251
A1,wide_fan_in,os_cache_warm,16000,32000,1a4d484cf83b9bfccacdc39fab00edb7a469e4ffc0d8ba102c61b61e9f9f5669,123136573,123120573,369361719,123136573,16000,2032000,0,1024000,0,8,157,439,2494600
C-directory,wide_fan_in,os_cache_warm,16000,32000,1a4d484cf83b9bfccacdc39fab00edb7a469e4ffc0d8ba102c61b61e9f9f5669,123136573,123120573,369361719,123136573,16000,2032000,0,1024000,3982049,8,,,2972774
C-structural,wide_fan_in,os_cache_warm,16000,32000,1a4d484cf83b9bfccacdc39fab00edb7a469e4ffc0d8ba102c61b61e9f9f5669,123136573,123120573,369361719,123136573,16000,2032000,0,1024000,125950156,8,,,3643279
A1,wide_fan_in,os_cache_warm,16000,32000,1a4d484cf83b9bfccacdc39fab00edb7a469e4ffc0d8ba102c61b61e9f9f5669,123136573,123120573,369361719,123136573,16000,2032000,0,1024000,0,9,153,435,2448943
C-directory,wide_fan_in,os_cache_warm,16000,32000,1a4d484cf83b9bfccacdc39fab00edb7a469e4ffc0d8ba102c61b61e9f9f5669,123136573,123120573,369361719,123136573,16000,2032000,0,1024000,3982049,9,,,2982502
C-structural,wide_fan_in,os_cache_warm,16000,32000,1a4d484cf83b9bfccacdc39fab00edb7a469e4ffc0d8ba102c61b61e9f9f5669,123136573,123120573,369361719,123136573,16000,2032000,0,1024000,125950156,9,,,3585167
A0,wide_fan_in,os_cache_warm,16000,32000,1a4d484cf83b9bfccacdc39fab00edb7a469e4ffc0d8ba102c61b61e9f9f5669,123136573,246241146,738723438,123136573,16000,2032000,0,1024000,0,9,,,5131743
C-directory,wide_fan_in,os_cache_warm,16000,32000,1a4d484cf83b9bfccacdc39fab00edb7a469e4ffc0d8ba102c61b61e9f9f5669,123136573,123120573,369361719,123136573,16000,2032000,0,1024000,3982049,10,,,2944806
C-structural,wide_fan_in,os_cache_warm,16000,32000,1a4d484cf83b9bfccacdc39fab00edb7a469e4ffc0d8ba102c61b61e9f9f5669,123136573,123120573,369361719,123136573,16000,2032000,0,1024000,125950156,10,,,3559324
A0,wide_fan_in,os_cache_warm,16000,32000,1a4d484cf83b9bfccacdc39fab00edb7a469e4ffc0d8ba102c61b61e9f9f5669,123136573,246241146,738723438,123136573,16000,2032000,0,1024000,0,10,,,5087296
A1,wide_fan_in,os_cache_warm,16000,32000,1a4d484cf83b9bfccacdc39fab00edb7a469e4ffc0d8ba102c61b61e9f9f5669,123136573,123120573,369361719,123136573,16000,2032000,0,1024000,0,10,138,422,2477285
C-structural,wide_fan_in,os_cache_warm,16000,32000,1a4d484cf83b9bfccacdc39fab00edb7a469e4ffc0d8ba102c61b61e9f9f5669,123136573,123120573,369361719,123136573,16000,2032000,0,1024000,125950156,11,,,3595195
A0,wide_fan_in,os_cache_warm,16000,32000,1a4d484cf83b9bfccacdc39fab00edb7a469e4ffc0d8ba102c61b61e9f9f5669,123136573,246241146,738723438,123136573,16000,2032000,0,1024000,0,11,,,5144345
A1,wide_fan_in,os_cache_warm,16000,32000,1a4d484cf83b9bfccacdc39fab00edb7a469e4ffc0d8ba102c61b61e9f9f5669,123136573,123120573,369361719,123136573,16000,2032000,0,1024000,0,11,126,433,2538757
C-directory,wide_fan_in,os_cache_warm,16000,32000,1a4d484cf83b9bfccacdc39fab00edb7a469e4ffc0d8ba102c61b61e9f9f5669,123136573,123120573,369361719,123136573,16000,2032000,0,1024000,3982049,11,,,2964594
A0,wide_fan_in,os_cache_warm,16000,32000,1a4d484cf83b9bfccacdc39fab00edb7a469e4ffc0d8ba102c61b61e9f9f5669,123136573,246241146,738723438,123136573,16000,2032000,0,1024000,0,12,,,5139395
A1,wide_fan_in,os_cache_warm,16000,32000,1a4d484cf83b9bfccacdc39fab00edb7a469e4ffc0d8ba102c61b61e9f9f5669,123136573,123120573,369361719,123136573,16000,2032000,0,1024000,0,12,146,451,2488281
C-directory,wide_fan_in,os_cache_warm,16000,32000,1a4d484cf83b9bfccacdc39fab00edb7a469e4ffc0d8ba102c61b61e9f9f5669,123136573,123120573,369361719,123136573,16000,2032000,0,1024000,3982049,12,,,2930201
C-structural,wide_fan_in,os_cache_warm,16000,32000,1a4d484cf83b9bfccacdc39fab00edb7a469e4ffc0d8ba102c61b61e9f9f5669,123136573,123120573,369361719,123136573,16000,2032000,0,1024000,125950156,12,,,3561134
A1,wide_fan_in,os_cache_warm,16000,32000,1a4d484cf83b9bfccacdc39fab00edb7a469e4ffc0d8ba102c61b61e9f9f5669,123136573,123120573,369361719,123136573,16000,2032000,0,1024000,0,13,148,444,2460893
C-directory,wide_fan_in,os_cache_warm,16000,32000,1a4d484cf83b9bfccacdc39fab00edb7a469e4ffc0d8ba102c61b61e9f9f5669,123136573,123120573,369361719,123136573,16000,2032000,0,1024000,3982049,13,,,3037283
C-structural,wide_fan_in,os_cache_warm,16000,32000,1a4d484cf83b9bfccacdc39fab00edb7a469e4ffc0d8ba102c61b61e9f9f5669,123136573,123120573,369361719,123136573,16000,2032000,0,1024000,125950156,13,,,3609874
A0,wide_fan_in,os_cache_warm,16000,32000,1a4d484cf83b9bfccacdc39fab00edb7a469e4ffc0d8ba102c61b61e9f9f5669,123136573,246241146,738723438,123136573,16000,2032000,0,1024000,0,13,,,5098527
C-directory,wide_fan_in,os_cache_warm,16000,32000,1a4d484cf83b9bfccacdc39fab00edb7a469e4ffc0d8ba102c61b61e9f9f5669,123136573,123120573,369361719,123136573,16000,2032000,0,1024000,3982049,14,,,2956319
C-structural,wide_fan_in,os_cache_warm,16000,32000,1a4d484cf83b9bfccacdc39fab00edb7a469e4ffc0d8ba102c61b61e9f9f5669,123136573,123120573,369361719,123136573,16000,2032000,0,1024000,125950156,14,,,3633327
A0,wide_fan_in,os_cache_warm,16000,32000,1a4d484cf83b9bfccacdc39fab00edb7a469e4ffc0d8ba102c61b61e9f9f5669,123136573,246241146,738723438,123136573,16000,2032000,0,1024000,0,14,,,5108050
A1,wide_fan_in,os_cache_warm,16000,32000,1a4d484cf83b9bfccacdc39fab00edb7a469e4ffc0d8ba102c61b61e9f9f5669,123136573,123120573,369361719,123136573,16000,2032000,0,1024000,0,14,133,408,2509666
C-structural,wide_fan_in,os_cache_warm,16000,32000,1a4d484cf83b9bfccacdc39fab00edb7a469e4ffc0d8ba102c61b61e9f9f5669,123136573,123120573,369361719,123136573,16000,2032000,0,1024000,125950156,15,,,3648929
A0,wide_fan_in,os_cache_warm,16000,32000,1a4d484cf83b9bfccacdc39fab00edb7a469e4ffc0d8ba102c61b61e9f9f5669,123136573,246241146,738723438,123136573,16000,2032000,0,1024000,0,15,,,5212693
A1,wide_fan_in,os_cache_warm,16000,32000,1a4d484cf83b9bfccacdc39fab00edb7a469e4ffc0d8ba102c61b61e9f9f5669,123136573,123120573,369361719,123136573,16000,2032000,0,1024000,0,15,142,433,2652312
C-directory,wide_fan_in,os_cache_warm,16000,32000,1a4d484cf83b9bfccacdc39fab00edb7a469e4ffc0d8ba102c61b61e9f9f5669,123136573,123120573,369361719,123136573,16000,2032000,0,1024000,3982049,15,,,2979006
A0,wide_fan_in,os_cache_warm,16000,32000,1a4d484cf83b9bfccacdc39fab00edb7a469e4ffc0d8ba102c61b61e9f9f5669,123136573,246241146,738723438,123136573,16000,2032000,0,1024000,0,16,,,5145317
A1,wide_fan_in,os_cache_warm,16000,32000,1a4d484cf83b9bfccacdc39fab00edb7a469e4ffc0d8ba102c61b61e9f9f5669,123136573,123120573,369361719,123136573,16000,2032000,0,1024000,0,16,138,426,2483399
C-directory,wide_fan_in,os_cache_warm,16000,32000,1a4d484cf83b9bfccacdc39fab00edb7a469e4ffc0d8ba102c61b61e9f9f5669,123136573,123120573,369361719,123136573,16000,2032000,0,1024000,3982049,16,,,3020625
C-structural,wide_fan_in,os_cache_warm,16000,32000,1a4d484cf83b9bfccacdc39fab00edb7a469e4ffc0d8ba102c61b61e9f9f5669,123136573,123120573,369361719,123136573,16000,2032000,0,1024000,125950156,16,,,3697461
A1,wide_fan_in,os_cache_warm,16000,32000,1a4d484cf83b9bfccacdc39fab00edb7a469e4ffc0d8ba102c61b61e9f9f5669,123136573,123120573,369361719,123136573,16000,2032000,0,1024000,0,17,130,445,2643302
C-directory,wide_fan_in,os_cache_warm,16000,32000,1a4d484cf83b9bfccacdc39fab00edb7a469e4ffc0d8ba102c61b61e9f9f5669,123136573,123120573,369361719,123136573,16000,2032000,0,1024000,3982049,17,,,3174316
C-structural,wide_fan_in,os_cache_warm,16000,32000,1a4d484cf83b9bfccacdc39fab00edb7a469e4ffc0d8ba102c61b61e9f9f5669,123136573,123120573,369361719,123136573,16000,2032000,0,1024000,125950156,17,,,3795578
A0,wide_fan_in,os_cache_warm,16000,32000,1a4d484cf83b9bfccacdc39fab00edb7a469e4ffc0d8ba102c61b61e9f9f5669,123136573,246241146,738723438,123136573,16000,2032000,0,1024000,0,17,,,5313040
C-directory,wide_fan_in,os_cache_warm,16000,32000,1a4d484cf83b9bfccacdc39fab00edb7a469e4ffc0d8ba102c61b61e9f9f5669,123136573,123120573,369361719,123136573,16000,2032000,0,1024000,3982049,18,,,3054319
C-structural,wide_fan_in,os_cache_warm,16000,32000,1a4d484cf83b9bfccacdc39fab00edb7a469e4ffc0d8ba102c61b61e9f9f5669,123136573,123120573,369361719,123136573,16000,2032000,0,1024000,125950156,18,,,3730562
A0,wide_fan_in,os_cache_warm,16000,32000,1a4d484cf83b9bfccacdc39fab00edb7a469e4ffc0d8ba102c61b61e9f9f5669,123136573,246241146,738723438,123136573,16000,2032000,0,1024000,0,18,,,5289191
A1,wide_fan_in,os_cache_warm,16000,32000,1a4d484cf83b9bfccacdc39fab00edb7a469e4ffc0d8ba102c61b61e9f9f5669,123136573,123120573,369361719,123136573,16000,2032000,0,1024000,0,18,355,794,2602345
C-structural,wide_fan_in,os_cache_warm,16000,32000,1a4d484cf83b9bfccacdc39fab00edb7a469e4ffc0d8ba102c61b61e9f9f5669,123136573,123120573,369361719,123136573,16000,2032000,0,1024000,125950156,19,,,4144458
A0,wide_fan_in,os_cache_warm,16000,32000,1a4d484cf83b9bfccacdc39fab00edb7a469e4ffc0d8ba102c61b61e9f9f5669,123136573,246241146,738723438,123136573,16000,2032000,0,1024000,0,19,,,6312713
A1,wide_fan_in,os_cache_warm,16000,32000,1a4d484cf83b9bfccacdc39fab00edb7a469e4ffc0d8ba102c61b61e9f9f5669,123136573,123120573,369361719,123136573,16000,2032000,0,1024000,0,19,162,494,2538480
C-directory,wide_fan_in,os_cache_warm,16000,32000,1a4d484cf83b9bfccacdc39fab00edb7a469e4ffc0d8ba102c61b61e9f9f5669,123136573,123120573,369361719,123136573,16000,2032000,0,1024000,3982049,19,,,3092502
A0,cross_shard_cycle,os_cache_warm,16000,16000,32a039ef76955a274773ca5443d3b5ea02a81146228801654afde8a5adf8d512,3472397,6912794,20738382,3472397,16000,16000,0,16000,0,0,,,206718
A1,cross_shard_cycle,os_cache_warm,16000,16000,32a039ef76955a274773ca5443d3b5ea02a81146228801654afde8a5adf8d512,3472397,3456397,10369191,3472397,16000,16000,0,16000,0,0,121,252,95239
C-directory,cross_shard_cycle,os_cache_warm,16000,16000,32a039ef76955a274773ca5443d3b5ea02a81146228801654afde8a5adf8d512,3472397,3456397,10369191,3472397,16000,16000,0,16000,3848085,0,,,112698
C-structural,cross_shard_cycle,os_cache_warm,16000,16000,32a039ef76955a274773ca5443d3b5ea02a81146228801654afde8a5adf8d512,3472397,3456397,10369191,3472397,16000,16000,0,16000,9336192,0,,,127612
A1,cross_shard_cycle,os_cache_warm,16000,16000,32a039ef76955a274773ca5443d3b5ea02a81146228801654afde8a5adf8d512,3472397,3456397,10369191,3472397,16000,16000,0,16000,0,1,125,260,95323
C-directory,cross_shard_cycle,os_cache_warm,16000,16000,32a039ef76955a274773ca5443d3b5ea02a81146228801654afde8a5adf8d512,3472397,3456397,10369191,3472397,16000,16000,0,16000,3848085,1,,,115541
C-structural,cross_shard_cycle,os_cache_warm,16000,16000,32a039ef76955a274773ca5443d3b5ea02a81146228801654afde8a5adf8d512,3472397,3456397,10369191,3472397,16000,16000,0,16000,9336192,1,,,124783
A0,cross_shard_cycle,os_cache_warm,16000,16000,32a039ef76955a274773ca5443d3b5ea02a81146228801654afde8a5adf8d512,3472397,6912794,20738382,3472397,16000,16000,0,16000,0,1,,,205442
C-directory,cross_shard_cycle,os_cache_warm,16000,16000,32a039ef76955a274773ca5443d3b5ea02a81146228801654afde8a5adf8d512,3472397,3456397,10369191,3472397,16000,16000,0,16000,3848085,2,,,110427
C-structural,cross_shard_cycle,os_cache_warm,16000,16000,32a039ef76955a274773ca5443d3b5ea02a81146228801654afde8a5adf8d512,3472397,3456397,10369191,3472397,16000,16000,0,16000,9336192,2,,,123563
A0,cross_shard_cycle,os_cache_warm,16000,16000,32a039ef76955a274773ca5443d3b5ea02a81146228801654afde8a5adf8d512,3472397,6912794,20738382,3472397,16000,16000,0,16000,0,2,,,203301
A1,cross_shard_cycle,os_cache_warm,16000,16000,32a039ef76955a274773ca5443d3b5ea02a81146228801654afde8a5adf8d512,3472397,3456397,10369191,3472397,16000,16000,0,16000,0,2,128,254,94045
C-structural,cross_shard_cycle,os_cache_warm,16000,16000,32a039ef76955a274773ca5443d3b5ea02a81146228801654afde8a5adf8d512,3472397,3456397,10369191,3472397,16000,16000,0,16000,9336192,3,,,124126
A0,cross_shard_cycle,os_cache_warm,16000,16000,32a039ef76955a274773ca5443d3b5ea02a81146228801654afde8a5adf8d512,3472397,6912794,20738382,3472397,16000,16000,0,16000,0,3,,,198264
A1,cross_shard_cycle,os_cache_warm,16000,16000,32a039ef76955a274773ca5443d3b5ea02a81146228801654afde8a5adf8d512,3472397,3456397,10369191,3472397,16000,16000,0,16000,0,3,154,361,94245
C-directory,cross_shard_cycle,os_cache_warm,16000,16000,32a039ef76955a274773ca5443d3b5ea02a81146228801654afde8a5adf8d512,3472397,3456397,10369191,3472397,16000,16000,0,16000,3848085,3,,,109837
A0,cross_shard_cycle,os_cache_warm,16000,16000,32a039ef76955a274773ca5443d3b5ea02a81146228801654afde8a5adf8d512,3472397,6912794,20738382,3472397,16000,16000,0,16000,0,4,,,205343
A1,cross_shard_cycle,os_cache_warm,16000,16000,32a039ef76955a274773ca5443d3b5ea02a81146228801654afde8a5adf8d512,3472397,3456397,10369191,3472397,16000,16000,0,16000,0,4,117,246,95011
C-directory,cross_shard_cycle,os_cache_warm,16000,16000,32a039ef76955a274773ca5443d3b5ea02a81146228801654afde8a5adf8d512,3472397,3456397,10369191,3472397,16000,16000,0,16000,3848085,4,,,112306
C-structural,cross_shard_cycle,os_cache_warm,16000,16000,32a039ef76955a274773ca5443d3b5ea02a81146228801654afde8a5adf8d512,3472397,3456397,10369191,3472397,16000,16000,0,16000,9336192,4,,,127733
A1,cross_shard_cycle,os_cache_warm,16000,16000,32a039ef76955a274773ca5443d3b5ea02a81146228801654afde8a5adf8d512,3472397,3456397,10369191,3472397,16000,16000,0,16000,0,5,113,229,93640
C-directory,cross_shard_cycle,os_cache_warm,16000,16000,32a039ef76955a274773ca5443d3b5ea02a81146228801654afde8a5adf8d512,3472397,3456397,10369191,3472397,16000,16000,0,16000,3848085,5,,,109033
C-structural,cross_shard_cycle,os_cache_warm,16000,16000,32a039ef76955a274773ca5443d3b5ea02a81146228801654afde8a5adf8d512,3472397,3456397,10369191,3472397,16000,16000,0,16000,9336192,5,,,124664
A0,cross_shard_cycle,os_cache_warm,16000,16000,32a039ef76955a274773ca5443d3b5ea02a81146228801654afde8a5adf8d512,3472397,6912794,20738382,3472397,16000,16000,0,16000,0,5,,,199200
C-directory,cross_shard_cycle,os_cache_warm,16000,16000,32a039ef76955a274773ca5443d3b5ea02a81146228801654afde8a5adf8d512,3472397,3456397,10369191,3472397,16000,16000,0,16000,3848085,6,,,109563
C-structural,cross_shard_cycle,os_cache_warm,16000,16000,32a039ef76955a274773ca5443d3b5ea02a81146228801654afde8a5adf8d512,3472397,3456397,10369191,3472397,16000,16000,0,16000,9336192,6,,,122515
A0,cross_shard_cycle,os_cache_warm,16000,16000,32a039ef76955a274773ca5443d3b5ea02a81146228801654afde8a5adf8d512,3472397,6912794,20738382,3472397,16000,16000,0,16000,0,6,,,197527
A1,cross_shard_cycle,os_cache_warm,16000,16000,32a039ef76955a274773ca5443d3b5ea02a81146228801654afde8a5adf8d512,3472397,3456397,10369191,3472397,16000,16000,0,16000,0,6,118,251,94827
C-structural,cross_shard_cycle,os_cache_warm,16000,16000,32a039ef76955a274773ca5443d3b5ea02a81146228801654afde8a5adf8d512,3472397,3456397,10369191,3472397,16000,16000,0,16000,9336192,7,,,126026
A0,cross_shard_cycle,os_cache_warm,16000,16000,32a039ef76955a274773ca5443d3b5ea02a81146228801654afde8a5adf8d512,3472397,6912794,20738382,3472397,16000,16000,0,16000,0,7,,,204724
A1,cross_shard_cycle,os_cache_warm,16000,16000,32a039ef76955a274773ca5443d3b5ea02a81146228801654afde8a5adf8d512,3472397,3456397,10369191,3472397,16000,16000,0,16000,0,7,120,254,95628
C-directory,cross_shard_cycle,os_cache_warm,16000,16000,32a039ef76955a274773ca5443d3b5ea02a81146228801654afde8a5adf8d512,3472397,3456397,10369191,3472397,16000,16000,0,16000,3848085,7,,,108222
A0,cross_shard_cycle,os_cache_warm,16000,16000,32a039ef76955a274773ca5443d3b5ea02a81146228801654afde8a5adf8d512,3472397,6912794,20738382,3472397,16000,16000,0,16000,0,8,,,193109
A1,cross_shard_cycle,os_cache_warm,16000,16000,32a039ef76955a274773ca5443d3b5ea02a81146228801654afde8a5adf8d512,3472397,3456397,10369191,3472397,16000,16000,0,16000,0,8,122,268,93171
C-directory,cross_shard_cycle,os_cache_warm,16000,16000,32a039ef76955a274773ca5443d3b5ea02a81146228801654afde8a5adf8d512,3472397,3456397,10369191,3472397,16000,16000,0,16000,3848085,8,,,107417
C-structural,cross_shard_cycle,os_cache_warm,16000,16000,32a039ef76955a274773ca5443d3b5ea02a81146228801654afde8a5adf8d512,3472397,3456397,10369191,3472397,16000,16000,0,16000,9336192,8,,,123618
A1,cross_shard_cycle,os_cache_warm,16000,16000,32a039ef76955a274773ca5443d3b5ea02a81146228801654afde8a5adf8d512,3472397,3456397,10369191,3472397,16000,16000,0,16000,0,9,119,246,94507
C-directory,cross_shard_cycle,os_cache_warm,16000,16000,32a039ef76955a274773ca5443d3b5ea02a81146228801654afde8a5adf8d512,3472397,3456397,10369191,3472397,16000,16000,0,16000,3848085,9,,,109773
C-structural,cross_shard_cycle,os_cache_warm,16000,16000,32a039ef76955a274773ca5443d3b5ea02a81146228801654afde8a5adf8d512,3472397,3456397,10369191,3472397,16000,16000,0,16000,9336192,9,,,126522
A0,cross_shard_cycle,os_cache_warm,16000,16000,32a039ef76955a274773ca5443d3b5ea02a81146228801654afde8a5adf8d512,3472397,6912794,20738382,3472397,16000,16000,0,16000,0,9,,,198774
C-directory,cross_shard_cycle,os_cache_warm,16000,16000,32a039ef76955a274773ca5443d3b5ea02a81146228801654afde8a5adf8d512,3472397,3456397,10369191,3472397,16000,16000,0,16000,3848085,10,,,109752
C-structural,cross_shard_cycle,os_cache_warm,16000,16000,32a039ef76955a274773ca5443d3b5ea02a81146228801654afde8a5adf8d512,3472397,3456397,10369191,3472397,16000,16000,0,16000,9336192,10,,,123338
A0,cross_shard_cycle,os_cache_warm,16000,16000,32a039ef76955a274773ca5443d3b5ea02a81146228801654afde8a5adf8d512,3472397,6912794,20738382,3472397,16000,16000,0,16000,0,10,,,200242
A1,cross_shard_cycle,os_cache_warm,16000,16000,32a039ef76955a274773ca5443d3b5ea02a81146228801654afde8a5adf8d512,3472397,3456397,10369191,3472397,16000,16000,0,16000,0,10,89,212,93381
C-structural,cross_shard_cycle,os_cache_warm,16000,16000,32a039ef76955a274773ca5443d3b5ea02a81146228801654afde8a5adf8d512,3472397,3456397,10369191,3472397,16000,16000,0,16000,9336192,11,,,123074
A0,cross_shard_cycle,os_cache_warm,16000,16000,32a039ef76955a274773ca5443d3b5ea02a81146228801654afde8a5adf8d512,3472397,6912794,20738382,3472397,16000,16000,0,16000,0,11,,,199154
A1,cross_shard_cycle,os_cache_warm,16000,16000,32a039ef76955a274773ca5443d3b5ea02a81146228801654afde8a5adf8d512,3472397,3456397,10369191,3472397,16000,16000,0,16000,0,11,118,243,94265
C-directory,cross_shard_cycle,os_cache_warm,16000,16000,32a039ef76955a274773ca5443d3b5ea02a81146228801654afde8a5adf8d512,3472397,3456397,10369191,3472397,16000,16000,0,16000,3848085,11,,,108318
A0,cross_shard_cycle,os_cache_warm,16000,16000,32a039ef76955a274773ca5443d3b5ea02a81146228801654afde8a5adf8d512,3472397,6912794,20738382,3472397,16000,16000,0,16000,0,12,,,198505
A1,cross_shard_cycle,os_cache_warm,16000,16000,32a039ef76955a274773ca5443d3b5ea02a81146228801654afde8a5adf8d512,3472397,3456397,10369191,3472397,16000,16000,0,16000,0,12,99,222,94424
C-directory,cross_shard_cycle,os_cache_warm,16000,16000,32a039ef76955a274773ca5443d3b5ea02a81146228801654afde8a5adf8d512,3472397,3456397,10369191,3472397,16000,16000,0,16000,3848085,12,,,111830
C-structural,cross_shard_cycle,os_cache_warm,16000,16000,32a039ef76955a274773ca5443d3b5ea02a81146228801654afde8a5adf8d512,3472397,3456397,10369191,3472397,16000,16000,0,16000,9336192,12,,,125401
A1,cross_shard_cycle,os_cache_warm,16000,16000,32a039ef76955a274773ca5443d3b5ea02a81146228801654afde8a5adf8d512,3472397,3456397,10369191,3472397,16000,16000,0,16000,0,13,103,231,93563
C-directory,cross_shard_cycle,os_cache_warm,16000,16000,32a039ef76955a274773ca5443d3b5ea02a81146228801654afde8a5adf8d512,3472397,3456397,10369191,3472397,16000,16000,0,16000,3848085,13,,,109156
C-structural,cross_shard_cycle,os_cache_warm,16000,16000,32a039ef76955a274773ca5443d3b5ea02a81146228801654afde8a5adf8d512,3472397,3456397,10369191,3472397,16000,16000,0,16000,9336192,13,,,125018
A0,cross_shard_cycle,os_cache_warm,16000,16000,32a039ef76955a274773ca5443d3b5ea02a81146228801654afde8a5adf8d512,3472397,6912794,20738382,3472397,16000,16000,0,16000,0,13,,,201050
C-directory,cross_shard_cycle,os_cache_warm,16000,16000,32a039ef76955a274773ca5443d3b5ea02a81146228801654afde8a5adf8d512,3472397,3456397,10369191,3472397,16000,16000,0,16000,3848085,14,,,111602
C-structural,cross_shard_cycle,os_cache_warm,16000,16000,32a039ef76955a274773ca5443d3b5ea02a81146228801654afde8a5adf8d512,3472397,3456397,10369191,3472397,16000,16000,0,16000,9336192,14,,,128461
A0,cross_shard_cycle,os_cache_warm,16000,16000,32a039ef76955a274773ca5443d3b5ea02a81146228801654afde8a5adf8d512,3472397,6912794,20738382,3472397,16000,16000,0,16000,0,14,,,200719
A1,cross_shard_cycle,os_cache_warm,16000,16000,32a039ef76955a274773ca5443d3b5ea02a81146228801654afde8a5adf8d512,3472397,3456397,10369191,3472397,16000,16000,0,16000,0,14,123,264,92533
C-structural,cross_shard_cycle,os_cache_warm,16000,16000,32a039ef76955a274773ca5443d3b5ea02a81146228801654afde8a5adf8d512,3472397,3456397,10369191,3472397,16000,16000,0,16000,9336192,15,,,123325
A0,cross_shard_cycle,os_cache_warm,16000,16000,32a039ef76955a274773ca5443d3b5ea02a81146228801654afde8a5adf8d512,3472397,6912794,20738382,3472397,16000,16000,0,16000,0,15,,,204808
A1,cross_shard_cycle,os_cache_warm,16000,16000,32a039ef76955a274773ca5443d3b5ea02a81146228801654afde8a5adf8d512,3472397,3456397,10369191,3472397,16000,16000,0,16000,0,15,123,255,94405
C-directory,cross_shard_cycle,os_cache_warm,16000,16000,32a039ef76955a274773ca5443d3b5ea02a81146228801654afde8a5adf8d512,3472397,3456397,10369191,3472397,16000,16000,0,16000,3848085,15,,,109820
A0,cross_shard_cycle,os_cache_warm,16000,16000,32a039ef76955a274773ca5443d3b5ea02a81146228801654afde8a5adf8d512,3472397,6912794,20738382,3472397,16000,16000,0,16000,0,16,,,197151
A1,cross_shard_cycle,os_cache_warm,16000,16000,32a039ef76955a274773ca5443d3b5ea02a81146228801654afde8a5adf8d512,3472397,3456397,10369191,3472397,16000,16000,0,16000,0,16,97,234,94258
C-directory,cross_shard_cycle,os_cache_warm,16000,16000,32a039ef76955a274773ca5443d3b5ea02a81146228801654afde8a5adf8d512,3472397,3456397,10369191,3472397,16000,16000,0,16000,3848085,16,,,110281
C-structural,cross_shard_cycle,os_cache_warm,16000,16000,32a039ef76955a274773ca5443d3b5ea02a81146228801654afde8a5adf8d512,3472397,3456397,10369191,3472397,16000,16000,0,16000,9336192,16,,,120871
A1,cross_shard_cycle,os_cache_warm,16000,16000,32a039ef76955a274773ca5443d3b5ea02a81146228801654afde8a5adf8d512,3472397,3456397,10369191,3472397,16000,16000,0,16000,0,17,104,233,93064
C-directory,cross_shard_cycle,os_cache_warm,16000,16000,32a039ef76955a274773ca5443d3b5ea02a81146228801654afde8a5adf8d512,3472397,3456397,10369191,3472397,16000,16000,0,16000,3848085,17,,,108055
C-structural,cross_shard_cycle,os_cache_warm,16000,16000,32a039ef76955a274773ca5443d3b5ea02a81146228801654afde8a5adf8d512,3472397,3456397,10369191,3472397,16000,16000,0,16000,9336192,17,,,123560
A0,cross_shard_cycle,os_cache_warm,16000,16000,32a039ef76955a274773ca5443d3b5ea02a81146228801654afde8a5adf8d512,3472397,6912794,20738382,3472397,16000,16000,0,16000,0,17,,,202795
C-directory,cross_shard_cycle,os_cache_warm,16000,16000,32a039ef76955a274773ca5443d3b5ea02a81146228801654afde8a5adf8d512,3472397,3456397,10369191,3472397,16000,16000,0,16000,3848085,18,,,108450
C-structural,cross_shard_cycle,os_cache_warm,16000,16000,32a039ef76955a274773ca5443d3b5ea02a81146228801654afde8a5adf8d512,3472397,3456397,10369191,3472397,16000,16000,0,16000,9336192,18,,,123104
A0,cross_shard_cycle,os_cache_warm,16000,16000,32a039ef76955a274773ca5443d3b5ea02a81146228801654afde8a5adf8d512,3472397,6912794,20738382,3472397,16000,16000,0,16000,0,18,,,198104
A1,cross_shard_cycle,os_cache_warm,16000,16000,32a039ef76955a274773ca5443d3b5ea02a81146228801654afde8a5adf8d512,3472397,3456397,10369191,3472397,16000,16000,0,16000,0,18,127,254,92961
C-structural,cross_shard_cycle,os_cache_warm,16000,16000,32a039ef76955a274773ca5443d3b5ea02a81146228801654afde8a5adf8d512,3472397,3456397,10369191,3472397,16000,16000,0,16000,9336192,19,,,121530
A0,cross_shard_cycle,os_cache_warm,16000,16000,32a039ef76955a274773ca5443d3b5ea02a81146228801654afde8a5adf8d512,3472397,6912794,20738382,3472397,16000,16000,0,16000,0,19,,,196804
A1,cross_shard_cycle,os_cache_warm,16000,16000,32a039ef76955a274773ca5443d3b5ea02a81146228801654afde8a5adf8d512,3472397,3456397,10369191,3472397,16000,16000,0,16000,0,19,121,269,93924
C-directory,cross_shard_cycle,os_cache_warm,16000,16000,32a039ef76955a274773ca5443d3b5ea02a81146228801654afde8a5adf8d512,3472397,3456397,10369191,3472397,16000,16000,0,16000,3848085,19,,,108465
A0,wide_field_presence,os_cache_warm,16000,1024000,2b0063d62c5f0c761a8cd8417b3279a3ad70e55d4b36bf9153c99829c413aae3,49096963,98161926,294485778,49096963,16000,0,0,0,0,0,,,2566533
A1,wide_field_presence,os_cache_warm,16000,1024000,2b0063d62c5f0c761a8cd8417b3279a3ad70e55d4b36bf9153c99829c413aae3,49096963,49080963,147242889,49096963,16000,0,0,0,0,0,135,447,1236386
C-directory,wide_field_presence,os_cache_warm,16000,1024000,2b0063d62c5f0c761a8cd8417b3279a3ad70e55d4b36bf9153c99829c413aae3,49096963,49080963,147242889,49096963,16000,0,0,0,3839021,0,,,1827443
C-structural,wide_field_presence,os_cache_warm,16000,1024000,2b0063d62c5f0c761a8cd8417b3279a3ad70e55d4b36bf9153c99829c413aae3,49096963,49080963,147242889,49096963,16000,0,0,0,87471130,0,,,1811677
A1,wide_field_presence,os_cache_warm,16000,1024000,2b0063d62c5f0c761a8cd8417b3279a3ad70e55d4b36bf9153c99829c413aae3,49096963,49080963,147242889,49096963,16000,0,0,0,0,1,162,528,1250648
C-directory,wide_field_presence,os_cache_warm,16000,1024000,2b0063d62c5f0c761a8cd8417b3279a3ad70e55d4b36bf9153c99829c413aae3,49096963,49080963,147242889,49096963,16000,0,0,0,3839021,1,,,1806308
C-structural,wide_field_presence,os_cache_warm,16000,1024000,2b0063d62c5f0c761a8cd8417b3279a3ad70e55d4b36bf9153c99829c413aae3,49096963,49080963,147242889,49096963,16000,0,0,0,87471130,1,,,1818962
A0,wide_field_presence,os_cache_warm,16000,1024000,2b0063d62c5f0c761a8cd8417b3279a3ad70e55d4b36bf9153c99829c413aae3,49096963,98161926,294485778,49096963,16000,0,0,0,0,1,,,2523436
C-directory,wide_field_presence,os_cache_warm,16000,1024000,2b0063d62c5f0c761a8cd8417b3279a3ad70e55d4b36bf9153c99829c413aae3,49096963,49080963,147242889,49096963,16000,0,0,0,3839021,2,,,1817433
C-structural,wide_field_presence,os_cache_warm,16000,1024000,2b0063d62c5f0c761a8cd8417b3279a3ad70e55d4b36bf9153c99829c413aae3,49096963,49080963,147242889,49096963,16000,0,0,0,87471130,2,,,1812705
A0,wide_field_presence,os_cache_warm,16000,1024000,2b0063d62c5f0c761a8cd8417b3279a3ad70e55d4b36bf9153c99829c413aae3,49096963,98161926,294485778,49096963,16000,0,0,0,0,2,,,2544717
A1,wide_field_presence,os_cache_warm,16000,1024000,2b0063d62c5f0c761a8cd8417b3279a3ad70e55d4b36bf9153c99829c413aae3,49096963,49080963,147242889,49096963,16000,0,0,0,0,2,149,495,1250939
C-structural,wide_field_presence,os_cache_warm,16000,1024000,2b0063d62c5f0c761a8cd8417b3279a3ad70e55d4b36bf9153c99829c413aae3,49096963,49080963,147242889,49096963,16000,0,0,0,87471130,3,,,1829267
A0,wide_field_presence,os_cache_warm,16000,1024000,2b0063d62c5f0c761a8cd8417b3279a3ad70e55d4b36bf9153c99829c413aae3,49096963,98161926,294485778,49096963,16000,0,0,0,0,3,,,2519016
A1,wide_field_presence,os_cache_warm,16000,1024000,2b0063d62c5f0c761a8cd8417b3279a3ad70e55d4b36bf9153c99829c413aae3,49096963,49080963,147242889,49096963,16000,0,0,0,0,3,107,438,1299035
C-directory,wide_field_presence,os_cache_warm,16000,1024000,2b0063d62c5f0c761a8cd8417b3279a3ad70e55d4b36bf9153c99829c413aae3,49096963,49080963,147242889,49096963,16000,0,0,0,3839021,3,,,1856986
A0,wide_field_presence,os_cache_warm,16000,1024000,2b0063d62c5f0c761a8cd8417b3279a3ad70e55d4b36bf9153c99829c413aae3,49096963,98161926,294485778,49096963,16000,0,0,0,0,4,,,2576624
A1,wide_field_presence,os_cache_warm,16000,1024000,2b0063d62c5f0c761a8cd8417b3279a3ad70e55d4b36bf9153c99829c413aae3,49096963,49080963,147242889,49096963,16000,0,0,0,0,4,127,466,1240202
C-directory,wide_field_presence,os_cache_warm,16000,1024000,2b0063d62c5f0c761a8cd8417b3279a3ad70e55d4b36bf9153c99829c413aae3,49096963,49080963,147242889,49096963,16000,0,0,0,3839021,4,,,1850782
C-structural,wide_field_presence,os_cache_warm,16000,1024000,2b0063d62c5f0c761a8cd8417b3279a3ad70e55d4b36bf9153c99829c413aae3,49096963,49080963,147242889,49096963,16000,0,0,0,87471130,4,,,1808568
A1,wide_field_presence,os_cache_warm,16000,1024000,2b0063d62c5f0c761a8cd8417b3279a3ad70e55d4b36bf9153c99829c413aae3,49096963,49080963,147242889,49096963,16000,0,0,0,0,5,144,494,1245679
C-directory,wide_field_presence,os_cache_warm,16000,1024000,2b0063d62c5f0c761a8cd8417b3279a3ad70e55d4b36bf9153c99829c413aae3,49096963,49080963,147242889,49096963,16000,0,0,0,3839021,5,,,1827916
C-structural,wide_field_presence,os_cache_warm,16000,1024000,2b0063d62c5f0c761a8cd8417b3279a3ad70e55d4b36bf9153c99829c413aae3,49096963,49080963,147242889,49096963,16000,0,0,0,87471130,5,,,1811872
A0,wide_field_presence,os_cache_warm,16000,1024000,2b0063d62c5f0c761a8cd8417b3279a3ad70e55d4b36bf9153c99829c413aae3,49096963,98161926,294485778,49096963,16000,0,0,0,0,5,,,2547839
C-directory,wide_field_presence,os_cache_warm,16000,1024000,2b0063d62c5f0c761a8cd8417b3279a3ad70e55d4b36bf9153c99829c413aae3,49096963,49080963,147242889,49096963,16000,0,0,0,3839021,6,,,1856880
C-structural,wide_field_presence,os_cache_warm,16000,1024000,2b0063d62c5f0c761a8cd8417b3279a3ad70e55d4b36bf9153c99829c413aae3,49096963,49080963,147242889,49096963,16000,0,0,0,87471130,6,,,1810738
A0,wide_field_presence,os_cache_warm,16000,1024000,2b0063d62c5f0c761a8cd8417b3279a3ad70e55d4b36bf9153c99829c413aae3,49096963,98161926,294485778,49096963,16000,0,0,0,0,6,,,2630701
A1,wide_field_presence,os_cache_warm,16000,1024000,2b0063d62c5f0c761a8cd8417b3279a3ad70e55d4b36bf9153c99829c413aae3,49096963,49080963,147242889,49096963,16000,0,0,0,0,6,107,431,1293393
C-structural,wide_field_presence,os_cache_warm,16000,1024000,2b0063d62c5f0c761a8cd8417b3279a3ad70e55d4b36bf9153c99829c413aae3,49096963,49080963,147242889,49096963,16000,0,0,0,87471130,7,,,1826472
A0,wide_field_presence,os_cache_warm,16000,1024000,2b0063d62c5f0c761a8cd8417b3279a3ad70e55d4b36bf9153c99829c413aae3,49096963,98161926,294485778,49096963,16000,0,0,0,0,7,,,2523032
A1,wide_field_presence,os_cache_warm,16000,1024000,2b0063d62c5f0c761a8cd8417b3279a3ad70e55d4b36bf9153c99829c413aae3,49096963,49080963,147242889,49096963,16000,0,0,0,0,7,169,575,1260334
C-directory,wide_field_presence,os_cache_warm,16000,1024000,2b0063d62c5f0c761a8cd8417b3279a3ad70e55d4b36bf9153c99829c413aae3,49096963,49080963,147242889,49096963,16000,0,0,0,3839021,7,,,2069088
A0,wide_field_presence,os_cache_warm,16000,1024000,2b0063d62c5f0c761a8cd8417b3279a3ad70e55d4b36bf9153c99829c413aae3,49096963,98161926,294485778,49096963,16000,0,0,0,0,8,,,2527257
A1,wide_field_presence,os_cache_warm,16000,1024000,2b0063d62c5f0c761a8cd8417b3279a3ad70e55d4b36bf9153c99829c413aae3,49096963,49080963,147242889,49096963,16000,0,0,0,0,8,129,448,1239466
C-directory,wide_field_presence,os_cache_warm,16000,1024000,2b0063d62c5f0c761a8cd8417b3279a3ad70e55d4b36bf9153c99829c413aae3,49096963,49080963,147242889,49096963,16000,0,0,0,3839021,8,,,1825093
C-structural,wide_field_presence,os_cache_warm,16000,1024000,2b0063d62c5f0c761a8cd8417b3279a3ad70e55d4b36bf9153c99829c413aae3,49096963,49080963,147242889,49096963,16000,0,0,0,87471130,8,,,1820052
A1,wide_field_presence,os_cache_warm,16000,1024000,2b0063d62c5f0c761a8cd8417b3279a3ad70e55d4b36bf9153c99829c413aae3,49096963,49080963,147242889,49096963,16000,0,0,0,0,9,145,470,1243486
C-directory,wide_field_presence,os_cache_warm,16000,1024000,2b0063d62c5f0c761a8cd8417b3279a3ad70e55d4b36bf9153c99829c413aae3,49096963,49080963,147242889,49096963,16000,0,0,0,3839021,9,,,1822437
C-structural,wide_field_presence,os_cache_warm,16000,1024000,2b0063d62c5f0c761a8cd8417b3279a3ad70e55d4b36bf9153c99829c413aae3,49096963,49080963,147242889,49096963,16000,0,0,0,87471130,9,,,1877007
A0,wide_field_presence,os_cache_warm,16000,1024000,2b0063d62c5f0c761a8cd8417b3279a3ad70e55d4b36bf9153c99829c413aae3,49096963,98161926,294485778,49096963,16000,0,0,0,0,9,,,2550965
C-directory,wide_field_presence,os_cache_warm,16000,1024000,2b0063d62c5f0c761a8cd8417b3279a3ad70e55d4b36bf9153c99829c413aae3,49096963,49080963,147242889,49096963,16000,0,0,0,3839021,10,,,2374228
C-structural,wide_field_presence,os_cache_warm,16000,1024000,2b0063d62c5f0c761a8cd8417b3279a3ad70e55d4b36bf9153c99829c413aae3,49096963,49080963,147242889,49096963,16000,0,0,0,87471130,10,,,1820611
A0,wide_field_presence,os_cache_warm,16000,1024000,2b0063d62c5f0c761a8cd8417b3279a3ad70e55d4b36bf9153c99829c413aae3,49096963,98161926,294485778,49096963,16000,0,0,0,0,10,,,2566306
A1,wide_field_presence,os_cache_warm,16000,1024000,2b0063d62c5f0c761a8cd8417b3279a3ad70e55d4b36bf9153c99829c413aae3,49096963,49080963,147242889,49096963,16000,0,0,0,0,10,158,537,1251322
C-structural,wide_field_presence,os_cache_warm,16000,1024000,2b0063d62c5f0c761a8cd8417b3279a3ad70e55d4b36bf9153c99829c413aae3,49096963,49080963,147242889,49096963,16000,0,0,0,87471130,11,,,1926980
A0,wide_field_presence,os_cache_warm,16000,1024000,2b0063d62c5f0c761a8cd8417b3279a3ad70e55d4b36bf9153c99829c413aae3,49096963,98161926,294485778,49096963,16000,0,0,0,0,11,,,2952174
A1,wide_field_presence,os_cache_warm,16000,1024000,2b0063d62c5f0c761a8cd8417b3279a3ad70e55d4b36bf9153c99829c413aae3,49096963,49080963,147242889,49096963,16000,0,0,0,0,11,151,517,1282304
C-directory,wide_field_presence,os_cache_warm,16000,1024000,2b0063d62c5f0c761a8cd8417b3279a3ad70e55d4b36bf9153c99829c413aae3,49096963,49080963,147242889,49096963,16000,0,0,0,3839021,11,,,1839993
A0,wide_field_presence,os_cache_warm,16000,1024000,2b0063d62c5f0c761a8cd8417b3279a3ad70e55d4b36bf9153c99829c413aae3,49096963,98161926,294485778,49096963,16000,0,0,0,0,12,,,2582184
A1,wide_field_presence,os_cache_warm,16000,1024000,2b0063d62c5f0c761a8cd8417b3279a3ad70e55d4b36bf9153c99829c413aae3,49096963,49080963,147242889,49096963,16000,0,0,0,0,12,164,565,1294410
C-directory,wide_field_presence,os_cache_warm,16000,1024000,2b0063d62c5f0c761a8cd8417b3279a3ad70e55d4b36bf9153c99829c413aae3,49096963,49080963,147242889,49096963,16000,0,0,0,3839021,12,,,2006812
C-structural,wide_field_presence,os_cache_warm,16000,1024000,2b0063d62c5f0c761a8cd8417b3279a3ad70e55d4b36bf9153c99829c413aae3,49096963,49080963,147242889,49096963,16000,0,0,0,87471130,12,,,1818002
A1,wide_field_presence,os_cache_warm,16000,1024000,2b0063d62c5f0c761a8cd8417b3279a3ad70e55d4b36bf9153c99829c413aae3,49096963,49080963,147242889,49096963,16000,0,0,0,0,13,167,521,1244486
C-directory,wide_field_presence,os_cache_warm,16000,1024000,2b0063d62c5f0c761a8cd8417b3279a3ad70e55d4b36bf9153c99829c413aae3,49096963,49080963,147242889,49096963,16000,0,0,0,3839021,13,,,1819272
C-structural,wide_field_presence,os_cache_warm,16000,1024000,2b0063d62c5f0c761a8cd8417b3279a3ad70e55d4b36bf9153c99829c413aae3,49096963,49080963,147242889,49096963,16000,0,0,0,87471130,13,,,1820794
A0,wide_field_presence,os_cache_warm,16000,1024000,2b0063d62c5f0c761a8cd8417b3279a3ad70e55d4b36bf9153c99829c413aae3,49096963,98161926,294485778,49096963,16000,0,0,0,0,13,,,2767413
C-directory,wide_field_presence,os_cache_warm,16000,1024000,2b0063d62c5f0c761a8cd8417b3279a3ad70e55d4b36bf9153c99829c413aae3,49096963,49080963,147242889,49096963,16000,0,0,0,3839021,14,,,1917205
C-structural,wide_field_presence,os_cache_warm,16000,1024000,2b0063d62c5f0c761a8cd8417b3279a3ad70e55d4b36bf9153c99829c413aae3,49096963,49080963,147242889,49096963,16000,0,0,0,87471130,14,,,1847812
A0,wide_field_presence,os_cache_warm,16000,1024000,2b0063d62c5f0c761a8cd8417b3279a3ad70e55d4b36bf9153c99829c413aae3,49096963,98161926,294485778,49096963,16000,0,0,0,0,14,,,2593058
A1,wide_field_presence,os_cache_warm,16000,1024000,2b0063d62c5f0c761a8cd8417b3279a3ad70e55d4b36bf9153c99829c413aae3,49096963,49080963,147242889,49096963,16000,0,0,0,0,14,171,513,1341082
C-structural,wide_field_presence,os_cache_warm,16000,1024000,2b0063d62c5f0c761a8cd8417b3279a3ad70e55d4b36bf9153c99829c413aae3,49096963,49080963,147242889,49096963,16000,0,0,0,87471130,15,,,1840225
A0,wide_field_presence,os_cache_warm,16000,1024000,2b0063d62c5f0c761a8cd8417b3279a3ad70e55d4b36bf9153c99829c413aae3,49096963,98161926,294485778,49096963,16000,0,0,0,0,15,,,2584639
A1,wide_field_presence,os_cache_warm,16000,1024000,2b0063d62c5f0c761a8cd8417b3279a3ad70e55d4b36bf9153c99829c413aae3,49096963,49080963,147242889,49096963,16000,0,0,0,0,15,129,500,1286081
C-directory,wide_field_presence,os_cache_warm,16000,1024000,2b0063d62c5f0c761a8cd8417b3279a3ad70e55d4b36bf9153c99829c413aae3,49096963,49080963,147242889,49096963,16000,0,0,0,3839021,15,,,1841955
A0,wide_field_presence,os_cache_warm,16000,1024000,2b0063d62c5f0c761a8cd8417b3279a3ad70e55d4b36bf9153c99829c413aae3,49096963,98161926,294485778,49096963,16000,0,0,0,0,16,,,2561883
A1,wide_field_presence,os_cache_warm,16000,1024000,2b0063d62c5f0c761a8cd8417b3279a3ad70e55d4b36bf9153c99829c413aae3,49096963,49080963,147242889,49096963,16000,0,0,0,0,16,136,451,1273358
C-directory,wide_field_presence,os_cache_warm,16000,1024000,2b0063d62c5f0c761a8cd8417b3279a3ad70e55d4b36bf9153c99829c413aae3,49096963,49080963,147242889,49096963,16000,0,0,0,3839021,16,,,1831109
C-structural,wide_field_presence,os_cache_warm,16000,1024000,2b0063d62c5f0c761a8cd8417b3279a3ad70e55d4b36bf9153c99829c413aae3,49096963,49080963,147242889,49096963,16000,0,0,0,87471130,16,,,1815274
A1,wide_field_presence,os_cache_warm,16000,1024000,2b0063d62c5f0c761a8cd8417b3279a3ad70e55d4b36bf9153c99829c413aae3,49096963,49080963,147242889,49096963,16000,0,0,0,0,17,147,503,1243802
C-directory,wide_field_presence,os_cache_warm,16000,1024000,2b0063d62c5f0c761a8cd8417b3279a3ad70e55d4b36bf9153c99829c413aae3,49096963,49080963,147242889,49096963,16000,0,0,0,3839021,17,,,1825424
C-structural,wide_field_presence,os_cache_warm,16000,1024000,2b0063d62c5f0c761a8cd8417b3279a3ad70e55d4b36bf9153c99829c413aae3,49096963,49080963,147242889,49096963,16000,0,0,0,87471130,17,,,1820642
A0,wide_field_presence,os_cache_warm,16000,1024000,2b0063d62c5f0c761a8cd8417b3279a3ad70e55d4b36bf9153c99829c413aae3,49096963,98161926,294485778,49096963,16000,0,0,0,0,17,,,2543155
C-directory,wide_field_presence,os_cache_warm,16000,1024000,2b0063d62c5f0c761a8cd8417b3279a3ad70e55d4b36bf9153c99829c413aae3,49096963,49080963,147242889,49096963,16000,0,0,0,3839021,18,,,1820371
C-structural,wide_field_presence,os_cache_warm,16000,1024000,2b0063d62c5f0c761a8cd8417b3279a3ad70e55d4b36bf9153c99829c413aae3,49096963,49080963,147242889,49096963,16000,0,0,0,87471130,18,,,1816665
A0,wide_field_presence,os_cache_warm,16000,1024000,2b0063d62c5f0c761a8cd8417b3279a3ad70e55d4b36bf9153c99829c413aae3,49096963,98161926,294485778,49096963,16000,0,0,0,0,18,,,2594324
A1,wide_field_presence,os_cache_warm,16000,1024000,2b0063d62c5f0c761a8cd8417b3279a3ad70e55d4b36bf9153c99829c413aae3,49096963,49080963,147242889,49096963,16000,0,0,0,0,18,168,522,1250347
C-structural,wide_field_presence,os_cache_warm,16000,1024000,2b0063d62c5f0c761a8cd8417b3279a3ad70e55d4b36bf9153c99829c413aae3,49096963,49080963,147242889,49096963,16000,0,0,0,87471130,19,,,2229740
A0,wide_field_presence,os_cache_warm,16000,1024000,2b0063d62c5f0c761a8cd8417b3279a3ad70e55d4b36bf9153c99829c413aae3,49096963,98161926,294485778,49096963,16000,0,0,0,0,19,,,2575039
A1,wide_field_presence,os_cache_warm,16000,1024000,2b0063d62c5f0c761a8cd8417b3279a3ad70e55d4b36bf9153c99829c413aae3,49096963,49080963,147242889,49096963,16000,0,0,0,0,19,136,543,1247412
C-directory,wide_field_presence,os_cache_warm,16000,1024000,2b0063d62c5f0c761a8cd8417b3279a3ad70e55d4b36bf9153c99829c413aae3,49096963,49080963,147242889,49096963,16000,0,0,0,3839021,19,,,1857633
A0,mixed_realistic_game_data,os_cache_warm,16000,80000,53383d7b644de472baf3fcca777c7242c5b683aa50900b10386dd46081027a40,11933930,23835860,71507580,11933930,16000,48000,16000,16000,0,0,,,539261
A1,mixed_realistic_game_data,os_cache_warm,16000,80000,53383d7b644de472baf3fcca777c7242c5b683aa50900b10386dd46081027a40,11933930,11917930,35753790,11933930,16000,48000,16000,16000,0,0,128,278,269962
C-directory,mixed_realistic_game_data,os_cache_warm,16000,80000,53383d7b644de472baf3fcca777c7242c5b683aa50900b10386dd46081027a40,11933930,11917930,35753790,11933930,16000,48000,16000,16000,3790172,0,,,350891
C-structural,mixed_realistic_game_data,os_cache_warm,16000,80000,53383d7b644de472baf3fcca777c7242c5b683aa50900b10386dd46081027a40,11933930,11917930,35753790,11933930,16000,48000,16000,16000,16430278,0,,,386800
A1,mixed_realistic_game_data,os_cache_warm,16000,80000,53383d7b644de472baf3fcca777c7242c5b683aa50900b10386dd46081027a40,11933930,11917930,35753790,11933930,16000,48000,16000,16000,0,1,154,325,268836
C-directory,mixed_realistic_game_data,os_cache_warm,16000,80000,53383d7b644de472baf3fcca777c7242c5b683aa50900b10386dd46081027a40,11933930,11917930,35753790,11933930,16000,48000,16000,16000,3790172,1,,,329830
C-structural,mixed_realistic_game_data,os_cache_warm,16000,80000,53383d7b644de472baf3fcca777c7242c5b683aa50900b10386dd46081027a40,11933930,11917930,35753790,11933930,16000,48000,16000,16000,16430278,1,,,342333
A0,mixed_realistic_game_data,os_cache_warm,16000,80000,53383d7b644de472baf3fcca777c7242c5b683aa50900b10386dd46081027a40,11933930,23835860,71507580,11933930,16000,48000,16000,16000,0,1,,,548215
C-directory,mixed_realistic_game_data,os_cache_warm,16000,80000,53383d7b644de472baf3fcca777c7242c5b683aa50900b10386dd46081027a40,11933930,11917930,35753790,11933930,16000,48000,16000,16000,3790172,2,,,337143
C-structural,mixed_realistic_game_data,os_cache_warm,16000,80000,53383d7b644de472baf3fcca777c7242c5b683aa50900b10386dd46081027a40,11933930,11917930,35753790,11933930,16000,48000,16000,16000,16430278,2,,,480371
A0,mixed_realistic_game_data,os_cache_warm,16000,80000,53383d7b644de472baf3fcca777c7242c5b683aa50900b10386dd46081027a40,11933930,23835860,71507580,11933930,16000,48000,16000,16000,0,2,,,576295
A1,mixed_realistic_game_data,os_cache_warm,16000,80000,53383d7b644de472baf3fcca777c7242c5b683aa50900b10386dd46081027a40,11933930,11917930,35753790,11933930,16000,48000,16000,16000,0,2,151,313,272205
C-structural,mixed_realistic_game_data,os_cache_warm,16000,80000,53383d7b644de472baf3fcca777c7242c5b683aa50900b10386dd46081027a40,11933930,11917930,35753790,11933930,16000,48000,16000,16000,16430278,3,,,374151
A0,mixed_realistic_game_data,os_cache_warm,16000,80000,53383d7b644de472baf3fcca777c7242c5b683aa50900b10386dd46081027a40,11933930,23835860,71507580,11933930,16000,48000,16000,16000,0,3,,,536194
A1,mixed_realistic_game_data,os_cache_warm,16000,80000,53383d7b644de472baf3fcca777c7242c5b683aa50900b10386dd46081027a40,11933930,11917930,35753790,11933930,16000,48000,16000,16000,0,3,146,336,269461
C-directory,mixed_realistic_game_data,os_cache_warm,16000,80000,53383d7b644de472baf3fcca777c7242c5b683aa50900b10386dd46081027a40,11933930,11917930,35753790,11933930,16000,48000,16000,16000,3790172,3,,,327518
A0,mixed_realistic_game_data,os_cache_warm,16000,80000,53383d7b644de472baf3fcca777c7242c5b683aa50900b10386dd46081027a40,11933930,23835860,71507580,11933930,16000,48000,16000,16000,0,4,,,546527
A1,mixed_realistic_game_data,os_cache_warm,16000,80000,53383d7b644de472baf3fcca777c7242c5b683aa50900b10386dd46081027a40,11933930,11917930,35753790,11933930,16000,48000,16000,16000,0,4,143,304,264632
C-directory,mixed_realistic_game_data,os_cache_warm,16000,80000,53383d7b644de472baf3fcca777c7242c5b683aa50900b10386dd46081027a40,11933930,11917930,35753790,11933930,16000,48000,16000,16000,3790172,4,,,339993
C-structural,mixed_realistic_game_data,os_cache_warm,16000,80000,53383d7b644de472baf3fcca777c7242c5b683aa50900b10386dd46081027a40,11933930,11917930,35753790,11933930,16000,48000,16000,16000,16430278,4,,,346496
A1,mixed_realistic_game_data,os_cache_warm,16000,80000,53383d7b644de472baf3fcca777c7242c5b683aa50900b10386dd46081027a40,11933930,11917930,35753790,11933930,16000,48000,16000,16000,0,5,148,312,266458
C-directory,mixed_realistic_game_data,os_cache_warm,16000,80000,53383d7b644de472baf3fcca777c7242c5b683aa50900b10386dd46081027a40,11933930,11917930,35753790,11933930,16000,48000,16000,16000,3790172,5,,,334214
C-structural,mixed_realistic_game_data,os_cache_warm,16000,80000,53383d7b644de472baf3fcca777c7242c5b683aa50900b10386dd46081027a40,11933930,11917930,35753790,11933930,16000,48000,16000,16000,16430278,5,,,389805
A0,mixed_realistic_game_data,os_cache_warm,16000,80000,53383d7b644de472baf3fcca777c7242c5b683aa50900b10386dd46081027a40,11933930,23835860,71507580,11933930,16000,48000,16000,16000,0,5,,,550488
C-directory,mixed_realistic_game_data,os_cache_warm,16000,80000,53383d7b644de472baf3fcca777c7242c5b683aa50900b10386dd46081027a40,11933930,11917930,35753790,11933930,16000,48000,16000,16000,3790172,6,,,343856
C-structural,mixed_realistic_game_data,os_cache_warm,16000,80000,53383d7b644de472baf3fcca777c7242c5b683aa50900b10386dd46081027a40,11933930,11917930,35753790,11933930,16000,48000,16000,16000,16430278,6,,,345456
A0,mixed_realistic_game_data,os_cache_warm,16000,80000,53383d7b644de472baf3fcca777c7242c5b683aa50900b10386dd46081027a40,11933930,23835860,71507580,11933930,16000,48000,16000,16000,0,6,,,573423
A1,mixed_realistic_game_data,os_cache_warm,16000,80000,53383d7b644de472baf3fcca777c7242c5b683aa50900b10386dd46081027a40,11933930,11917930,35753790,11933930,16000,48000,16000,16000,0,6,132,279,269626
C-structural,mixed_realistic_game_data,os_cache_warm,16000,80000,53383d7b644de472baf3fcca777c7242c5b683aa50900b10386dd46081027a40,11933930,11917930,35753790,11933930,16000,48000,16000,16000,16430278,7,,,353502
A0,mixed_realistic_game_data,os_cache_warm,16000,80000,53383d7b644de472baf3fcca777c7242c5b683aa50900b10386dd46081027a40,11933930,23835860,71507580,11933930,16000,48000,16000,16000,0,7,,,536942
A1,mixed_realistic_game_data,os_cache_warm,16000,80000,53383d7b644de472baf3fcca777c7242c5b683aa50900b10386dd46081027a40,11933930,11917930,35753790,11933930,16000,48000,16000,16000,0,7,289,700,274728
C-directory,mixed_realistic_game_data,os_cache_warm,16000,80000,53383d7b644de472baf3fcca777c7242c5b683aa50900b10386dd46081027a40,11933930,11917930,35753790,11933930,16000,48000,16000,16000,3790172,7,,,336599
A0,mixed_realistic_game_data,os_cache_warm,16000,80000,53383d7b644de472baf3fcca777c7242c5b683aa50900b10386dd46081027a40,11933930,23835860,71507580,11933930,16000,48000,16000,16000,0,8,,,548987
A1,mixed_realistic_game_data,os_cache_warm,16000,80000,53383d7b644de472baf3fcca777c7242c5b683aa50900b10386dd46081027a40,11933930,11917930,35753790,11933930,16000,48000,16000,16000,0,8,148,319,267349
C-directory,mixed_realistic_game_data,os_cache_warm,16000,80000,53383d7b644de472baf3fcca777c7242c5b683aa50900b10386dd46081027a40,11933930,11917930,35753790,11933930,16000,48000,16000,16000,3790172,8,,,327066
C-structural,mixed_realistic_game_data,os_cache_warm,16000,80000,53383d7b644de472baf3fcca777c7242c5b683aa50900b10386dd46081027a40,11933930,11917930,35753790,11933930,16000,48000,16000,16000,16430278,8,,,350329
A1,mixed_realistic_game_data,os_cache_warm,16000,80000,53383d7b644de472baf3fcca777c7242c5b683aa50900b10386dd46081027a40,11933930,11917930,35753790,11933930,16000,48000,16000,16000,0,9,187,367,295036
C-directory,mixed_realistic_game_data,os_cache_warm,16000,80000,53383d7b644de472baf3fcca777c7242c5b683aa50900b10386dd46081027a40,11933930,11917930,35753790,11933930,16000,48000,16000,16000,3790172,9,,,333573
C-structural,mixed_realistic_game_data,os_cache_warm,16000,80000,53383d7b644de472baf3fcca777c7242c5b683aa50900b10386dd46081027a40,11933930,11917930,35753790,11933930,16000,48000,16000,16000,16430278,9,,,359746
A0,mixed_realistic_game_data,os_cache_warm,16000,80000,53383d7b644de472baf3fcca777c7242c5b683aa50900b10386dd46081027a40,11933930,23835860,71507580,11933930,16000,48000,16000,16000,0,9,,,556042
C-directory,mixed_realistic_game_data,os_cache_warm,16000,80000,53383d7b644de472baf3fcca777c7242c5b683aa50900b10386dd46081027a40,11933930,11917930,35753790,11933930,16000,48000,16000,16000,3790172,10,,,340059
C-structural,mixed_realistic_game_data,os_cache_warm,16000,80000,53383d7b644de472baf3fcca777c7242c5b683aa50900b10386dd46081027a40,11933930,11917930,35753790,11933930,16000,48000,16000,16000,16430278,10,,,370279
A0,mixed_realistic_game_data,os_cache_warm,16000,80000,53383d7b644de472baf3fcca777c7242c5b683aa50900b10386dd46081027a40,11933930,23835860,71507580,11933930,16000,48000,16000,16000,0,10,,,548295
A1,mixed_realistic_game_data,os_cache_warm,16000,80000,53383d7b644de472baf3fcca777c7242c5b683aa50900b10386dd46081027a40,11933930,11917930,35753790,11933930,16000,48000,16000,16000,0,10,131,278,264616
C-structural,mixed_realistic_game_data,os_cache_warm,16000,80000,53383d7b644de472baf3fcca777c7242c5b683aa50900b10386dd46081027a40,11933930,11917930,35753790,11933930,16000,48000,16000,16000,16430278,11,,,353534
A0,mixed_realistic_game_data,os_cache_warm,16000,80000,53383d7b644de472baf3fcca777c7242c5b683aa50900b10386dd46081027a40,11933930,23835860,71507580,11933930,16000,48000,16000,16000,0,11,,,555871
A1,mixed_realistic_game_data,os_cache_warm,16000,80000,53383d7b644de472baf3fcca777c7242c5b683aa50900b10386dd46081027a40,11933930,11917930,35753790,11933930,16000,48000,16000,16000,0,11,149,331,382726
C-directory,mixed_realistic_game_data,os_cache_warm,16000,80000,53383d7b644de472baf3fcca777c7242c5b683aa50900b10386dd46081027a40,11933930,11917930,35753790,11933930,16000,48000,16000,16000,3790172,11,,,350784
A0,mixed_realistic_game_data,os_cache_warm,16000,80000,53383d7b644de472baf3fcca777c7242c5b683aa50900b10386dd46081027a40,11933930,23835860,71507580,11933930,16000,48000,16000,16000,0,12,,,547150
A1,mixed_realistic_game_data,os_cache_warm,16000,80000,53383d7b644de472baf3fcca777c7242c5b683aa50900b10386dd46081027a40,11933930,11917930,35753790,11933930,16000,48000,16000,16000,0,12,137,303,363589
C-directory,mixed_realistic_game_data,os_cache_warm,16000,80000,53383d7b644de472baf3fcca777c7242c5b683aa50900b10386dd46081027a40,11933930,11917930,35753790,11933930,16000,48000,16000,16000,3790172,12,,,340366
C-structural,mixed_realistic_game_data,os_cache_warm,16000,80000,53383d7b644de472baf3fcca777c7242c5b683aa50900b10386dd46081027a40,11933930,11917930,35753790,11933930,16000,48000,16000,16000,16430278,12,,,375423
A1,mixed_realistic_game_data,os_cache_warm,16000,80000,53383d7b644de472baf3fcca777c7242c5b683aa50900b10386dd46081027a40,11933930,11917930,35753790,11933930,16000,48000,16000,16000,0,13,143,326,280136
C-directory,mixed_realistic_game_data,os_cache_warm,16000,80000,53383d7b644de472baf3fcca777c7242c5b683aa50900b10386dd46081027a40,11933930,11917930,35753790,11933930,16000,48000,16000,16000,3790172,13,,,338859
C-structural,mixed_realistic_game_data,os_cache_warm,16000,80000,53383d7b644de472baf3fcca777c7242c5b683aa50900b10386dd46081027a40,11933930,11917930,35753790,11933930,16000,48000,16000,16000,16430278,13,,,348876
A0,mixed_realistic_game_data,os_cache_warm,16000,80000,53383d7b644de472baf3fcca777c7242c5b683aa50900b10386dd46081027a40,11933930,23835860,71507580,11933930,16000,48000,16000,16000,0,13,,,545786
C-directory,mixed_realistic_game_data,os_cache_warm,16000,80000,53383d7b644de472baf3fcca777c7242c5b683aa50900b10386dd46081027a40,11933930,11917930,35753790,11933930,16000,48000,16000,16000,3790172,14,,,325211
C-structural,mixed_realistic_game_data,os_cache_warm,16000,80000,53383d7b644de472baf3fcca777c7242c5b683aa50900b10386dd46081027a40,11933930,11917930,35753790,11933930,16000,48000,16000,16000,16430278,14,,,362708
A0,mixed_realistic_game_data,os_cache_warm,16000,80000,53383d7b644de472baf3fcca777c7242c5b683aa50900b10386dd46081027a40,11933930,23835860,71507580,11933930,16000,48000,16000,16000,0,14,,,622544
A1,mixed_realistic_game_data,os_cache_warm,16000,80000,53383d7b644de472baf3fcca777c7242c5b683aa50900b10386dd46081027a40,11933930,11917930,35753790,11933930,16000,48000,16000,16000,0,14,133,301,273530
C-structural,mixed_realistic_game_data,os_cache_warm,16000,80000,53383d7b644de472baf3fcca777c7242c5b683aa50900b10386dd46081027a40,11933930,11917930,35753790,11933930,16000,48000,16000,16000,16430278,15,,,351551
A0,mixed_realistic_game_data,os_cache_warm,16000,80000,53383d7b644de472baf3fcca777c7242c5b683aa50900b10386dd46081027a40,11933930,23835860,71507580,11933930,16000,48000,16000,16000,0,15,,,570173
A1,mixed_realistic_game_data,os_cache_warm,16000,80000,53383d7b644de472baf3fcca777c7242c5b683aa50900b10386dd46081027a40,11933930,11917930,35753790,11933930,16000,48000,16000,16000,0,15,176,364,277110
C-directory,mixed_realistic_game_data,os_cache_warm,16000,80000,53383d7b644de472baf3fcca777c7242c5b683aa50900b10386dd46081027a40,11933930,11917930,35753790,11933930,16000,48000,16000,16000,3790172,15,,,346985
A0,mixed_realistic_game_data,os_cache_warm,16000,80000,53383d7b644de472baf3fcca777c7242c5b683aa50900b10386dd46081027a40,11933930,23835860,71507580,11933930,16000,48000,16000,16000,0,16,,,556673
A1,mixed_realistic_game_data,os_cache_warm,16000,80000,53383d7b644de472baf3fcca777c7242c5b683aa50900b10386dd46081027a40,11933930,11917930,35753790,11933930,16000,48000,16000,16000,0,16,143,405,279018
C-directory,mixed_realistic_game_data,os_cache_warm,16000,80000,53383d7b644de472baf3fcca777c7242c5b683aa50900b10386dd46081027a40,11933930,11917930,35753790,11933930,16000,48000,16000,16000,3790172,16,,,343502
C-structural,mixed_realistic_game_data,os_cache_warm,16000,80000,53383d7b644de472baf3fcca777c7242c5b683aa50900b10386dd46081027a40,11933930,11917930,35753790,11933930,16000,48000,16000,16000,16430278,16,,,364281
A1,mixed_realistic_game_data,os_cache_warm,16000,80000,53383d7b644de472baf3fcca777c7242c5b683aa50900b10386dd46081027a40,11933930,11917930,35753790,11933930,16000,48000,16000,16000,0,17,146,329,395662
C-directory,mixed_realistic_game_data,os_cache_warm,16000,80000,53383d7b644de472baf3fcca777c7242c5b683aa50900b10386dd46081027a40,11933930,11917930,35753790,11933930,16000,48000,16000,16000,3790172,17,,,347648
C-structural,mixed_realistic_game_data,os_cache_warm,16000,80000,53383d7b644de472baf3fcca777c7242c5b683aa50900b10386dd46081027a40,11933930,11917930,35753790,11933930,16000,48000,16000,16000,16430278,17,,,364492
A0,mixed_realistic_game_data,os_cache_warm,16000,80000,53383d7b644de472baf3fcca777c7242c5b683aa50900b10386dd46081027a40,11933930,23835860,71507580,11933930,16000,48000,16000,16000,0,17,,,584058
C-directory,mixed_realistic_game_data,os_cache_warm,16000,80000,53383d7b644de472baf3fcca777c7242c5b683aa50900b10386dd46081027a40,11933930,11917930,35753790,11933930,16000,48000,16000,16000,3790172,18,,,344907
C-structural,mixed_realistic_game_data,os_cache_warm,16000,80000,53383d7b644de472baf3fcca777c7242c5b683aa50900b10386dd46081027a40,11933930,11917930,35753790,11933930,16000,48000,16000,16000,16430278,18,,,369280
A0,mixed_realistic_game_data,os_cache_warm,16000,80000,53383d7b644de472baf3fcca777c7242c5b683aa50900b10386dd46081027a40,11933930,23835860,71507580,11933930,16000,48000,16000,16000,0,18,,,618713
A1,mixed_realistic_game_data,os_cache_warm,16000,80000,53383d7b644de472baf3fcca777c7242c5b683aa50900b10386dd46081027a40,11933930,11917930,35753790,11933930,16000,48000,16000,16000,0,18,107,252,290328
C-structural,mixed_realistic_game_data,os_cache_warm,16000,80000,53383d7b644de472baf3fcca777c7242c5b683aa50900b10386dd46081027a40,11933930,11917930,35753790,11933930,16000,48000,16000,16000,16430278,19,,,395160
A0,mixed_realistic_game_data,os_cache_warm,16000,80000,53383d7b644de472baf3fcca777c7242c5b683aa50900b10386dd46081027a40,11933930,23835860,71507580,11933930,16000,48000,16000,16000,0,19,,,576662
A1,mixed_realistic_game_data,os_cache_warm,16000,80000,53383d7b644de472baf3fcca777c7242c5b683aa50900b10386dd46081027a40,11933930,11917930,35753790,11933930,16000,48000,16000,16000,0,19,112,280,288051
C-directory,mixed_realistic_game_data,os_cache_warm,16000,80000,53383d7b644de472baf3fcca777c7242c5b683aa50900b10386dd46081027a40,11933930,11917930,35753790,11933930,16000,48000,16000,16000,3790172,19,,,351202
A0,payload_unicode_long_record,os_cache_warm,64000,64000,902264b6e40d90d1f207e007267c278fab9c0d9436377fe7f65087f185ccb58b,304192420,608256840,1824770520,304192420,64000,0,0,0,0,0,,,6135681
A1,payload_unicode_long_record,os_cache_warm,64000,64000,902264b6e40d90d1f207e007267c278fab9c0d9436377fe7f65087f185ccb58b,304192420,304128420,912385260,304192420,64000,0,0,0,0,0,117,335,3005299
C-directory,payload_unicode_long_record,os_cache_warm,64000,64000,902264b6e40d90d1f207e007267c278fab9c0d9436377fe7f65087f185ccb58b,304192420,304128420,912385260,304192420,64000,0,0,0,15962860,0,,,3202091
C-structural,payload_unicode_long_record,os_cache_warm,64000,64000,902264b6e40d90d1f207e007267c278fab9c0d9436377fe7f65087f185ccb58b,304192420,304128420,912385260,304192420,64000,0,0,0,21210969,0,,,3196301
A1,payload_unicode_long_record,os_cache_warm,64000,64000,902264b6e40d90d1f207e007267c278fab9c0d9436377fe7f65087f185ccb58b,304192420,304128420,912385260,304192420,64000,0,0,0,0,1,188,356,2918296
C-directory,payload_unicode_long_record,os_cache_warm,64000,64000,902264b6e40d90d1f207e007267c278fab9c0d9436377fe7f65087f185ccb58b,304192420,304128420,912385260,304192420,64000,0,0,0,15962860,1,,,3196634
C-structural,payload_unicode_long_record,os_cache_warm,64000,64000,902264b6e40d90d1f207e007267c278fab9c0d9436377fe7f65087f185ccb58b,304192420,304128420,912385260,304192420,64000,0,0,0,21210969,1,,,3148044
A0,payload_unicode_long_record,os_cache_warm,64000,64000,902264b6e40d90d1f207e007267c278fab9c0d9436377fe7f65087f185ccb58b,304192420,608256840,1824770520,304192420,64000,0,0,0,0,1,,,5897230
C-directory,payload_unicode_long_record,os_cache_warm,64000,64000,902264b6e40d90d1f207e007267c278fab9c0d9436377fe7f65087f185ccb58b,304192420,304128420,912385260,304192420,64000,0,0,0,15962860,2,,,3171552
C-structural,payload_unicode_long_record,os_cache_warm,64000,64000,902264b6e40d90d1f207e007267c278fab9c0d9436377fe7f65087f185ccb58b,304192420,304128420,912385260,304192420,64000,0,0,0,21210969,2,,,3226123
A0,payload_unicode_long_record,os_cache_warm,64000,64000,902264b6e40d90d1f207e007267c278fab9c0d9436377fe7f65087f185ccb58b,304192420,608256840,1824770520,304192420,64000,0,0,0,0,2,,,6269522
A1,payload_unicode_long_record,os_cache_warm,64000,64000,902264b6e40d90d1f207e007267c278fab9c0d9436377fe7f65087f185ccb58b,304192420,304128420,912385260,304192420,64000,0,0,0,0,2,153,328,3027752
C-structural,payload_unicode_long_record,os_cache_warm,64000,64000,902264b6e40d90d1f207e007267c278fab9c0d9436377fe7f65087f185ccb58b,304192420,304128420,912385260,304192420,64000,0,0,0,21210969,3,,,3168059
A0,payload_unicode_long_record,os_cache_warm,64000,64000,902264b6e40d90d1f207e007267c278fab9c0d9436377fe7f65087f185ccb58b,304192420,608256840,1824770520,304192420,64000,0,0,0,0,3,,,5790241
A1,payload_unicode_long_record,os_cache_warm,64000,64000,902264b6e40d90d1f207e007267c278fab9c0d9436377fe7f65087f185ccb58b,304192420,304128420,912385260,304192420,64000,0,0,0,0,3,172,382,2906731
C-directory,payload_unicode_long_record,os_cache_warm,64000,64000,902264b6e40d90d1f207e007267c278fab9c0d9436377fe7f65087f185ccb58b,304192420,304128420,912385260,304192420,64000,0,0,0,15962860,3,,,3149064
A0,payload_unicode_long_record,os_cache_warm,64000,64000,902264b6e40d90d1f207e007267c278fab9c0d9436377fe7f65087f185ccb58b,304192420,608256840,1824770520,304192420,64000,0,0,0,0,4,,,5703614
A1,payload_unicode_long_record,os_cache_warm,64000,64000,902264b6e40d90d1f207e007267c278fab9c0d9436377fe7f65087f185ccb58b,304192420,304128420,912385260,304192420,64000,0,0,0,0,4,185,391,2882897
C-directory,payload_unicode_long_record,os_cache_warm,64000,64000,902264b6e40d90d1f207e007267c278fab9c0d9436377fe7f65087f185ccb58b,304192420,304128420,912385260,304192420,64000,0,0,0,15962860,4,,,3169284
C-structural,payload_unicode_long_record,os_cache_warm,64000,64000,902264b6e40d90d1f207e007267c278fab9c0d9436377fe7f65087f185ccb58b,304192420,304128420,912385260,304192420,64000,0,0,0,21210969,4,,,3194204
A1,payload_unicode_long_record,os_cache_warm,64000,64000,902264b6e40d90d1f207e007267c278fab9c0d9436377fe7f65087f185ccb58b,304192420,304128420,912385260,304192420,64000,0,0,0,0,5,142,312,3572216
C-directory,payload_unicode_long_record,os_cache_warm,64000,64000,902264b6e40d90d1f207e007267c278fab9c0d9436377fe7f65087f185ccb58b,304192420,304128420,912385260,304192420,64000,0,0,0,15962860,5,,,3341698
C-structural,payload_unicode_long_record,os_cache_warm,64000,64000,902264b6e40d90d1f207e007267c278fab9c0d9436377fe7f65087f185ccb58b,304192420,304128420,912385260,304192420,64000,0,0,0,21210969,5,,,3306393
A0,payload_unicode_long_record,os_cache_warm,64000,64000,902264b6e40d90d1f207e007267c278fab9c0d9436377fe7f65087f185ccb58b,304192420,608256840,1824770520,304192420,64000,0,0,0,0,5,,,6023807
C-directory,payload_unicode_long_record,os_cache_warm,64000,64000,902264b6e40d90d1f207e007267c278fab9c0d9436377fe7f65087f185ccb58b,304192420,304128420,912385260,304192420,64000,0,0,0,15962860,6,,,3202257
C-structural,payload_unicode_long_record,os_cache_warm,64000,64000,902264b6e40d90d1f207e007267c278fab9c0d9436377fe7f65087f185ccb58b,304192420,304128420,912385260,304192420,64000,0,0,0,21210969,6,,,3125234
A0,payload_unicode_long_record,os_cache_warm,64000,64000,902264b6e40d90d1f207e007267c278fab9c0d9436377fe7f65087f185ccb58b,304192420,608256840,1824770520,304192420,64000,0,0,0,0,6,,,6254659
A1,payload_unicode_long_record,os_cache_warm,64000,64000,902264b6e40d90d1f207e007267c278fab9c0d9436377fe7f65087f185ccb58b,304192420,304128420,912385260,304192420,64000,0,0,0,0,6,111,309,4169204
C-structural,payload_unicode_long_record,os_cache_warm,64000,64000,902264b6e40d90d1f207e007267c278fab9c0d9436377fe7f65087f185ccb58b,304192420,304128420,912385260,304192420,64000,0,0,0,21210969,7,,,3229005
A0,payload_unicode_long_record,os_cache_warm,64000,64000,902264b6e40d90d1f207e007267c278fab9c0d9436377fe7f65087f185ccb58b,304192420,608256840,1824770520,304192420,64000,0,0,0,0,7,,,6014909
A1,payload_unicode_long_record,os_cache_warm,64000,64000,902264b6e40d90d1f207e007267c278fab9c0d9436377fe7f65087f185ccb58b,304192420,304128420,912385260,304192420,64000,0,0,0,0,7,139,329,3057376
C-directory,payload_unicode_long_record,os_cache_warm,64000,64000,902264b6e40d90d1f207e007267c278fab9c0d9436377fe7f65087f185ccb58b,304192420,304128420,912385260,304192420,64000,0,0,0,15962860,7,,,3243099
A0,payload_unicode_long_record,os_cache_warm,64000,64000,902264b6e40d90d1f207e007267c278fab9c0d9436377fe7f65087f185ccb58b,304192420,608256840,1824770520,304192420,64000,0,0,0,0,8,,,6183843
A1,payload_unicode_long_record,os_cache_warm,64000,64000,902264b6e40d90d1f207e007267c278fab9c0d9436377fe7f65087f185ccb58b,304192420,304128420,912385260,304192420,64000,0,0,0,0,8,153,343,2910342
C-directory,payload_unicode_long_record,os_cache_warm,64000,64000,902264b6e40d90d1f207e007267c278fab9c0d9436377fe7f65087f185ccb58b,304192420,304128420,912385260,304192420,64000,0,0,0,15962860,8,,,3256190
C-structural,payload_unicode_long_record,os_cache_warm,64000,64000,902264b6e40d90d1f207e007267c278fab9c0d9436377fe7f65087f185ccb58b,304192420,304128420,912385260,304192420,64000,0,0,0,21210969,8,,,3187397
A1,payload_unicode_long_record,os_cache_warm,64000,64000,902264b6e40d90d1f207e007267c278fab9c0d9436377fe7f65087f185ccb58b,304192420,304128420,912385260,304192420,64000,0,0,0,0,9,167,377,2967940
C-directory,payload_unicode_long_record,os_cache_warm,64000,64000,902264b6e40d90d1f207e007267c278fab9c0d9436377fe7f65087f185ccb58b,304192420,304128420,912385260,304192420,64000,0,0,0,15962860,9,,,3156476
C-structural,payload_unicode_long_record,os_cache_warm,64000,64000,902264b6e40d90d1f207e007267c278fab9c0d9436377fe7f65087f185ccb58b,304192420,304128420,912385260,304192420,64000,0,0,0,21210969,9,,,3176345
A0,payload_unicode_long_record,os_cache_warm,64000,64000,902264b6e40d90d1f207e007267c278fab9c0d9436377fe7f65087f185ccb58b,304192420,608256840,1824770520,304192420,64000,0,0,0,0,9,,,6407289
C-directory,payload_unicode_long_record,os_cache_warm,64000,64000,902264b6e40d90d1f207e007267c278fab9c0d9436377fe7f65087f185ccb58b,304192420,304128420,912385260,304192420,64000,0,0,0,15962860,10,,,3149353
C-structural,payload_unicode_long_record,os_cache_warm,64000,64000,902264b6e40d90d1f207e007267c278fab9c0d9436377fe7f65087f185ccb58b,304192420,304128420,912385260,304192420,64000,0,0,0,21210969,10,,,3204560
A0,payload_unicode_long_record,os_cache_warm,64000,64000,902264b6e40d90d1f207e007267c278fab9c0d9436377fe7f65087f185ccb58b,304192420,608256840,1824770520,304192420,64000,0,0,0,0,10,,,7019302
A1,payload_unicode_long_record,os_cache_warm,64000,64000,902264b6e40d90d1f207e007267c278fab9c0d9436377fe7f65087f185ccb58b,304192420,304128420,912385260,304192420,64000,0,0,0,0,10,118,321,3151954
C-structural,payload_unicode_long_record,os_cache_warm,64000,64000,902264b6e40d90d1f207e007267c278fab9c0d9436377fe7f65087f185ccb58b,304192420,304128420,912385260,304192420,64000,0,0,0,21210969,11,,,3206058
A0,payload_unicode_long_record,os_cache_warm,64000,64000,902264b6e40d90d1f207e007267c278fab9c0d9436377fe7f65087f185ccb58b,304192420,608256840,1824770520,304192420,64000,0,0,0,0,11,,,5781679
A1,payload_unicode_long_record,os_cache_warm,64000,64000,902264b6e40d90d1f207e007267c278fab9c0d9436377fe7f65087f185ccb58b,304192420,304128420,912385260,304192420,64000,0,0,0,0,11,146,355,2879598
C-directory,payload_unicode_long_record,os_cache_warm,64000,64000,902264b6e40d90d1f207e007267c278fab9c0d9436377fe7f65087f185ccb58b,304192420,304128420,912385260,304192420,64000,0,0,0,15962860,11,,,3145671
A0,payload_unicode_long_record,os_cache_warm,64000,64000,902264b6e40d90d1f207e007267c278fab9c0d9436377fe7f65087f185ccb58b,304192420,608256840,1824770520,304192420,64000,0,0,0,0,12,,,5932167
A1,payload_unicode_long_record,os_cache_warm,64000,64000,902264b6e40d90d1f207e007267c278fab9c0d9436377fe7f65087f185ccb58b,304192420,304128420,912385260,304192420,64000,0,0,0,0,12,144,358,3004496
C-directory,payload_unicode_long_record,os_cache_warm,64000,64000,902264b6e40d90d1f207e007267c278fab9c0d9436377fe7f65087f185ccb58b,304192420,304128420,912385260,304192420,64000,0,0,0,15962860,12,,,3198699
C-structural,payload_unicode_long_record,os_cache_warm,64000,64000,902264b6e40d90d1f207e007267c278fab9c0d9436377fe7f65087f185ccb58b,304192420,304128420,912385260,304192420,64000,0,0,0,21210969,12,,,3339966
A1,payload_unicode_long_record,os_cache_warm,64000,64000,902264b6e40d90d1f207e007267c278fab9c0d9436377fe7f65087f185ccb58b,304192420,304128420,912385260,304192420,64000,0,0,0,0,13,119,331,2940234
C-directory,payload_unicode_long_record,os_cache_warm,64000,64000,902264b6e40d90d1f207e007267c278fab9c0d9436377fe7f65087f185ccb58b,304192420,304128420,912385260,304192420,64000,0,0,0,15962860,13,,,3228378
C-structural,payload_unicode_long_record,os_cache_warm,64000,64000,902264b6e40d90d1f207e007267c278fab9c0d9436377fe7f65087f185ccb58b,304192420,304128420,912385260,304192420,64000,0,0,0,21210969,13,,,3339592
A0,payload_unicode_long_record,os_cache_warm,64000,64000,902264b6e40d90d1f207e007267c278fab9c0d9436377fe7f65087f185ccb58b,304192420,608256840,1824770520,304192420,64000,0,0,0,0,13,,,5958307
C-directory,payload_unicode_long_record,os_cache_warm,64000,64000,902264b6e40d90d1f207e007267c278fab9c0d9436377fe7f65087f185ccb58b,304192420,304128420,912385260,304192420,64000,0,0,0,15962860,14,,,3167484
C-structural,payload_unicode_long_record,os_cache_warm,64000,64000,902264b6e40d90d1f207e007267c278fab9c0d9436377fe7f65087f185ccb58b,304192420,304128420,912385260,304192420,64000,0,0,0,21210969,14,,,3174511
A0,payload_unicode_long_record,os_cache_warm,64000,64000,902264b6e40d90d1f207e007267c278fab9c0d9436377fe7f65087f185ccb58b,304192420,608256840,1824770520,304192420,64000,0,0,0,0,14,,,5853127
A1,payload_unicode_long_record,os_cache_warm,64000,64000,902264b6e40d90d1f207e007267c278fab9c0d9436377fe7f65087f185ccb58b,304192420,304128420,912385260,304192420,64000,0,0,0,0,14,115,304,3195474
C-structural,payload_unicode_long_record,os_cache_warm,64000,64000,902264b6e40d90d1f207e007267c278fab9c0d9436377fe7f65087f185ccb58b,304192420,304128420,912385260,304192420,64000,0,0,0,21210969,15,,,3171687
A0,payload_unicode_long_record,os_cache_warm,64000,64000,902264b6e40d90d1f207e007267c278fab9c0d9436377fe7f65087f185ccb58b,304192420,608256840,1824770520,304192420,64000,0,0,0,0,15,,,5982911
A1,payload_unicode_long_record,os_cache_warm,64000,64000,902264b6e40d90d1f207e007267c278fab9c0d9436377fe7f65087f185ccb58b,304192420,304128420,912385260,304192420,64000,0,0,0,0,15,140,333,2897022
C-directory,payload_unicode_long_record,os_cache_warm,64000,64000,902264b6e40d90d1f207e007267c278fab9c0d9436377fe7f65087f185ccb58b,304192420,304128420,912385260,304192420,64000,0,0,0,15962860,15,,,3140364
A0,payload_unicode_long_record,os_cache_warm,64000,64000,902264b6e40d90d1f207e007267c278fab9c0d9436377fe7f65087f185ccb58b,304192420,608256840,1824770520,304192420,64000,0,0,0,0,16,,,5917319
A1,payload_unicode_long_record,os_cache_warm,64000,64000,902264b6e40d90d1f207e007267c278fab9c0d9436377fe7f65087f185ccb58b,304192420,304128420,912385260,304192420,64000,0,0,0,0,16,173,358,2949638
C-directory,payload_unicode_long_record,os_cache_warm,64000,64000,902264b6e40d90d1f207e007267c278fab9c0d9436377fe7f65087f185ccb58b,304192420,304128420,912385260,304192420,64000,0,0,0,15962860,16,,,3421089
C-structural,payload_unicode_long_record,os_cache_warm,64000,64000,902264b6e40d90d1f207e007267c278fab9c0d9436377fe7f65087f185ccb58b,304192420,304128420,912385260,304192420,64000,0,0,0,21210969,16,,,3169543
A1,payload_unicode_long_record,os_cache_warm,64000,64000,902264b6e40d90d1f207e007267c278fab9c0d9436377fe7f65087f185ccb58b,304192420,304128420,912385260,304192420,64000,0,0,0,0,17,142,313,2927974
C-directory,payload_unicode_long_record,os_cache_warm,64000,64000,902264b6e40d90d1f207e007267c278fab9c0d9436377fe7f65087f185ccb58b,304192420,304128420,912385260,304192420,64000,0,0,0,15962860,17,,,3158137
C-structural,payload_unicode_long_record,os_cache_warm,64000,64000,902264b6e40d90d1f207e007267c278fab9c0d9436377fe7f65087f185ccb58b,304192420,304128420,912385260,304192420,64000,0,0,0,21210969,17,,,3200306
A0,payload_unicode_long_record,os_cache_warm,64000,64000,902264b6e40d90d1f207e007267c278fab9c0d9436377fe7f65087f185ccb58b,304192420,608256840,1824770520,304192420,64000,0,0,0,0,17,,,5773165
C-directory,payload_unicode_long_record,os_cache_warm,64000,64000,902264b6e40d90d1f207e007267c278fab9c0d9436377fe7f65087f185ccb58b,304192420,304128420,912385260,304192420,64000,0,0,0,15962860,18,,,3223652
C-structural,payload_unicode_long_record,os_cache_warm,64000,64000,902264b6e40d90d1f207e007267c278fab9c0d9436377fe7f65087f185ccb58b,304192420,304128420,912385260,304192420,64000,0,0,0,21210969,18,,,3255808
A0,payload_unicode_long_record,os_cache_warm,64000,64000,902264b6e40d90d1f207e007267c278fab9c0d9436377fe7f65087f185ccb58b,304192420,608256840,1824770520,304192420,64000,0,0,0,0,18,,,5902750
A1,payload_unicode_long_record,os_cache_warm,64000,64000,902264b6e40d90d1f207e007267c278fab9c0d9436377fe7f65087f185ccb58b,304192420,304128420,912385260,304192420,64000,0,0,0,0,18,169,359,2908231
C-structural,payload_unicode_long_record,os_cache_warm,64000,64000,902264b6e40d90d1f207e007267c278fab9c0d9436377fe7f65087f185ccb58b,304192420,304128420,912385260,304192420,64000,0,0,0,21210969,19,,,3163791
A0,payload_unicode_long_record,os_cache_warm,64000,64000,902264b6e40d90d1f207e007267c278fab9c0d9436377fe7f65087f185ccb58b,304192420,608256840,1824770520,304192420,64000,0,0,0,0,19,,,5771495
A1,payload_unicode_long_record,os_cache_warm,64000,64000,902264b6e40d90d1f207e007267c278fab9c0d9436377fe7f65087f185ccb58b,304192420,304128420,912385260,304192420,64000,0,0,0,0,19,150,319,2997286
C-directory,payload_unicode_long_record,os_cache_warm,64000,64000,902264b6e40d90d1f207e007267c278fab9c0d9436377fe7f65087f185ccb58b,304192420,304128420,912385260,304192420,64000,0,0,0,15962860,19,,,3300006
A0,reference_heavy,os_cache_warm,64000,1024000,f3e9bff1c995804f946ae5cda889d228ad77c6efba0142c1e4cbd45d3b1eb51e,85123778,170119556,510358668,85123778,64000,0,1024000,0,0,0,,,3667305
A1,reference_heavy,os_cache_warm,64000,1024000,f3e9bff1c995804f946ae5cda889d228ad77c6efba0142c1e4cbd45d3b1eb51e,85123778,85059778,255179334,85123778,64000,0,1024000,0,0,0,467,1199,1986648
C-directory,reference_heavy,os_cache_warm,64000,1024000,f3e9bff1c995804f946ae5cda889d228ad77c6efba0142c1e4cbd45d3b1eb51e,85123778,85059778,255179334,85123778,64000,0,1024000,0,16308894,0,,,2587831
C-structural,reference_heavy,os_cache_warm,64000,1024000,f3e9bff1c995804f946ae5cda889d228ad77c6efba0142c1e4cbd45d3b1eb51e,85123778,85059778,255179334,85123778,64000,0,1024000,0,240565002,0,,,2767272
A1,reference_heavy,os_cache_warm,64000,1024000,f3e9bff1c995804f946ae5cda889d228ad77c6efba0142c1e4cbd45d3b1eb51e,85123778,85059778,255179334,85123778,64000,0,1024000,0,0,1,153,354,1676066
C-directory,reference_heavy,os_cache_warm,64000,1024000,f3e9bff1c995804f946ae5cda889d228ad77c6efba0142c1e4cbd45d3b1eb51e,85123778,85059778,255179334,85123778,64000,0,1024000,0,16308894,1,,,2523837
C-structural,reference_heavy,os_cache_warm,64000,1024000,f3e9bff1c995804f946ae5cda889d228ad77c6efba0142c1e4cbd45d3b1eb51e,85123778,85059778,255179334,85123778,64000,0,1024000,0,240565002,1,,,2592501
A0,reference_heavy,os_cache_warm,64000,1024000,f3e9bff1c995804f946ae5cda889d228ad77c6efba0142c1e4cbd45d3b1eb51e,85123778,170119556,510358668,85123778,64000,0,1024000,0,0,1,,,3768055
C-directory,reference_heavy,os_cache_warm,64000,1024000,f3e9bff1c995804f946ae5cda889d228ad77c6efba0142c1e4cbd45d3b1eb51e,85123778,85059778,255179334,85123778,64000,0,1024000,0,16308894,2,,,2616138
C-structural,reference_heavy,os_cache_warm,64000,1024000,f3e9bff1c995804f946ae5cda889d228ad77c6efba0142c1e4cbd45d3b1eb51e,85123778,85059778,255179334,85123778,64000,0,1024000,0,240565002,2,,,2675984
A0,reference_heavy,os_cache_warm,64000,1024000,f3e9bff1c995804f946ae5cda889d228ad77c6efba0142c1e4cbd45d3b1eb51e,85123778,170119556,510358668,85123778,64000,0,1024000,0,0,2,,,4154709
A1,reference_heavy,os_cache_warm,64000,1024000,f3e9bff1c995804f946ae5cda889d228ad77c6efba0142c1e4cbd45d3b1eb51e,85123778,85059778,255179334,85123778,64000,0,1024000,0,0,2,3551,8610,1878213
C-structural,reference_heavy,os_cache_warm,64000,1024000,f3e9bff1c995804f946ae5cda889d228ad77c6efba0142c1e4cbd45d3b1eb51e,85123778,85059778,255179334,85123778,64000,0,1024000,0,240565002,3,,,2619316
A0,reference_heavy,os_cache_warm,64000,1024000,f3e9bff1c995804f946ae5cda889d228ad77c6efba0142c1e4cbd45d3b1eb51e,85123778,170119556,510358668,85123778,64000,0,1024000,0,0,3,,,3532587
A1,reference_heavy,os_cache_warm,64000,1024000,f3e9bff1c995804f946ae5cda889d228ad77c6efba0142c1e4cbd45d3b1eb51e,85123778,85059778,255179334,85123778,64000,0,1024000,0,0,3,183,487,1661136
C-directory,reference_heavy,os_cache_warm,64000,1024000,f3e9bff1c995804f946ae5cda889d228ad77c6efba0142c1e4cbd45d3b1eb51e,85123778,85059778,255179334,85123778,64000,0,1024000,0,16308894,3,,,2588465
A0,reference_heavy,os_cache_warm,64000,1024000,f3e9bff1c995804f946ae5cda889d228ad77c6efba0142c1e4cbd45d3b1eb51e,85123778,170119556,510358668,85123778,64000,0,1024000,0,0,4,,,3621431
A1,reference_heavy,os_cache_warm,64000,1024000,f3e9bff1c995804f946ae5cda889d228ad77c6efba0142c1e4cbd45d3b1eb51e,85123778,85059778,255179334,85123778,64000,0,1024000,0,0,4,116,309,2021851
C-directory,reference_heavy,os_cache_warm,64000,1024000,f3e9bff1c995804f946ae5cda889d228ad77c6efba0142c1e4cbd45d3b1eb51e,85123778,85059778,255179334,85123778,64000,0,1024000,0,16308894,4,,,3034772
C-structural,reference_heavy,os_cache_warm,64000,1024000,f3e9bff1c995804f946ae5cda889d228ad77c6efba0142c1e4cbd45d3b1eb51e,85123778,85059778,255179334,85123778,64000,0,1024000,0,240565002,4,,,2586515
A1,reference_heavy,os_cache_warm,64000,1024000,f3e9bff1c995804f946ae5cda889d228ad77c6efba0142c1e4cbd45d3b1eb51e,85123778,85059778,255179334,85123778,64000,0,1024000,0,0,5,197,459,1802156
C-directory,reference_heavy,os_cache_warm,64000,1024000,f3e9bff1c995804f946ae5cda889d228ad77c6efba0142c1e4cbd45d3b1eb51e,85123778,85059778,255179334,85123778,64000,0,1024000,0,16308894,5,,,2564865
C-structural,reference_heavy,os_cache_warm,64000,1024000,f3e9bff1c995804f946ae5cda889d228ad77c6efba0142c1e4cbd45d3b1eb51e,85123778,85059778,255179334,85123778,64000,0,1024000,0,240565002,5,,,2806026
A0,reference_heavy,os_cache_warm,64000,1024000,f3e9bff1c995804f946ae5cda889d228ad77c6efba0142c1e4cbd45d3b1eb51e,85123778,170119556,510358668,85123778,64000,0,1024000,0,0,5,,,3536413
C-directory,reference_heavy,os_cache_warm,64000,1024000,f3e9bff1c995804f946ae5cda889d228ad77c6efba0142c1e4cbd45d3b1eb51e,85123778,85059778,255179334,85123778,64000,0,1024000,0,16308894,6,,,2802141
C-structural,reference_heavy,os_cache_warm,64000,1024000,f3e9bff1c995804f946ae5cda889d228ad77c6efba0142c1e4cbd45d3b1eb51e,85123778,85059778,255179334,85123778,64000,0,1024000,0,240565002,6,,,2541842
A0,reference_heavy,os_cache_warm,64000,1024000,f3e9bff1c995804f946ae5cda889d228ad77c6efba0142c1e4cbd45d3b1eb51e,85123778,170119556,510358668,85123778,64000,0,1024000,0,0,6,,,3551461
A1,reference_heavy,os_cache_warm,64000,1024000,f3e9bff1c995804f946ae5cda889d228ad77c6efba0142c1e4cbd45d3b1eb51e,85123778,85059778,255179334,85123778,64000,0,1024000,0,0,6,95,313,1798537
C-structural,reference_heavy,os_cache_warm,64000,1024000,f3e9bff1c995804f946ae5cda889d228ad77c6efba0142c1e4cbd45d3b1eb51e,85123778,85059778,255179334,85123778,64000,0,1024000,0,240565002,7,,,2548381
A0,reference_heavy,os_cache_warm,64000,1024000,f3e9bff1c995804f946ae5cda889d228ad77c6efba0142c1e4cbd45d3b1eb51e,85123778,170119556,510358668,85123778,64000,0,1024000,0,0,7,,,3608407
A1,reference_heavy,os_cache_warm,64000,1024000,f3e9bff1c995804f946ae5cda889d228ad77c6efba0142c1e4cbd45d3b1eb51e,85123778,85059778,255179334,85123778,64000,0,1024000,0,0,7,152,402,1723290
C-directory,reference_heavy,os_cache_warm,64000,1024000,f3e9bff1c995804f946ae5cda889d228ad77c6efba0142c1e4cbd45d3b1eb51e,85123778,85059778,255179334,85123778,64000,0,1024000,0,16308894,7,,,3057672
A0,reference_heavy,os_cache_warm,64000,1024000,f3e9bff1c995804f946ae5cda889d228ad77c6efba0142c1e4cbd45d3b1eb51e,85123778,170119556,510358668,85123778,64000,0,1024000,0,0,8,,,3541300
A1,reference_heavy,os_cache_warm,64000,1024000,f3e9bff1c995804f946ae5cda889d228ad77c6efba0142c1e4cbd45d3b1eb51e,85123778,85059778,255179334,85123778,64000,0,1024000,0,0,8,161,371,1870204
C-directory,reference_heavy,os_cache_warm,64000,1024000,f3e9bff1c995804f946ae5cda889d228ad77c6efba0142c1e4cbd45d3b1eb51e,85123778,85059778,255179334,85123778,64000,0,1024000,0,16308894,8,,,2576642
C-structural,reference_heavy,os_cache_warm,64000,1024000,f3e9bff1c995804f946ae5cda889d228ad77c6efba0142c1e4cbd45d3b1eb51e,85123778,85059778,255179334,85123778,64000,0,1024000,0,240565002,8,,,2586361
A1,reference_heavy,os_cache_warm,64000,1024000,f3e9bff1c995804f946ae5cda889d228ad77c6efba0142c1e4cbd45d3b1eb51e,85123778,85059778,255179334,85123778,64000,0,1024000,0,0,9,160,428,1676590
C-directory,reference_heavy,os_cache_warm,64000,1024000,f3e9bff1c995804f946ae5cda889d228ad77c6efba0142c1e4cbd45d3b1eb51e,85123778,85059778,255179334,85123778,64000,0,1024000,0,16308894,9,,,2678207
C-structural,reference_heavy,os_cache_warm,64000,1024000,f3e9bff1c995804f946ae5cda889d228ad77c6efba0142c1e4cbd45d3b1eb51e,85123778,85059778,255179334,85123778,64000,0,1024000,0,240565002,9,,,2548000
A0,reference_heavy,os_cache_warm,64000,1024000,f3e9bff1c995804f946ae5cda889d228ad77c6efba0142c1e4cbd45d3b1eb51e,85123778,170119556,510358668,85123778,64000,0,1024000,0,0,9,,,3609309
C-directory,reference_heavy,os_cache_warm,64000,1024000,f3e9bff1c995804f946ae5cda889d228ad77c6efba0142c1e4cbd45d3b1eb51e,85123778,85059778,255179334,85123778,64000,0,1024000,0,16308894,10,,,2881319
C-structural,reference_heavy,os_cache_warm,64000,1024000,f3e9bff1c995804f946ae5cda889d228ad77c6efba0142c1e4cbd45d3b1eb51e,85123778,85059778,255179334,85123778,64000,0,1024000,0,240565002,10,,,2586378
A0,reference_heavy,os_cache_warm,64000,1024000,f3e9bff1c995804f946ae5cda889d228ad77c6efba0142c1e4cbd45d3b1eb51e,85123778,170119556,510358668,85123778,64000,0,1024000,0,0,10,,,3521785
A1,reference_heavy,os_cache_warm,64000,1024000,f3e9bff1c995804f946ae5cda889d228ad77c6efba0142c1e4cbd45d3b1eb51e,85123778,85059778,255179334,85123778,64000,0,1024000,0,0,10,209,466,1639863
C-structural,reference_heavy,os_cache_warm,64000,1024000,f3e9bff1c995804f946ae5cda889d228ad77c6efba0142c1e4cbd45d3b1eb51e,85123778,85059778,255179334,85123778,64000,0,1024000,0,240565002,11,,,2595367
A0,reference_heavy,os_cache_warm,64000,1024000,f3e9bff1c995804f946ae5cda889d228ad77c6efba0142c1e4cbd45d3b1eb51e,85123778,170119556,510358668,85123778,64000,0,1024000,0,0,11,,,3753302
A1,reference_heavy,os_cache_warm,64000,1024000,f3e9bff1c995804f946ae5cda889d228ad77c6efba0142c1e4cbd45d3b1eb51e,85123778,85059778,255179334,85123778,64000,0,1024000,0,0,11,132,349,1765095
C-directory,reference_heavy,os_cache_warm,64000,1024000,f3e9bff1c995804f946ae5cda889d228ad77c6efba0142c1e4cbd45d3b1eb51e,85123778,85059778,255179334,85123778,64000,0,1024000,0,16308894,11,,,2671419
A0,reference_heavy,os_cache_warm,64000,1024000,f3e9bff1c995804f946ae5cda889d228ad77c6efba0142c1e4cbd45d3b1eb51e,85123778,170119556,510358668,85123778,64000,0,1024000,0,0,12,,,3565494
A1,reference_heavy,os_cache_warm,64000,1024000,f3e9bff1c995804f946ae5cda889d228ad77c6efba0142c1e4cbd45d3b1eb51e,85123778,85059778,255179334,85123778,64000,0,1024000,0,0,12,148,359,1665342
C-directory,reference_heavy,os_cache_warm,64000,1024000,f3e9bff1c995804f946ae5cda889d228ad77c6efba0142c1e4cbd45d3b1eb51e,85123778,85059778,255179334,85123778,64000,0,1024000,0,16308894,12,,,2682460
C-structural,reference_heavy,os_cache_warm,64000,1024000,f3e9bff1c995804f946ae5cda889d228ad77c6efba0142c1e4cbd45d3b1eb51e,85123778,85059778,255179334,85123778,64000,0,1024000,0,240565002,12,,,2565429
A1,reference_heavy,os_cache_warm,64000,1024000,f3e9bff1c995804f946ae5cda889d228ad77c6efba0142c1e4cbd45d3b1eb51e,85123778,85059778,255179334,85123778,64000,0,1024000,0,0,13,140,338,1714418
C-directory,reference_heavy,os_cache_warm,64000,1024000,f3e9bff1c995804f946ae5cda889d228ad77c6efba0142c1e4cbd45d3b1eb51e,85123778,85059778,255179334,85123778,64000,0,1024000,0,16308894,13,,,2559684
C-structural,reference_heavy,os_cache_warm,64000,1024000,f3e9bff1c995804f946ae5cda889d228ad77c6efba0142c1e4cbd45d3b1eb51e,85123778,85059778,255179334,85123778,64000,0,1024000,0,240565002,13,,,2935629
A0,reference_heavy,os_cache_warm,64000,1024000,f3e9bff1c995804f946ae5cda889d228ad77c6efba0142c1e4cbd45d3b1eb51e,85123778,170119556,510358668,85123778,64000,0,1024000,0,0,13,,,3529913
C-directory,reference_heavy,os_cache_warm,64000,1024000,f3e9bff1c995804f946ae5cda889d228ad77c6efba0142c1e4cbd45d3b1eb51e,85123778,85059778,255179334,85123778,64000,0,1024000,0,16308894,14,,,2525532
C-structural,reference_heavy,os_cache_warm,64000,1024000,f3e9bff1c995804f946ae5cda889d228ad77c6efba0142c1e4cbd45d3b1eb51e,85123778,85059778,255179334,85123778,64000,0,1024000,0,240565002,14,,,2521595
A0,reference_heavy,os_cache_warm,64000,1024000,f3e9bff1c995804f946ae5cda889d228ad77c6efba0142c1e4cbd45d3b1eb51e,85123778,170119556,510358668,85123778,64000,0,1024000,0,0,14,,,3496202
A1,reference_heavy,os_cache_warm,64000,1024000,f3e9bff1c995804f946ae5cda889d228ad77c6efba0142c1e4cbd45d3b1eb51e,85123778,85059778,255179334,85123778,64000,0,1024000,0,0,14,136,342,1638387
C-structural,reference_heavy,os_cache_warm,64000,1024000,f3e9bff1c995804f946ae5cda889d228ad77c6efba0142c1e4cbd45d3b1eb51e,85123778,85059778,255179334,85123778,64000,0,1024000,0,240565002,15,,,2529587
A0,reference_heavy,os_cache_warm,64000,1024000,f3e9bff1c995804f946ae5cda889d228ad77c6efba0142c1e4cbd45d3b1eb51e,85123778,170119556,510358668,85123778,64000,0,1024000,0,0,15,,,3543281
A1,reference_heavy,os_cache_warm,64000,1024000,f3e9bff1c995804f946ae5cda889d228ad77c6efba0142c1e4cbd45d3b1eb51e,85123778,85059778,255179334,85123778,64000,0,1024000,0,0,15,119,312,1630546
C-directory,reference_heavy,os_cache_warm,64000,1024000,f3e9bff1c995804f946ae5cda889d228ad77c6efba0142c1e4cbd45d3b1eb51e,85123778,85059778,255179334,85123778,64000,0,1024000,0,16308894,15,,,2571475
A0,reference_heavy,os_cache_warm,64000,1024000,f3e9bff1c995804f946ae5cda889d228ad77c6efba0142c1e4cbd45d3b1eb51e,85123778,170119556,510358668,85123778,64000,0,1024000,0,0,16,,,3482396
A1,reference_heavy,os_cache_warm,64000,1024000,f3e9bff1c995804f946ae5cda889d228ad77c6efba0142c1e4cbd45d3b1eb51e,85123778,85059778,255179334,85123778,64000,0,1024000,0,0,16,171,427,1633967
C-directory,reference_heavy,os_cache_warm,64000,1024000,f3e9bff1c995804f946ae5cda889d228ad77c6efba0142c1e4cbd45d3b1eb51e,85123778,85059778,255179334,85123778,64000,0,1024000,0,16308894,16,,,2519430
C-structural,reference_heavy,os_cache_warm,64000,1024000,f3e9bff1c995804f946ae5cda889d228ad77c6efba0142c1e4cbd45d3b1eb51e,85123778,85059778,255179334,85123778,64000,0,1024000,0,240565002,16,,,2709720
A1,reference_heavy,os_cache_warm,64000,1024000,f3e9bff1c995804f946ae5cda889d228ad77c6efba0142c1e4cbd45d3b1eb51e,85123778,85059778,255179334,85123778,64000,0,1024000,0,0,17,151,349,1728159
C-directory,reference_heavy,os_cache_warm,64000,1024000,f3e9bff1c995804f946ae5cda889d228ad77c6efba0142c1e4cbd45d3b1eb51e,85123778,85059778,255179334,85123778,64000,0,1024000,0,16308894,17,,,2668592
C-structural,reference_heavy,os_cache_warm,64000,1024000,f3e9bff1c995804f946ae5cda889d228ad77c6efba0142c1e4cbd45d3b1eb51e,85123778,85059778,255179334,85123778,64000,0,1024000,0,240565002,17,,,2531714
A0,reference_heavy,os_cache_warm,64000,1024000,f3e9bff1c995804f946ae5cda889d228ad77c6efba0142c1e4cbd45d3b1eb51e,85123778,170119556,510358668,85123778,64000,0,1024000,0,0,17,,,3556596
C-directory,reference_heavy,os_cache_warm,64000,1024000,f3e9bff1c995804f946ae5cda889d228ad77c6efba0142c1e4cbd45d3b1eb51e,85123778,85059778,255179334,85123778,64000,0,1024000,0,16308894,18,,,2549486
C-structural,reference_heavy,os_cache_warm,64000,1024000,f3e9bff1c995804f946ae5cda889d228ad77c6efba0142c1e4cbd45d3b1eb51e,85123778,85059778,255179334,85123778,64000,0,1024000,0,240565002,18,,,2520601
A0,reference_heavy,os_cache_warm,64000,1024000,f3e9bff1c995804f946ae5cda889d228ad77c6efba0142c1e4cbd45d3b1eb51e,85123778,170119556,510358668,85123778,64000,0,1024000,0,0,18,,,3772522
A1,reference_heavy,os_cache_warm,64000,1024000,f3e9bff1c995804f946ae5cda889d228ad77c6efba0142c1e4cbd45d3b1eb51e,85123778,85059778,255179334,85123778,64000,0,1024000,0,0,18,129,326,1629840
C-structural,reference_heavy,os_cache_warm,64000,1024000,f3e9bff1c995804f946ae5cda889d228ad77c6efba0142c1e4cbd45d3b1eb51e,85123778,85059778,255179334,85123778,64000,0,1024000,0,240565002,19,,,2575989
A0,reference_heavy,os_cache_warm,64000,1024000,f3e9bff1c995804f946ae5cda889d228ad77c6efba0142c1e4cbd45d3b1eb51e,85123778,170119556,510358668,85123778,64000,0,1024000,0,0,19,,,4269372
A1,reference_heavy,os_cache_warm,64000,1024000,f3e9bff1c995804f946ae5cda889d228ad77c6efba0142c1e4cbd45d3b1eb51e,85123778,85059778,255179334,85123778,64000,0,1024000,0,0,19,138,329,1746819
C-directory,reference_heavy,os_cache_warm,64000,1024000,f3e9bff1c995804f946ae5cda889d228ad77c6efba0142c1e4cbd45d3b1eb51e,85123778,85059778,255179334,85123778,64000,0,1024000,0,16308894,19,,,2551013
A0,mixed_realistic_game_data,os_cache_warm,64000,320000,56a58280a537c8413a9add6a5c49fc33cf63afd27e69a8ad1f60106e3ee1df53,47765930,95403860,286211580,47765930,64000,192000,64000,64000,0,0,,,2352867
A1,mixed_realistic_game_data,os_cache_warm,64000,320000,56a58280a537c8413a9add6a5c49fc33cf63afd27e69a8ad1f60106e3ee1df53,47765930,47701930,143105790,47765930,64000,192000,64000,64000,0,0,101,261,1301034
C-directory,mixed_realistic_game_data,os_cache_warm,64000,320000,56a58280a537c8413a9add6a5c49fc33cf63afd27e69a8ad1f60106e3ee1df53,47765930,47701930,143105790,47765930,64000,192000,64000,64000,15208716,0,,,1663680
C-structural,mixed_realistic_game_data,os_cache_warm,64000,320000,56a58280a537c8413a9add6a5c49fc33cf63afd27e69a8ad1f60106e3ee1df53,47765930,47701930,143105790,47765930,64000,192000,64000,64000,65768822,0,,,1608329
A1,mixed_realistic_game_data,os_cache_warm,64000,320000,56a58280a537c8413a9add6a5c49fc33cf63afd27e69a8ad1f60106e3ee1df53,47765930,47701930,143105790,47765930,64000,192000,64000,64000,0,1,234,430,1174455
C-directory,mixed_realistic_game_data,os_cache_warm,64000,320000,56a58280a537c8413a9add6a5c49fc33cf63afd27e69a8ad1f60106e3ee1df53,47765930,47701930,143105790,47765930,64000,192000,64000,64000,15208716,1,,,1643342
C-structural,mixed_realistic_game_data,os_cache_warm,64000,320000,56a58280a537c8413a9add6a5c49fc33cf63afd27e69a8ad1f60106e3ee1df53,47765930,47701930,143105790,47765930,64000,192000,64000,64000,65768822,1,,,1885976
A0,mixed_realistic_game_data,os_cache_warm,64000,320000,56a58280a537c8413a9add6a5c49fc33cf63afd27e69a8ad1f60106e3ee1df53,47765930,95403860,286211580,47765930,64000,192000,64000,64000,0,1,,,2336344
C-directory,mixed_realistic_game_data,os_cache_warm,64000,320000,56a58280a537c8413a9add6a5c49fc33cf63afd27e69a8ad1f60106e3ee1df53,47765930,47701930,143105790,47765930,64000,192000,64000,64000,15208716,2,,,1556951
C-structural,mixed_realistic_game_data,os_cache_warm,64000,320000,56a58280a537c8413a9add6a5c49fc33cf63afd27e69a8ad1f60106e3ee1df53,47765930,47701930,143105790,47765930,64000,192000,64000,64000,65768822,2,,,1727701
A0,mixed_realistic_game_data,os_cache_warm,64000,320000,56a58280a537c8413a9add6a5c49fc33cf63afd27e69a8ad1f60106e3ee1df53,47765930,95403860,286211580,47765930,64000,192000,64000,64000,0,2,,,3128636
A1,mixed_realistic_game_data,os_cache_warm,64000,320000,56a58280a537c8413a9add6a5c49fc33cf63afd27e69a8ad1f60106e3ee1df53,47765930,47701930,143105790,47765930,64000,192000,64000,64000,0,2,136,465,1413735
C-structural,mixed_realistic_game_data,os_cache_warm,64000,320000,56a58280a537c8413a9add6a5c49fc33cf63afd27e69a8ad1f60106e3ee1df53,47765930,47701930,143105790,47765930,64000,192000,64000,64000,65768822,3,,,2107905
A0,mixed_realistic_game_data,os_cache_warm,64000,320000,56a58280a537c8413a9add6a5c49fc33cf63afd27e69a8ad1f60106e3ee1df53,47765930,95403860,286211580,47765930,64000,192000,64000,64000,0,3,,,2508268
A1,mixed_realistic_game_data,os_cache_warm,64000,320000,56a58280a537c8413a9add6a5c49fc33cf63afd27e69a8ad1f60106e3ee1df53,47765930,47701930,143105790,47765930,64000,192000,64000,64000,0,3,174,368,1116997
C-directory,mixed_realistic_game_data,os_cache_warm,64000,320000,56a58280a537c8413a9add6a5c49fc33cf63afd27e69a8ad1f60106e3ee1df53,47765930,47701930,143105790,47765930,64000,192000,64000,64000,15208716,3,,,1404004
A0,mixed_realistic_game_data,os_cache_warm,64000,320000,56a58280a537c8413a9add6a5c49fc33cf63afd27e69a8ad1f60106e3ee1df53,47765930,95403860,286211580,47765930,64000,192000,64000,64000,0,4,,,2455806
A1,mixed_realistic_game_data,os_cache_warm,64000,320000,56a58280a537c8413a9add6a5c49fc33cf63afd27e69a8ad1f60106e3ee1df53,47765930,47701930,143105790,47765930,64000,192000,64000,64000,0,4,102,277,1152116
C-directory,mixed_realistic_game_data,os_cache_warm,64000,320000,56a58280a537c8413a9add6a5c49fc33cf63afd27e69a8ad1f60106e3ee1df53,47765930,47701930,143105790,47765930,64000,192000,64000,64000,15208716,4,,,1449777
C-structural,mixed_realistic_game_data,os_cache_warm,64000,320000,56a58280a537c8413a9add6a5c49fc33cf63afd27e69a8ad1f60106e3ee1df53,47765930,47701930,143105790,47765930,64000,192000,64000,64000,65768822,4,,,1537233
A1,mixed_realistic_game_data,os_cache_warm,64000,320000,56a58280a537c8413a9add6a5c49fc33cf63afd27e69a8ad1f60106e3ee1df53,47765930,47701930,143105790,47765930,64000,192000,64000,64000,0,5,151,316,1152323
C-directory,mixed_realistic_game_data,os_cache_warm,64000,320000,56a58280a537c8413a9add6a5c49fc33cf63afd27e69a8ad1f60106e3ee1df53,47765930,47701930,143105790,47765930,64000,192000,64000,64000,15208716,5,,,1426166
C-structural,mixed_realistic_game_data,os_cache_warm,64000,320000,56a58280a537c8413a9add6a5c49fc33cf63afd27e69a8ad1f60106e3ee1df53,47765930,47701930,143105790,47765930,64000,192000,64000,64000,65768822,5,,,1493002
A0,mixed_realistic_game_data,os_cache_warm,64000,320000,56a58280a537c8413a9add6a5c49fc33cf63afd27e69a8ad1f60106e3ee1df53,47765930,95403860,286211580,47765930,64000,192000,64000,64000,0,5,,,2283754
C-directory,mixed_realistic_game_data,os_cache_warm,64000,320000,56a58280a537c8413a9add6a5c49fc33cf63afd27e69a8ad1f60106e3ee1df53,47765930,47701930,143105790,47765930,64000,192000,64000,64000,15208716,6,,,1426696
C-structural,mixed_realistic_game_data,os_cache_warm,64000,320000,56a58280a537c8413a9add6a5c49fc33cf63afd27e69a8ad1f60106e3ee1df53,47765930,47701930,143105790,47765930,64000,192000,64000,64000,65768822,6,,,1487884
A0,mixed_realistic_game_data,os_cache_warm,64000,320000,56a58280a537c8413a9add6a5c49fc33cf63afd27e69a8ad1f60106e3ee1df53,47765930,95403860,286211580,47765930,64000,192000,64000,64000,0,6,,,2732378
A1,mixed_realistic_game_data,os_cache_warm,64000,320000,56a58280a537c8413a9add6a5c49fc33cf63afd27e69a8ad1f60106e3ee1df53,47765930,47701930,143105790,47765930,64000,192000,64000,64000,0,6,165,334,1324322
C-structural,mixed_realistic_game_data,os_cache_warm,64000,320000,56a58280a537c8413a9add6a5c49fc33cf63afd27e69a8ad1f60106e3ee1df53,47765930,47701930,143105790,47765930,64000,192000,64000,64000,65768822,7,,,1672873
A0,mixed_realistic_game_data,os_cache_warm,64000,320000,56a58280a537c8413a9add6a5c49fc33cf63afd27e69a8ad1f60106e3ee1df53,47765930,95403860,286211580,47765930,64000,192000,64000,64000,0,7,,,2330543
A1,mixed_realistic_game_data,os_cache_warm,64000,320000,56a58280a537c8413a9add6a5c49fc33cf63afd27e69a8ad1f60106e3ee1df53,47765930,47701930,143105790,47765930,64000,192000,64000,64000,0,7,144,317,1119354
C-directory,mixed_realistic_game_data,os_cache_warm,64000,320000,56a58280a537c8413a9add6a5c49fc33cf63afd27e69a8ad1f60106e3ee1df53,47765930,47701930,143105790,47765930,64000,192000,64000,64000,15208716,7,,,1432370
A0,mixed_realistic_game_data,os_cache_warm,64000,320000,56a58280a537c8413a9add6a5c49fc33cf63afd27e69a8ad1f60106e3ee1df53,47765930,95403860,286211580,47765930,64000,192000,64000,64000,0,8,,,2327820
A1,mixed_realistic_game_data,os_cache_warm,64000,320000,56a58280a537c8413a9add6a5c49fc33cf63afd27e69a8ad1f60106e3ee1df53,47765930,47701930,143105790,47765930,64000,192000,64000,64000,0,8,267,528,1117646
C-directory,mixed_realistic_game_data,os_cache_warm,64000,320000,56a58280a537c8413a9add6a5c49fc33cf63afd27e69a8ad1f60106e3ee1df53,47765930,47701930,143105790,47765930,64000,192000,64000,64000,15208716,8,,,1413278
C-structural,mixed_realistic_game_data,os_cache_warm,64000,320000,56a58280a537c8413a9add6a5c49fc33cf63afd27e69a8ad1f60106e3ee1df53,47765930,47701930,143105790,47765930,64000,192000,64000,64000,65768822,8,,,1558629
A1,mixed_realistic_game_data,os_cache_warm,64000,320000,56a58280a537c8413a9add6a5c49fc33cf63afd27e69a8ad1f60106e3ee1df53,47765930,47701930,143105790,47765930,64000,192000,64000,64000,0,9,190,356,1119447
C-directory,mixed_realistic_game_data,os_cache_warm,64000,320000,56a58280a537c8413a9add6a5c49fc33cf63afd27e69a8ad1f60106e3ee1df53,47765930,47701930,143105790,47765930,64000,192000,64000,64000,15208716,9,,,1438973
C-structural,mixed_realistic_game_data,os_cache_warm,64000,320000,56a58280a537c8413a9add6a5c49fc33cf63afd27e69a8ad1f60106e3ee1df53,47765930,47701930,143105790,47765930,64000,192000,64000,64000,65768822,9,,,1491447
A0,mixed_realistic_game_data,os_cache_warm,64000,320000,56a58280a537c8413a9add6a5c49fc33cf63afd27e69a8ad1f60106e3ee1df53,47765930,95403860,286211580,47765930,64000,192000,64000,64000,0,9,,,2327816
C-directory,mixed_realistic_game_data,os_cache_warm,64000,320000,56a58280a537c8413a9add6a5c49fc33cf63afd27e69a8ad1f60106e3ee1df53,47765930,47701930,143105790,47765930,64000,192000,64000,64000,15208716,10,,,1464065
C-structural,mixed_realistic_game_data,os_cache_warm,64000,320000,56a58280a537c8413a9add6a5c49fc33cf63afd27e69a8ad1f60106e3ee1df53,47765930,47701930,143105790,47765930,64000,192000,64000,64000,65768822,10,,,1506761
A0,mixed_realistic_game_data,os_cache_warm,64000,320000,56a58280a537c8413a9add6a5c49fc33cf63afd27e69a8ad1f60106e3ee1df53,47765930,95403860,286211580,47765930,64000,192000,64000,64000,0,10,,,2286915
A1,mixed_realistic_game_data,os_cache_warm,64000,320000,56a58280a537c8413a9add6a5c49fc33cf63afd27e69a8ad1f60106e3ee1df53,47765930,47701930,143105790,47765930,64000,192000,64000,64000,0,10,147,336,1114520
C-structural,mixed_realistic_game_data,os_cache_warm,64000,320000,56a58280a537c8413a9add6a5c49fc33cf63afd27e69a8ad1f60106e3ee1df53,47765930,47701930,143105790,47765930,64000,192000,64000,64000,65768822,11,,,1522320
A0,mixed_realistic_game_data,os_cache_warm,64000,320000,56a58280a537c8413a9add6a5c49fc33cf63afd27e69a8ad1f60106e3ee1df53,47765930,95403860,286211580,47765930,64000,192000,64000,64000,0,11,,,2392616
A1,mixed_realistic_game_data,os_cache_warm,64000,320000,56a58280a537c8413a9add6a5c49fc33cf63afd27e69a8ad1f60106e3ee1df53,47765930,47701930,143105790,47765930,64000,192000,64000,64000,0,11,177,339,1180785
C-directory,mixed_realistic_game_data,os_cache_warm,64000,320000,56a58280a537c8413a9add6a5c49fc33cf63afd27e69a8ad1f60106e3ee1df53,47765930,47701930,143105790,47765930,64000,192000,64000,64000,15208716,11,,,1451702
A0,mixed_realistic_game_data,os_cache_warm,64000,320000,56a58280a537c8413a9add6a5c49fc33cf63afd27e69a8ad1f60106e3ee1df53,47765930,95403860,286211580,47765930,64000,192000,64000,64000,0,12,,,2366971
A1,mixed_realistic_game_data,os_cache_warm,64000,320000,56a58280a537c8413a9add6a5c49fc33cf63afd27e69a8ad1f60106e3ee1df53,47765930,47701930,143105790,47765930,64000,192000,64000,64000,0,12,157,323,1125250
C-directory,mixed_realistic_game_data,os_cache_warm,64000,320000,56a58280a537c8413a9add6a5c49fc33cf63afd27e69a8ad1f60106e3ee1df53,47765930,47701930,143105790,47765930,64000,192000,64000,64000,15208716,12,,,1425285
C-structural,mixed_realistic_game_data,os_cache_warm,64000,320000,56a58280a537c8413a9add6a5c49fc33cf63afd27e69a8ad1f60106e3ee1df53,47765930,47701930,143105790,47765930,64000,192000,64000,64000,65768822,12,,,1542989
A1,mixed_realistic_game_data,os_cache_warm,64000,320000,56a58280a537c8413a9add6a5c49fc33cf63afd27e69a8ad1f60106e3ee1df53,47765930,47701930,143105790,47765930,64000,192000,64000,64000,0,13,160,337,1127553
C-directory,mixed_realistic_game_data,os_cache_warm,64000,320000,56a58280a537c8413a9add6a5c49fc33cf63afd27e69a8ad1f60106e3ee1df53,47765930,47701930,143105790,47765930,64000,192000,64000,64000,15208716,13,,,1436229
C-structural,mixed_realistic_game_data,os_cache_warm,64000,320000,56a58280a537c8413a9add6a5c49fc33cf63afd27e69a8ad1f60106e3ee1df53,47765930,47701930,143105790,47765930,64000,192000,64000,64000,65768822,13,,,1508067
A0,mixed_realistic_game_data,os_cache_warm,64000,320000,56a58280a537c8413a9add6a5c49fc33cf63afd27e69a8ad1f60106e3ee1df53,47765930,95403860,286211580,47765930,64000,192000,64000,64000,0,13,,,2236400
C-directory,mixed_realistic_game_data,os_cache_warm,64000,320000,56a58280a537c8413a9add6a5c49fc33cf63afd27e69a8ad1f60106e3ee1df53,47765930,47701930,143105790,47765930,64000,192000,64000,64000,15208716,14,,,1397793
C-structural,mixed_realistic_game_data,os_cache_warm,64000,320000,56a58280a537c8413a9add6a5c49fc33cf63afd27e69a8ad1f60106e3ee1df53,47765930,47701930,143105790,47765930,64000,192000,64000,64000,65768822,14,,,1477047
A0,mixed_realistic_game_data,os_cache_warm,64000,320000,56a58280a537c8413a9add6a5c49fc33cf63afd27e69a8ad1f60106e3ee1df53,47765930,95403860,286211580,47765930,64000,192000,64000,64000,0,14,,,2243666
A1,mixed_realistic_game_data,os_cache_warm,64000,320000,56a58280a537c8413a9add6a5c49fc33cf63afd27e69a8ad1f60106e3ee1df53,47765930,47701930,143105790,47765930,64000,192000,64000,64000,0,14,150,315,1097061
C-structural,mixed_realistic_game_data,os_cache_warm,64000,320000,56a58280a537c8413a9add6a5c49fc33cf63afd27e69a8ad1f60106e3ee1df53,47765930,47701930,143105790,47765930,64000,192000,64000,64000,65768822,15,,,1519524
A0,mixed_realistic_game_data,os_cache_warm,64000,320000,56a58280a537c8413a9add6a5c49fc33cf63afd27e69a8ad1f60106e3ee1df53,47765930,95403860,286211580,47765930,64000,192000,64000,64000,0,15,,,2252141
A1,mixed_realistic_game_data,os_cache_warm,64000,320000,56a58280a537c8413a9add6a5c49fc33cf63afd27e69a8ad1f60106e3ee1df53,47765930,47701930,143105790,47765930,64000,192000,64000,64000,0,15,120,278,1105425
C-directory,mixed_realistic_game_data,os_cache_warm,64000,320000,56a58280a537c8413a9add6a5c49fc33cf63afd27e69a8ad1f60106e3ee1df53,47765930,47701930,143105790,47765930,64000,192000,64000,64000,15208716,15,,,1405935
A0,mixed_realistic_game_data,os_cache_warm,64000,320000,56a58280a537c8413a9add6a5c49fc33cf63afd27e69a8ad1f60106e3ee1df53,47765930,95403860,286211580,47765930,64000,192000,64000,64000,0,16,,,2286999
A1,mixed_realistic_game_data,os_cache_warm,64000,320000,56a58280a537c8413a9add6a5c49fc33cf63afd27e69a8ad1f60106e3ee1df53,47765930,47701930,143105790,47765930,64000,192000,64000,64000,0,16,194,358,1109153
C-directory,mixed_realistic_game_data,os_cache_warm,64000,320000,56a58280a537c8413a9add6a5c49fc33cf63afd27e69a8ad1f60106e3ee1df53,47765930,47701930,143105790,47765930,64000,192000,64000,64000,15208716,16,,,1390309
C-structural,mixed_realistic_game_data,os_cache_warm,64000,320000,56a58280a537c8413a9add6a5c49fc33cf63afd27e69a8ad1f60106e3ee1df53,47765930,47701930,143105790,47765930,64000,192000,64000,64000,65768822,16,,,1464774
A1,mixed_realistic_game_data,os_cache_warm,64000,320000,56a58280a537c8413a9add6a5c49fc33cf63afd27e69a8ad1f60106e3ee1df53,47765930,47701930,143105790,47765930,64000,192000,64000,64000,0,17,184,373,1074011
C-directory,mixed_realistic_game_data,os_cache_warm,64000,320000,56a58280a537c8413a9add6a5c49fc33cf63afd27e69a8ad1f60106e3ee1df53,47765930,47701930,143105790,47765930,64000,192000,64000,64000,15208716,17,,,1400170
C-structural,mixed_realistic_game_data,os_cache_warm,64000,320000,56a58280a537c8413a9add6a5c49fc33cf63afd27e69a8ad1f60106e3ee1df53,47765930,47701930,143105790,47765930,64000,192000,64000,64000,65768822,17,,,1479710
A0,mixed_realistic_game_data,os_cache_warm,64000,320000,56a58280a537c8413a9add6a5c49fc33cf63afd27e69a8ad1f60106e3ee1df53,47765930,95403860,286211580,47765930,64000,192000,64000,64000,0,17,,,2248222
C-directory,mixed_realistic_game_data,os_cache_warm,64000,320000,56a58280a537c8413a9add6a5c49fc33cf63afd27e69a8ad1f60106e3ee1df53,47765930,47701930,143105790,47765930,64000,192000,64000,64000,15208716,18,,,1492427
C-structural,mixed_realistic_game_data,os_cache_warm,64000,320000,56a58280a537c8413a9add6a5c49fc33cf63afd27e69a8ad1f60106e3ee1df53,47765930,47701930,143105790,47765930,64000,192000,64000,64000,65768822,18,,,1747015
A0,mixed_realistic_game_data,os_cache_warm,64000,320000,56a58280a537c8413a9add6a5c49fc33cf63afd27e69a8ad1f60106e3ee1df53,47765930,95403860,286211580,47765930,64000,192000,64000,64000,0,18,,,2475186
A1,mixed_realistic_game_data,os_cache_warm,64000,320000,56a58280a537c8413a9add6a5c49fc33cf63afd27e69a8ad1f60106e3ee1df53,47765930,47701930,143105790,47765930,64000,192000,64000,64000,0,18,151,333,1123740
C-structural,mixed_realistic_game_data,os_cache_warm,64000,320000,56a58280a537c8413a9add6a5c49fc33cf63afd27e69a8ad1f60106e3ee1df53,47765930,47701930,143105790,47765930,64000,192000,64000,64000,65768822,19,,,2014416
A0,mixed_realistic_game_data,os_cache_warm,64000,320000,56a58280a537c8413a9add6a5c49fc33cf63afd27e69a8ad1f60106e3ee1df53,47765930,95403860,286211580,47765930,64000,192000,64000,64000,0,19,,,2376676
A1,mixed_realistic_game_data,os_cache_warm,64000,320000,56a58280a537c8413a9add6a5c49fc33cf63afd27e69a8ad1f60106e3ee1df53,47765930,47701930,143105790,47765930,64000,192000,64000,64000,0,19,176,385,1522830
C-directory,mixed_realistic_game_data,os_cache_warm,64000,320000,56a58280a537c8413a9add6a5c49fc33cf63afd27e69a8ad1f60106e3ee1df53,47765930,47701930,143105790,47765930,64000,192000,64000,64000,15208716,19,,,1434440
